pub_ieee,pub_mdpi,title_to_abstract_ratio,text_richness,title_length,abstract_length,abstract_word_count,title_word_count,concept_count,tf_abstract,keyword_count,tf_data,tf_based,tf_analysis,tf_model,tf_learning,tf_paper,pub_springer,tf_research,tf_artificial,tf_study,tf_machine,pub_elsevier,tf_human,tf_results,tf_intelligence,tf_models,tf_performance,tf_provide,tf_methods,tf_accuracy,pub_nature,tf_applications,tf_detection,tf_future,tf_challenges,tf_time,tf_review,tf_propose,tf_including,tf_proposed,tf_finally,tf_information,tf_techniques,tf_existing,tf_potential,tf_method,tf_deep,cn_medicine,tf_design,tf_real,tf_development,tf_systems,tf_survey,tf_recent,tf_education,tf_approaches,tf_significant,tf_image,paper_age,tf_network,recency_score,tf_approach,tf_datasets,tf_scale,tf_technology,tf_neural,tf_article,tf_field,tf_framework,tf_processing,tf_comprehensive,tf_process,tf_application,tf_tasks,tf_attention,tf_algorithms,tf_prediction,tf_improve,tf_training,oa_category
0,0,0.0845,0.3167,65,769,120,9,22,0,16,0,0.01230780808846855,0,0,0.0254599603114425,0,0,0,0,0,0,0,0.02904847281855533,0.0200963547494096,0,0,0,0,0.03566138847966476,0,0,0,0,0,0,0,0,0,0,0,0,0,0,0,0,0,0,0,0,0,0,0.05393656033040169,0,0,0,0,0,0,3,0,0.3333,0,0,0.07549459321291954,0,0,0,0,0,0,0,0,0,0,0,0,0,0,0.03294943408247911,partially_open
0,0,0.0506,0.1685,53,1047,178,8,16,0,14,0,0,0,0.02711457385894549,0.00946986328657312,0,0,0,0,0,0,0,0.02160922977965701,0,0,0.01328240402313847,0,0,0,0,0,0,0,0,0,0.02031717395027432,0,0,0,0,0,0,0,0,0,0,0.01710272857377773,0,0,0,0,0,0,0,0,0,0,0,2,0.02031717395027432,0.6667,0,0,0,0,0,0,0,0,0,0,0,0,0,0,0,0,0,0.04902232875685916,partially_open
0,0,0.0854,0.1509,88,1031,159,12,14,0,10,0,0.01597396368928897,0,0,0,0.02716049993959088,0,0,0,0,0,0,0,0,0,0,0,0,0,0.05428739699871034,0,0,0.03994292250190854,0,0,0.01772349216938824,0,0.02264501899862348,0,0.03456492660093933,0,0,0,0.01857266529084739,0,0,0.01491940152180611,0,0,0.02154205698293368,0,0,0,0.01635231117930291,0,0,0,0.02046966656674256,2,0,0.6667,0,0.01878820981361146,0,0,0.0178937085666908,0,0,0.02114653567185119,0,0,0,0,0,0,0,0,0,0.02138207956416197,partially_open
0,0,0.0383,0.0549,118,3084,401,13,13,0,9,0,0,0,0,0,0,0,0.00337925438813289,0,0,0,0,0.02568053394104167,0,0,0,0,0.00530919408862443,0,0,0,0,0,0,0,0,0,0,0,0,0,0.01188331246317977,0,0,0,0,0.00508124544583251,0,0,0,0,0,0,0,0,0,0,0,3,0,0.3333,0,0,0,0,0,0,0,0.0288083239587538,0.00753420848434723,0,0,0,0.00679005330418436,0,0,0,0,0,partially_open
0,0,0.0608,0.133,86,1414,203,12,17,0,10,0,0.00715025041330077,0,0,0.00739551228094282,0,0,0,0,0,0,0,0,0.0116750251401332,0,0,0,0,0.01035878427266452,0,0,0.01197163833729287,0,0,0,0,0,0,0,0.01547191952613475,0,0,0,0,0,0,0,0,0,0.03857054012182412,0.01559355348498701,0,0,0,0,0,0,0,2,0.01586674537069042,0.6667,0.05227032389748761,0,0,0,0.03203825914797973,0,0,0,0,0,0,0,0,0,0.03461099575642562,0,0,0,partially_open
0,0,0.0968,0.2821,85,878,117,10,18,0,15,0,0,0,0.02744932168436457,0.00958677517899995,0,0,0,0,0,0.01819794167194935,0,0,0.01513429184832081,0,0.01344638431972042,0,0,0,0,0,0,0,0,0,0,0,0,0.01852572231508664,0,0,0.02024564345578776,0,0,0,0,0,1,0,0,0,0,0,0.01897675618338857,0,0,0,0,3,0,0.3333,0,0,0.05685395291343323,0,0,0,0,0,0,0,0,0,0,0,0,0.0547261085618023,0,0,partially_open
0,0,0.0448,0.3069,32,714,101,4,18,0.03132595410325094,13,0,0.01137539838479669,0,0,0,0,0,0.01413142744128301,0,0,0,0,0,0,0,0.03300476151204105,0,0,0,0,0,0,0,0,0,0,0,0,0,0,0,0,0,0,0,0,0,1,0.02649545423890315,0,0,0.02492522863753411,0,0,0,0,0,0,2,0,0.6667,0,0,0,0,0,0,0,0,0,0,0,0,0,0,0,0,0,0,partially_open
0,0,0.0433,0.153,60,1386,183,8,15,0,13,0,0,0,0,0,0,0,0,0,0,0,0,0,0,0,0,0,0,0.01783069423983238,0,0,0,0,0,0,0.05462322176795065,0,0,0,0,0,0,0,0,0,0.0146212401604826,0,0,0,0.06639191332445135,0,0,0,0.01259932172831536,0,0,0,0,3,0,0.3333,0,0.01447616165966784,0,0,0.01378695578089291,0,0.02779574772930347,0,0,0,0,0,0,0,0,0,0,0.03294943408247911,partially_open
0,0,0.1082,0.4762,63,582,84,7,23,0.03627215738271161,17,0.01480649246130752,0,0,0,0,0,0,0,0,0,0,0,0,0,0,0,0.02159651713533079,0,0.01908197102859254,0,0,0,0,0,0,0,0,0,0,0,0,0,0,0,0,0,0,0,0,0,0,0,0,0,0,0,0,0,4,0,0,0,0,0,0,0,0.06541509340571544,0,0,0,0,0,0,0,0,0.03187854872302359,0,0,0,partially_open
0,0,0.0597,0.2303,67,1123,165,9,23,0,15,0,0,0,0,0.03269594903153668,0.01343729997011338,0,0.00981762327499662,0,0,0.01551613974134629,0,0.01865217728349342,0,0,0,0.01295791028119847,0,0.03434754785146659,0,0,0.02646362158770002,0,0,0,0,0,0,0,0.01710054263414893,0.01909479029658289,0,0,0.01837716355094373,0,0,0,0,0,0.02131529848837648,0,0,0,0,0,0,0,0,2,0,0.6667,0,0,0,0,0,0,0,0,0,0,0,0.02147600872133215,0.01972689170478826,0,0,0,0,0,partially_open
0,0,0.0661,0.1171,103,1558,222,16,15,0,11,0,0.00517776754066608,0,0,0,0,0,0,0,0,0,0,0,0,0,0,0,0,0,0,0,0,0,0,0,0,0,0,0.01034885177601391,0,0,0,0,0.01204021060234245,0,0,0,0,0,0,0,0,0,0.01060080862658258,0,0,0,0,2,0,0.6667,0,0,0.01587989719306238,0,0,0,0,0,0,0,0,0,0,0,0,0,0,0,fully_open
0,0,0.0947,0.0989,188,1986,263,24,14,0,12,0,0,0,0,0.00488382886477356,0.00802857545384133,0,0.02346350216665859,0,0,0,1,0.02228876530731919,0,0,0,0,0,0,0.01069814532050057,0,0,0,0,0.01694432261593219,0,0,0,0,0,0,0.02062763672853848,0,0,0.00931198138736561,0,0,0,0,0,0,0.01034632132124057,0,0,0.01608476316114991,0,0.01203727737863058,0,3,0,0.3333,0,0.01110749510993382,0,0.02473097932544444,0,0.02345069386242629,0,0,0,0,0,0,0.01178650762235777,0,0,0,0,0.0126409778555423,partially_open
0,0,0.0388,0.1771,54,1391,192,7,20,0,14,0.01520666793323475,0.01352750078192039,0,0,0.01399150972070263,0,0,0.01680494074098521,0,0,0.01327957905790898,0,0,0,0,0.00981222639547166,0.01109010339381851,0.01320123935549859,0.00979884998765563,0,0,0,0,0.01208397293222666,0.01213579863032981,0,0,0,0,0,0,0,0,0,0,0,0.0252688962711671,0,0,0.01824282303059249,0.02950131740402948,0,0.07097984424218799,0.01384790316085112,0,0,0,0,4,0,0,0,0,0,0,0,0,0,0,0,0.01593711695728437,0,0,0.03376675156675469,0,0,0,0,0,closed
0,0,0.0691,0.1921,71,1027,151,9,15,0,14,0,0,0,0,0,0,0,0,0,0,0,0,0,0,0,0,0,0,0,0,0,0,0,0,0,0,0,0,0,0,0,0,0,0,0,0,0,0,0,0,0,0,0,0,0,0,0,0,4,0.05811656734613353,0,0,0,0,0,0.09779119798075207,0,0,0,0,0,0,0,0,0,0,0,0,0.02337111022129332,partially_open
0,0,0.0654,0.1529,103,1575,255,14,24,0,15,0.0063937126537464296,0.02275079676959338,0,0.04210975485669565,0.02353117543936352,0,0,0.0070657137206415,0,0,0,0,0,0,0,0.02475357113403078,0,0,0.00823994203507405,0,0,0,0,0,0,0,0.00994730226803256,0,0.0113680568751668,0,0,0.01242346302968794,0,0.03967796675771944,0,0,0,1,0,0,0,0,0.02984379814728359,0,0,0,0,0,4,0,0,0,0,0,0,0,0.02824742669792258,0.01284500463248115,0.01505889661480312,0.03150669002545206,0,0,0,0.0141973841814764,0,0,0.01679096512691661,0,0,partially_open
0,0,0.1891,0.2195,104,550,82,14,9,0,9,0,0,0,0.02179799074934833,0,0,0,0,0,0,0,0,0,0.02403681646498011,0,0.04271204430970018,0.04827456771426883,0,0,0,0,0,0,0,0,0,0,0,0,0,0,0,0,0,0.05806294276827968,0,0,1,0,0,0,0,0,0,0.10029322912246416,0,0,0,3,0,0.3333,0,0,0,0,0,0,0,0,0,0,0,0,0,0,0,0,0,0.03941010743198481,fully_open
0,0,0.0255,0.1389,47,1843,252,6,20,0.01253038164130037,15,0,0.00455015935391867,0,0.02695024310828521,0,0,0,0.0056525709765132,0,0,0,0,0.03221739712603409,0,0,0.02640380920963284,0,0,0,0.0206182437086011,1,0.01523663061110001,0,0,0,0,0,0.0129007987022461,0.01818889100026688,0,0,0,0,0.01058079113539185,0.00897336388237049,0.01081085636108411,0,1,0,0,0.00992317039953718,0,0,0,0,0,0,0,3,0,0.3333,0.01108764446310343,0.01070358619684531,0.01395506116966088,0,0,0,0,0.01204711729184249,0,0,0,0,0,0,0,0,0.01222670394400232,0,partially_open
1,0,0.0413,0.0588,38,919,136,7,4,0,4,0,0,0,0,0.01049363229052697,0,0,0.0126037055557389,0,0,0,0,0,0,0,0,0,0,0.01469827498148345,0,0,0,0.1775840743665934,0,0,0.02251362518814182,0,0,0.0202781555070543,0,0,0,0.02351508427130022,0,0,0,0.01895167220337533,0,0.02363108080767037,0,0,0,0.0266174415908205,0.04154370948255336,0,0,0,0,3,0,0.3333,0,0.02386610435783077,0,0,0,0.05038730167737541,0.04582542193209492,0,0,0,0,0,0,0.02859602062231658,0,0,0,0,closed
0,0,0.0341,0.0547,84,2463,329,10,11,0,7,0.00403813430762932,0,0,0,0,0,0,0.00446255603408937,0.01244130779788361,0,0,0,0.03391304960635168,0.00586544325222002,0.01285392221683678,0,0.00588995921872658,0.00701118453808776,0.00520417391688887,0.0081387804112899,0,0.00601445945175,0,0,0.01289065691834076,0.01594266281265545,0.01256501339119902,0,0.01435965078968438,0,0,0,0,0,0.02833693857590683,0,0,1,0,0,0,0.0078711248329055,0,0,0.01223673369675998,0,0,0,3,0,0.3333,0,0.0084501996290884,0,0,0,0.00892024000987028,0,0,0,0.01692842088285708,0,0.00976182214606007,0.00896676895672193,0,0,0,0.01930532201684577,0,fully_open
0,0,0.2353,0.5263,84,357,57,13,23,0,7,0.04441947738392257,0,0,0.0292551981109675,0.02043496814471043,0,0,0,0,0,0.03879034935336572,0,0,0,0,0.02866202973414091,0,0,0,0,1,0,0,0,0,0,0,0,0,0,0,0,0,0.04594290887735934,0,0,0,1,0,0,0,0,0,0,0,0,0,0,4,0,0,0,0,0,0,0,0,0,0,0,0,0,0,0,0,0.04781782308453539,0,0,0,partially_open
0,1,0.1462,0.2316,99,677,95,15,12,0,10,0,0,0.02213142181344379,0.01659250042114575,0,0,0,0.01392051061380118,0,0,0,0,0,0,0,0,0,0.02187070997702005,0,0,0,0.01876152276739927,0.05603932410715526,0.02001971635040536,0,0.04973158996783566,0.01959767014000444,0,0,0,0.02707470265933395,0,0,0,0.02209858269539003,0,0,0,0,0.06044636884763481,0.02443765844662143,0.02455321029966047,0,0,0,0,0,0,3,0.02486579498391783,0.3333,0,0,0,0,0,0,0,0,0,0.05280656663458404,0,0,0,0,0,0,0,0.02999873849300336,fully_open
0,0,0.0231,0.1241,21,909,137,2,9,0,8,0,0,0,0,0.07765287894989964,0.0182363356737253,0,0.05329566920712452,0,0.01935422420086456,0,0,0,0,0,0,0,0,0,0,0,0,0,0,0,0,0,0,0,0,0,0.02342710171312584,0,0,0,0.02548273285112683,0,0,0,0,0,0,0,0,0,0,0,0,3,0,0.3333,0,0,0,0,0,0,0,0,0,0,0.02976356518681964,0,0,0,0,0,0.02882008786800547,0,fully_open
0,0,0.0728,0.086,141,1937,279,17,13,0,11,0,0,0,0,0,0.00792884159727187,0,0.01158601504502707,0,0.00841488008733241,0,1,0,0,0,0,0,0,0,0,0,0,0,0.00833118630731154,0.00836691706811558,0,0,0,0,0,0,0,0,0,0.02758891379983475,0,0,0,0,0.01257735003972525,0.01016970879455674,0,0,0,0.01588495243865115,0,0,0,4,0,0,0.01136311389075817,0,0.01430177076393817,0.01221188109548343,0,0,0,0,0,0,0,0.01267217905917114,0,0,0,0,0,0,partially_open
0,0,0.1044,0.0964,126,1207,166,16,9,0,7,0,0,0,0.06413639585865953,0.02239986892785566,0,0,0,0.01250112177768113,0.01302688167365884,0.0425201906373432,0,0,0,0.01291571991980234,0.02094532942110297,0.02367310532142029,0.01408978431211869,0.03137516390278198,0,0,0,0,0,0,0,0,0,0,0,0,0,0,0,0,0,0,0,0,0,0.01574349149926573,0,0,0,0,0,0,0,2,0,0.6667,0,0,0,0,0,0.01792625155829702,0.01630327511045684,0,0,0,0,0,0,0,0,0.14918126708914378,0,0,partially_open
0,0,0.0682,0.1683,98,1438,202,13,19,0.01694682762962755,15,0.00691778746143056,0.00615390404423427,0,0.00911227482144889,0.01272998015572125,0,1,0.00764487058298917,0,0.02220976547640196,0.01208223996252375,0,0,0,0,0,0,0,0,0,0,0.01030345922471927,0,0,0,0,0.02152530982590652,0,0,0,0,0,0.0285264956733806,0,0,0.0146212401604826,0,1,0,0,0,0,0,0,0,0,0,0,4,0.02731161088397532,0,0,0,0,0,0.09650869046625042,0.01528139477100729,0,0.01629323240290174,0,0.01450016378900463,0,0,0,0,0,0,0,0,partially_open
0,0,0.0484,0.188,49,1012,133,7,14,0,11,0,0.00816061188474545,0,0,0.00844053032064126,0,1,0.01013776316439868,0,0,0,0,0.01926040045578125,0,0,0,0,0.01592758226587329,0,0,0,0,0.02040562345206197,0.01457957603779521,0,0,0.01427221629761193,0,0.01631069029915237,0,0,0,0,0,0,0,0,1,0,0,0,0,0.04281936255914601,0,0,0,0,0.06274397795458045,4,0,0,0.0198854493088268,0,0,0,0,0,0,0,0,0.01922847806802788,0.02264619090301494,0,0.04074031982510619,0.23001147022298124,0,0,0,0,fully_open
0,0,0.0729,0.2091,58,796,110,8,12,0,11,0,0,0,0,0,0,1,0.01554457018541131,0,0,0,0,0,0,0,0,0.02051669127856425,0,0,0,0,0,0.03128862262649502,0,0,0,0,0,0,0,0,0,0,0,0,0,0,0,0,0,0,0,0,0.02561862084757457,0,0,0.03189878505337104,0,4,0.02776680439870824,0,0,0,0,0,0,0,0,0,0,0,0,0,0.03123424519924808,0.03526842543419045,0,0,0,0,fully_open
0,0,0.0378,0.1508,49,1297,199,6,16,0,14,0.00897840500313328,0,0,0,0.00826094456913825,0,0,0.01984413215158892,0,0,0.01568120505774359,0,0,0,0,0.01158677797763143,0,0,0.01157098243223165,0,0,0.01337257473846544,0,0,0,0,0.04190565636320099,0,0,0,0,0,0,0,0,0.01897650318700934,0,0,0,0,0,0,0,0,0,0,0,0,3,0,0.3333,0,0,0.02449558609568133,0,0,0.05949989878924117,0.01803766607965438,0,0,0,0,0,0,0,0.01933060933204622,0,0,0,partially_open
0,0,0.0821,0.1229,107,1303,179,13,12,0,10,0.03701623115326881,0.01317151391923827,0.07804238218424916,0,0,0,0,0,0,0.01188417275491683,0,0,0,0,0,0,0,0,0,0,0,0,0,0,0,0,0,0,0,0,0,0,0,0,0,0,0,1,0.0153394735067334,0,0,0,0,0,0,0,0,0,2,0,0.6667,0,0,0,0,0,0,0,0,0.07296286111157319,0.01551771914261899,0,0,0,0,0,0,0,0,fully_open
0,0,0.0652,0.044,173,2653,386,24,9,0,8,0.02240628505206714,0,0,0.01475704683473582,0.0034359680951283,0,0,0,0,0.00599467121265716,0,0,0,0.00542423734386719,0,0.014457838007487,0.0272345459449968,0.00648379455070948,0.00481270950721139,0,0,0.00556204436024668,0,0,0,0,0,0,0,0,0,0.02902472778617361,0,0,0.0065513497371289,0,0,1,0,0,0,0,0,0,0.02263254285506934,0,0.01693740799294037,0,3,0,0.3333,0,0,0,0,0,0,0,0,0.01840213753698969,0,0,0,0.00829227748652604,0,0,0,0,0,fully_open
0,0,0.039,0.1161,65,1668,224,10,14,0.01396968223523352,12,0,0,0,0.01502293957049682,0.01049363229052697,0,0,0,0,0,0,0,0,0,0,0.00735916979660374,0.00831757754536388,0,0.00734913749074172,0.01149327774297021,1,0,0,0,0.00910184897274736,0,0,0,0.01013907775352715,0,0,0,0,0,0,0.0120526439160735,0.01895167220337533,0,0.1299709444421871,0,0,0,0,0.01038592737063834,0,0,0,0.01300100444103919,3,0.01125681259407091,0.3333,0,0,0,0,0,0,0,0.01343090779158116,0,0,0,0,0.012662531837533,0,0,0.01497572565373644,0,0,partially_open
0,0,0.0423,0.1849,76,1798,238,8,24,0.01308552513173773,20,0,0,0,0,0,0,0,0.00590300133623214,0,0.00857465629152227,0,0,0.01121491672108781,0,0,0,0,0,0.00688400220651756,0,1,0,0,0,0,0,0,0,0,0,0,0,0,0,0,0,0,1,0,0,0,0,0,0,0,0.01148104479857832,0,0,4,0,0,0,0.01117779571189542,0,0,0,0,0,0,0,0,0,0,0,0,0,0,0.01276839335924293,0,partially_open
0,0,0.0709,0.1297,91,1284,185,11,12,0,12,0.05849297516892775,0,0.01468124021287855,0,0,0,0,0,0,0.01341381875307445,0,0,0,0,0,0,0,0,0,0,0,0.02489152525575745,0,0,0,0,0,0,0,0,0,0,0,0,0,0,0,0,0,0,0,0,0,0,0,0,0,0,3,0,0.3333,0,0,0,0.01946646392448349,0,0,0,0,0.02058853011564193,0,0,0,0,0,0,0,0,0,fully_open
0,0,0.1164,0.2333,49,421,60,6,8,0,6,0,0,0,0.058510396221935,0,0,0,0,0,0,0,0,0,0,0,0.05732405946828182,0,0,0,0,0,0,0,0,0,0,0,0,0,0,0,0.04315518736628444,0,0,0,0,0,0,0,0,0,0,0,0,0,0,0,0,3,0,0.3333,0,0.04647609795998624,0.06059434455247489,0,0,0,0,0,0,0,0,0,0,0,0,0,0,0,partially_open
0,0,0.0822,0.213,137,1667,230,15,28,0.0155452103068764,21,0,0.0112898690736328,0.01114891174060702,0,0,0.00959807140722384,1,0,0,0,0,0,0,0.02765137533189441,0,0,0,0.01101757570270934,0,0,0,0,0,0.01008512026674556,0,0,0.01974502104331275,0,0,0,0,0,0,0,0,0,0,0,0,0,0,0,0,0,0,0.01363913592613063,0,0,3,0,0.3333,0,0,0,0,0,0,0,0,0,0,0,0.01534000622952296,0,0,0,0,0,0,partially_open
0,0,0.07,0.2462,68,972,130,8,16,0,16,0,0.02530706606954769,0,0,0.02617512773592122,0,0,0,0,0,0,0,0,0,0,0,0.01383147726644781,0,0,0.01911241692089427,0,0,0,0,0.01513565896591695,0,0,0,0,0,0,0,0,0,0,0.02004259887167278,0.04727271043988003,1,0.05894494313823397,0,0,0,0,0,0,0.02038207953006039,0,0,4,0,0,0,0,0,0,0,0,0,0,0,0,0,0.02292382953400623,0,0,0,0.02490345389610105,0,0,partially_open
0,0,0.0662,0.1361,97,1466,191,14,14,0,12,0.01383557492286113,0.00615390404423427,0.08507899041397657,0.04556137410724447,0,0.03139041386460913,0,0.03057948233195669,0,0.01110488273820098,0,0,0,0,0,0,0,0,0,0,0,0,0,0,0,0,0,0,0.01229986481575424,0.01331599631347662,0,0,0,0,0,0,0,0,0,0,0.01342068127806259,0,0,0,0,0.04460668225021413,0,0,3,0,0.3333,0,0,0,0,0,0,0,0,0,0.01450016378900463,0.0683098217402418,0.03344624309059926,0,0,0,0,0,0,fully_open
0,0,0.0565,0.2053,63,1116,151,7,17,0.02199481883845278,14,0,0.00798698184464448,0,0,0,0,0,0,0,0.02882544029915999,0,0,0,0.013041251486319,0,0.01158677797763143,0,0.01558869753681216,0,0,0,0,0,0,0,0.01772349216938824,0,0.02264501899862348,0,0,0,0,0,0,0,0.01897650318700934,0,0,0,0,0,0,0,0,0,0,0,0,2,0,0.6667,0,0,0,0,0,0,0,0.02114653567185119,0,0,0,0.02170447689921866,0,0,0,0,0,0,partially_open
0,0,0.0473,0.1046,78,1649,239,9,15,0.01627962969145324,10,0,0.00591162435745339,0.02335126396064148,0.00875352384422649,0.01834319975194479,0.01005152359969111,1,0.01468778285235715,0.02047427818706831,0.01066768263039779,0.01160656122384171,0,0,0,0.02115330506550304,0.077184363536033,0,0,0.00856434920180925,0.0133937409918078,0,0,0,0,0,0,0.01033892834157715,0,0,0,0,0,0,0,0,0,0.01104270663818719,0,0,0,0.02578461599879742,0,0,0.01210328543979901,0,0,0,0,3,0,0.3333,0,0,0,0,0,0,0.01335071347627962,0,0,0.02785858239777268,0.03281022933980118,0.01606473093327995,0,0,0,0.01745202674608656,0,0,partially_open
0,0,0.132,0.3235,94,712,102,13,18,0,15,0,0.01104082784406737,0,0.0326969861240225,0,0,0,0.01371579722242175,0.03823872543761289,0,0,0,0,0.01802761234873508,0,0,0,0,0,0,0,0,0.0552152163996971,0,0,0,0,0,0,0,0,0,0,0,0,0.02623222499380702,0,1,0,0,0,0,0,0,0,0,0,0,2,0.04900024305654396,0.6667,0,0.02597193709528643,0,0,0.04947084133143929,0,0,0,0,0,0,0,0,0,0,0,0,0,fully_open
1,0,0.0717,0.1975,80,1116,157,9,19,0,12,0,0,0,0.0112292679617855,0.01568745029290902,0,0,0,0,0,0,0,0,0,0,0,0.012434358350645,0,0,0,0,0,0,0,0,0,0,0.02150133117041018,0.01515740916688907,0,0,0.01656461737291726,0,0,0.01495560647061749,0,0,0,0,0,0,0,0,0,0,0,0.01933259700204305,0,4,0,0,0,0,0.04651687056553628,0,0,0,0,0,0.06301338005090412,0,0,0,0.09464922787650935,0,0,0.04477590700511098,0,0.0609065296676129,partially_open
0,0,0.0882,0.2409,93,1054,137,10,19,0,14,0.03553558190713806,0,0,0,0.00817398725788417,0,0,0,0,0,0,0,0,0,0,0.02292962378731273,0,0,0,0.01790531690483779,1,0,0,0,0,0.01753692909392099,0,0,0,0,0,0.01726207494651378,0,0.01837716355094373,0,0.03755350104376585,0.01476235518999762,0,0,0,0,0,0,0,0,0,0,0,4,0.01753692909392099,0,0.01925748775170596,0,0,0,0.07082141495869203,0,0,0,0,0,0,0,0,0,0,0,0,0.04231401008486791,fully_open
0,0,0.048,0.119,83,1729,252,12,17,0,13,0,0,0,0.02488875063171862,0.01158998193282084,0,0,0.00696025530690059,0.01940472634147519,0,0,0,0,0,0.02004828166655885,0,0,0,0.00811695782559533,0,0,0.00938076138369963,0,0.01000985817520268,0,0,0.02939650521000666,0,0,0,0,0,0,0,0,0,0,1,0,0,0,0,0,0,0.13359956267432724,0,0,0,3,0,0.3333,0,0,0,0,0,0.02782582331437149,0,0,0,0,0,0,0,0,0,0,0,0,fully_open
0,0,0.0741,0.3951,43,580,81,4,17,0,15,0,0,0,0,0.01522605469605875,0,0,0,0,0,0.02890261324368426,0,0,0,0,0,0,0,0,0,0,0,0,0,0,0,0.02574595881137839,0,0,0,0,0,0,0,0,0,0,0,0,0,0,0.03225617823680885,0,0,0,0,0,0,4,0,0,0,0,0.09029745462721749,0,0,0,0,0,0,0,0,0,0,0,0.0356289662198499,0,0,0,partially_open
1,0,0.0224,0.0929,36,1607,226,6,13,0,8,0.01180377720691648,0.0157505516097185,0,0.02332232576678528,0.00543027125523773,0,0,0.00652219728059216,0,0,0,0,0,0.00857257090709081,0,0.0837813176844119,0,0.01024711586335904,0,0,0,0,0,0.00937986710123887,0,0,0.00918212517049159,0,0.01049359096169243,0,0.01268535019703059,0,0,0,0,0,0.01961431808461223,0,0,0,0,0,0.02754812136672331,0.01074907168429702,0,0,0,0,3,0,0.3333,0,0,0,0,0,0,0.01185692735305952,0,0,0.01237076910670325,0.01456957736417744,0,0,0,0,0,0,0,closed
0,0,0.045,0.0974,64,1421,195,7,12,0,7,0.01406616783824214,0,0,0,0,0,0,0,0.03250291662197096,0,0,0,0,0.01021564699761654,0.03358087179148609,0.03630523766324515,0,0,0,0,1,0.03142555063539378,0,0,0.01122561373305507,0,0.01094203249483581,0.01773859821558839,0.01250486256268348,0,0,0,0,0,0.02467675067651886,0,0,0,0,0,0.01364435929936363,0,0,0,0,0,0,0.01603457214394834,3,0,0.3333,0,0.05886972408264924,0,0,0,0,0,0,0,0,0,0,0.01561712259962404,0,0,0,0,0.0334985913171871,partially_open
0,0,0.1053,0.1626,147,1396,203,20,20,0,13,0.00680621024431071,0,0,0,0.0375739736854353,0.01029470562226428,0,0,0.01048481181353901,0.02185154345258902,0,0,0,0,0.01083253928757615,0,0,0.01181723845532535,0,0,0,0,0,0,0,0,0,0,0,0,0,0.01322497677353878,0,0.0281585570538654,0.02388072646114729,0,0,1,0,0,0,0,0,0.01239610686172963,0.06187445183764925,0,0,0,3,0,0.3333,0,0,0,0.01585574884171639,0,0,0.01367371460877025,0,0,0,0,0,0.03022668890249814,0,0,0,0.01626940444161599,0.01620899579863891,fully_open
0,0,0.0669,0.18,94,1405,200,18,20,0.01914363861865335,16,0,0,0,0,0,0,0,0.00863587232522851,0.03611435180218995,0.08781083202244107,0,0,0,0,0.03731207976831787,0,0,0.01356794044870688,0,0,0,0.01163909282792362,0,0,0,0,0,0,0.01389429173631498,0,0,0,0,0,0,0,0,0,0,0,0,0,0,0.01423256713754143,0.07104103729507877,0,0,0,3,0,0.3333,0,0,0,0,0,0,0,0,0,0,0,0,0,0.01959356968566136,0,0,0,0,fully_open
1,0,0.036,0.0765,47,1305,183,5,7,0,7,0,0,0,0.01001529304699788,0,0,0,0,0,0,0,0,0.03192715030507884,0,0,0.01962445279094332,0.01109010339381851,0,0,0.01532437032396027,0,0,0,0,0,0,0,0,0,0,0,0,0,0,0,0,0,0,0,0,0,0,0,0,0,0,0,0.10400803552831356,4,0,0,0.01648163366136996,0,0,0,0,0,0,0,0,0,0.01876981588357995,0,0.01688337578337734,0,0,0,0,0,partially_open
0,0,0.0554,0.0252,118,2129,318,16,4,0,4,0.01088993639089714,0,0,0.00717224211752751,0.00500986315805804,0.00823576449781142,0,0.02406901189999172,0.02516354835249364,0.02622185214310683,0.00950989209953482,1,0,0,0.02599809429018278,0.02108046057865847,0,0.00945379076426028,0.0280689638356071,0,0,0.00810981951881129,0,0.00865368384178812,0,0,0.00847125096374385,0,0,0.01048097774351063,0,0.01057998141883102,0.03367966908534613,0.01126342282154616,0,0,0,0,0,0,0,0,0.01270768179174656,0.0099168854893837,0,0,0,0,3,0,0.3333,0,0.02278828029005777,0,0,0,0.012027936529438,0.0109389716870162,0,0,0.01141303214360364,0,0.01316271502275196,0.01209067556099926,0,0,0,0,0,partially_open
0,0,0.0713,0.3559,59,827,118,6,27,0,15,0.02679270064427076,0,0.02353659145239261,0,0,0,0,0,0,0,0,0,0.02812629907828373,0.03891675046711066,0,0,0,0,0,0,0,0,0,0,0,0.02644457561781737,0,0.03378780612493028,0,0,0,0.10412045205833707,0,0,0,0,0,0,0,0,0,0,0,0,0,0,0,0,4,0,0,0.05807813766387512,0,0,0,0,0,0.02691334303948431,0,0,0,0.03307062798535516,0,0,0,0.02884249646368801,0,0,0,partially_open
0,0,0.0535,0.0874,64,1196,183,8,8,0,8,0,0,0.01594414259678209,0,0,0,0,0.03008626487498965,0,0.01456769563505935,0,0,0,0.01318147999692458,0,0,0,0,0,0,0,0,0,0,0,0,0,0,0,0,0.01950543094812231,0,0,0,0,0.03836110321675007,0,0,0,0,0,0,0.02117946965291093,0,0,0,0,0,2,0,0.6667,0,0,0,0,0,0,0.01823161947836034,0,0,0,0.04480536694790053,0,0,0,0,0,0,0,fully_open
0,0,0.0299,0.1375,58,1938,269,6,21,0,16,0,0,0,0,0,0,0,0.01130514195302641,0,0.00821088299430617,0.00893353500259331,0,0,0,0,0,0,0.0088808337482445,0,0,0,0.00761831530555,0,0,0,0,0,0,0.01818889100026688,0,0,0,0,0,0,0,0,1,0,0,0,0,0,0,0,0,0,0,4,0,0,0.01108764446310343,0,0,0,0,0,0.01027600370598492,0,0,0,0,0,0,0,0,0,0,0,partially_open
1,0,0.0231,0.1264,46,1989,269,5,18,0,16,0.01525247114990112,0.00452274875540109,0,0,0,0,0,0,0,0,0,0,0,0,0,0,0.007415671546469,0,0.00655224306403479,0.03074105613179983,0,0,0,0,0,0,0,0,0,0,0,0,0,0.02103410285951392,0,0,0,0,0,0.01219851419515521,0,0.00991003066311597,0,0,0,0,0,0,4,0,0,0,0.01063910676192456,0,0,0,0.0112309045907403,0.01021410006920188,0.0119745442961085,0,0,0,0,0,0,0,0,0,0,closed
0,0,0.035,0.0355,73,2083,282,11,5,0.01325328827445231,5,0.01623019365951017,0,0,0.02137879861955317,0,0,0,0,0,0,0,0,0,0,0,0,0,0,0,0,0,0,0,0,0,0,0,0,0,0,0,0,0,0,0,0.01143455961268511,0,0,0,0,0,0,0,0,0,0,0,0,3,0,0.3333,0,0,0,0,0,0,0,0,0,0,0,0,0,0,0,0,0,0,fully_open
0,0,0.0902,0.1593,72,798,113,8,10,0,8,0,0,0,0,0,0,0,0.01351701755253158,0.01884227050549041,0,0,0,0,0,0,0,0.017840601111795,0,0,0,0,0,0,0,0,0,0,0,0.02174758706553649,0,0,0,0,0,0,0,0,1,0,0,0,0,0,0,0.03706488902351936,0,0,0,3,0,0.3333,0,0,0,0,0,0,0,0,0,0,0,0,0,0,0,0,0,0,fully_open
0,0,0.0398,0.1642,67,1685,268,10,24,0.01752129636283527,20,0.01430457746261913,0,0,0,0.01316150490676264,0,0,0.00790401873834473,0.02203587567591251,0.01148131944119084,0,0,0,0,0.02276669273999056,0,0,0,0,0,0,0,0,0.01136712708031491,0,0,0.02225498134542878,0,0.01271680938577981,0,0,0,0,0,0,0,0,1,0,0,0,0,0,0,0.06502061040566533,0,0,0,3,0,0.3333,0,0,0,0,0,0,0.01436898823294501,0,0,0,0,0,0,0,0,0,0,0,fully_open
0,0,0.0485,0.195,72,1485,200,9,21,0.01615244508448876,18,0.02637406469670403,0.01173087958432158,0,0,0,0,0,0,0.02031432288873184,0,0,0,0,0.00957716906026551,0.0209880448696788,0,0,0,0.01699488044734023,0.0265782047806186,1,0,0,0,0,0,0,0,0,0,0,0,0,0,0.01156722687961821,0.04180760858387995,0.01095643549257636,0,0,0,0,0,0,0,0,0,0,0,3,0,0.3333,0,0,0,0,0.01314069222866356,0,0,0,0,0,0,0,0,0,0,0.01731568278713276,0,0,partially_open
0,0,0.1111,0.2087,87,783,115,10,14,0,10,0,0,0,0,0,0,0,0,0.03823872543761289,0,0,0,0,0.01802761234873508,0.03950690798998363,0,0,0,0,0,0,0,0,0,0,0.02450012152827198,0,0,0,0,0,0,0,0,0,0,0,1,0,0.0297787258293495,0,0,0,0,0,0,0,0,3,0,0.3333,0,0,0,0.02891342435842401,0,0,0,0,0,0,0,0,0.05511925623396721,0,0,0,0,0,closed
0,0,0.075,0.046,42,560,87,6,2,0,2,0.02009452548320307,0,0,0,0,0,0,0,0.12382063475036556,0,0,0,0.0421894486174256,0,0.12792713063423272,0,0,0,0,0,0,0,0,0,0,0,0,0,0,0,0,0,0,0,0,0,0,0,0,0.04821317515228014,0,0,0,0,0,0,0,0,3,0,0.3333,0,0,0,0.04681221086601982,0,0.08877762676489953,0.04037001455922647,0,0,0,0,0,0.04462035028464012,0,0,0,0,0,partially_open
0,0,0.0648,0.1606,68,1049,137,9,13,0,9,0.01814989398482858,0,0,0,0,0,0,0.01002875495832988,0,0,0,0,0,0.01318147999692458,0,0.10540230289329236,0.01323657501842855,0.0315126358808676,0.01169540159816962,0,0,0.054065463458742,0,0,0,0,0.01411875160623976,0,0.01613530653249482,0,0,0,0,0,0.03184096861486305,0,0.01507982519408359,0,0.01880322558889901,0,0,0,0.08471787861164375,0,0,0,0,0.02068977050832043,3,0,0.3333,0,0,0,0,0,0,0,0,0.02235958646967565,0.01902172023933941,0,0,0,0,0,0,0,0,closed
1,0,0.0773,0.1656,85,1099,157,13,14,0,12,0,0,0,0.011702079244387001,0.01634797451576834,0.01343729997011338,0,0,0.01368543857767198,0,0,0,0.01865217728349342,0,0.01413931443852045,0.01146481189365636,0,0.01542460598379309,0,0,0,0,0,0.02823833674688756,0,0,0,0,0.01579561586865282,0,0.01909479029658289,0,0.01831701301132859,0,0.06234126486699503,0,0,1,0,0,0.05170494050285167,0,0,0,0,0,0,0,3,0,0.3333,0,0,0.02423773782098995,0,0,0,0,0,0,0,0,0,0.01972689170478826,0.02227479501106765,0,0,0,0,closed
0,0,0.0506,0.1771,66,1305,192,9,20,0,14,0.00811509682975508,0.00721900282112097,0,0,0,0,0,0,0,0,0,0,0,0,0,0,0.01183655266071014,0,0,0,0,0.01208675024438222,0,0,0,0,0,0,0,0,0,0,0,0,0,0,0,0,0,0,0,0,0,0,0,0.03488471304183413,0,0,4,0.1281544818401919,0,0,0,0,0,0,0.01792625155829702,0,0,0,0,0,0,0,0,0,0,0,0,partially_open
1,0,0.0525,0.1256,90,1715,223,11,16,0,12,0,0.01434604382286461,0,0.00708087597590296,0.00989208649043307,0,0,0,0,0.0086292719366912,0,0,0,0,0,0,0,0,0,0,0,0,0,0,0,0,0,0,0,0.01034746210346591,0,0.04178081834188049,0,0,0,0.0113617280227954,0,0,0,0,0,0,0,0,0,0,0,0.07353434359008156,4,0.02122303520920375,0,0,0,0,0,0,0,0,0.02532196628221671,0,0,0,0,0,0.0673918957341219,0.01157374061918691,0,0,0,closed
0,0,0.0609,0.1618,68,1117,173,11,15,0,13,0,0,0,0,0,0,0,0.01137407574542291,0,0,0,0,0,0,0,0,0,0,0,0,0,0.01532953689531404,0,0,0.01642772741422694,0,0.01601273048024753,0,0,0,0,0,0,0,0,0,0,0,0.02132560950936107,0.02469455312677763,0,0.04012353878237199,0,0,0,0,0,0,4,0,0,0,0,0,0,0,0,0,0.02424115064821966,0,0,0,0,0,0,0.02215947899039445,0,0,0,partially_open
0,0,0.0401,0.0693,77,1922,274,10,10,0,9,0.00570250047496303,0,0,0.03755734892624206,0.00524681614526348,0,0,0,0,0.01830804991973675,0,0,0,0.0082829570250945,0,0,0.00831757754536388,0,0.00734913749074172,0,0,0,0,0,0,0,0,0,0,0.01097669966381181,0,0,0,0,0,0,0.00947583610168766,1,0,0.01368211727294436,0,0,0,0,0,0,0.01293193988650177,0,3,0,0.3333,0,0,0,0,0.01136492300857389,0.01259682541934385,0,0,0,0,0,0,0,0,0,0,0,0,closed
1,0,0.0451,0.2025,51,1132,158,6,17,0,15,0,0.00915580845605587,0,0,0,0.03113520724782369,0,0.01137407574542291,0,0,0,0,0,0,0,0,0.04503663939197031,0.01786997034707736,0,0,0,0.01532953689531404,0,0,0,0,0.01601273048024753,0,0.01829979887221973,0,0.02212201314848018,0,0.02122092970824654,0,0.01805615903159917,0,0,0,0,0,0,0,0.02402061802098435,0.03749066465498718,0,0,0,0,4,0,0,0,0,0,0,0,0,0,0,0,0.04314682883557477,0,0,0,0,0.0443189579807889,0,0,0,fully_open
0,0,0.081,0.1011,102,1260,188,15,10,0,9,0,0.00676375039096019,0,0.04006117218799154,0.00699575486035131,0.01150039186631325,0,0,0,0,0.01327957905790898,0,0,0.01104394270012599,0,0.03924890558188665,0,0,0,0.01532437032396027,0,0,0,0,0,0,0,0,0,0.01463559955174908,0,0,0,0,0,0,0,0,0,0,0,0,0,0,0,0,0.0172425865153357,0,2,0,0.6667,0.01648163366136996,0,0,0,0,0,0,0.0358157541108831,0,0,0,0,0,0,0,0.0998381710249096,0.03634966037406095,0,fully_open
0,0,0.0482,0.0244,56,1162,164,9,2,0.02047042545360952,2,0,0.05203400053243636,0,0.01100690621996797,0.0076884038564257,0.01263904452634427,1,0.02770319438984195,0,0,0,0,0.05263238144352105,0,0.01329935516494498,0.01078373395937974,0,0,0,0,0,0.01244576262787872,0,0.01328040589581346,0.01333736285115455,0,0.01300043464732968,0,0,0,0.01796044631856806,0,0,0,0.01465945584743695,0,0,0,0,0,0,0,0.03900377579644984,0,0,0,0,0,2,0,0.6667,0,0,0,0,0,0,0.01678753080680705,0.01968093418964368,0,0.01751504932929272,0,0,0,0,0,0,0,0.0199001532577349,partially_open
0,0,0.1336,0.2872,89,666,94,9,15,0,12,0,0.01251293822327636,0,0,0.01294214649164993,0,0,0.01554457018541131,0,0,0.02456722125713162,0,0,0,0,0,0,0,0,0,1,0,0,0,0.02245122746611015,0,0,0,0,0,0,0,0,0,0,0,0.02337372905082957,0,0,0,0,0,0,0,0,0,0,0.03206914428789668,4,0,0,0,0,0,0,0,0,0,0,0,0,0,0,0,0,0.06056924257374483,0,0,0,partially_open
0,0,0.0427,0.1844,43,1008,141,7,16,0.02720411803703371,10,0,0,0,0,0,0.01679662496264173,0,0,0,0.01782625913237525,0,0,0,0.01612996894360507,0,0,0,0,0,0,0,0.01653976349231251,0,0,0,0,0,0,0,0,0,0,0,0,0,0,0,1,0,0,0,0,0,0,0,0.02386848787072861,0,0,3,0,0.3333,0.0481437193792649,0,0,0,0,0,0,0,0,0,0,0,0,0,0,0,0,0,partially_open
0,0,0.0283,0.0913,45,1590,208,6,10,0.01615244508448876,9,0.006593516174176,0,0,0,0.01213326233592181,0,0,0,0,0,0,0,0.01384341282759277,0,0,0.00850904007732308,0,0,0,0,1,0.02946145372068167,0,0,0,0,0,0,0,0,0,0.01281169624936569,0,0,0,0,0.02191287098515272,0,0,0,0,0,0,0,0,0.01417191467324511,0,0,3,0,0.3333,0,0,0.03597789207803197,0,0,0,0,0,0.01624563704437371,0,0,0,0,0,0,0.01731568278713276,0,0,partially_open
0,0,0.0247,0.321,13,526,81,2,16,0,10,0,0,0,0,0,0,1,0,0.0351382882399686,0,0,0,0.04789072545761826,0,0.03630364517998496,0,0,0,0,0,0,0,0,0,0,0.04502725037628364,0,0,0,0,0,0,0,0,0,0,0,1,0,0,0,0,0,0.04154370948255336,0,0,0,0,3,0,0.3333,0,0,0,0,0,0,0,0,0,0,0,0,0.05065012735013203,0,0,0,0,0,partially_open
0,0,0.0428,0.1918,62,1449,219,8,23,0,19,0.12984154927608138,0,0.01267354924359602,0.00950168827535696,0.02654799280338449,0.02182125636172259,0,0,0,0,0.05039430001462898,1,0,0,0,0.00930903529826798,0.01052138014285346,0,0.0185926897201671,0.0145385051791418,0,0,0,0,0,0,0.02244519486120167,0,0,0,0,0.01401621470016076,0.02974557668506353,0,0,0,0,0,0,0.01730729364440826,0,0,0,0,0,0,0.03271670261884209,0.01644571501943419,4,0,0,0.03127284335747122,0,0,0,0,0,0,0,0.10663802777845312,0,0.01780726122288354,0.01743778485920132,0,0,0,0.0189436529637008,0.03448557522667322,0.01717876477804466,fully_open
0,0,0.0794,0.0676,79,995,148,9,5,0,5,0.02344361306373691,0,0,0,0,0,0,0,0.01805717590109497,0,0,0,0.02461051169349826,0,0.01865603988415893,0,0,0,0,0,0,0.01745863924188543,0,0,0.01870935622175846,0,0,0,0,0,0,0,0,0,0,0,0,0,0,0,0.04548119766454545,0,0,0.02134885070631214,0,0,0,0,3,0,0.3333,0,0,0,0,0,0,0,0,0.02888113252333105,0,0,0.02833640039620214,0.02602853766604007,0.05878070905698409,0,0,0,0,partially_open
0,0,0.1318,0.1263,87,660,95,10,6,0,6,0,0.04766833608867185,0.14121954871435563,0,0.04930341520628548,0.02026259519302811,0,0,0.04127354491678851,0,0,1,0,0,0.04264237687807757,0,0,0,0.05179392136332263,0,0,0,0,0.0212908094520184,0,0,0,0,0,0,0,0,0.02762089263613042,0,0,0,0.0890427773364936,0,0,0,0,0,0.03126493139239233,0,0,0,0,0.1832522530736953,4,0,0,0,0,0,0,0,0,0,0.06310394771917499,0,0,0,0,0,0,0,0,0,0,partially_open
0,0,0.0458,0.1475,59,1288,183,8,16,0,11,0,0,0,0.01182656944911452,0.01652188913827651,0,0,0,0.02766205669954975,0,0.03136241011548718,0,0.01885060470140293,0,0.02857946535445624,0.02317355595526286,0,0.01558869753681216,0,0,0,0,0,0,0,0,0,0,0,0,0,0,0.09255937425937322,0.01857266529084739,0,0,0,1,0,0,0.01741833102046421,0.01750069244763033,0.04190831229193014,0,0,0.03859585272713563,0,0,4,0,0,0.01946235464268156,0,0,0,0,0,0,0,0,0,0.02216435705401462,0.02170447689921866,0,0,0,0,0,0,partially_open
0,0,0.0285,0.2,34,1194,170,4,21,0,13,0,0,0.03223489698914639,0.01208366878496483,0,0,0,0,0,0.01472604015283173,0,0,0,0.01332475695341289,0,0.01183866445540602,0.01338045083384625,0,0,0,1,0,0,0,0.02928420973840455,0,0,0,0,0,0,0,0,0,0,0.0193890358649878,0,0,0,0,0,0,0,0,0,0,0,0.08365863727277394,4,0,0,0,0,0,0,0,0,0,0,0.02260262545304169,0,0,0,0.10185079956276548,0,0.0592525199090982,0,0,0.04369381476154838,fully_open
0,0,0.0608,0.2913,57,938,127,6,21,0,16,0.01896561955718042,0.00843568868984923,0,0.01249098346310972,0.02617512773592122,0,0,0,0,0,0.03312434326804264,0,0,0,0,0,0,0,0,0.01911241692089427,0,0,0,0,0,0,0,0,0.016860488848562,0,0,0,0,0,0,0.02004259887167278,0,1,0,0,0,0.03696775483319666,0,0,0,0,0,0,3,0,0.3333,0,0,0,0,0,0,0,0,0,0,0,0,0,0,0,0.0498069077922021,0.04533496968000861,0,partially_open
0,0,0.021,0.0694,47,2242,317,8,12,0.01238031719050635,10,0.01010742599155124,0.00449566642752444,0.00887907342216008,0.00665687142644769,0,0,1,0.00558487551571664,0,0,0,0,0,0,0,0,0,0,0.01302601615125479,0,0,0.02258123398950451,0,0,0.0241989278077834,0.00997609738875745,0,0,0,0.00972785359427634,0,0,0,0.01045407507389015,0.00886589844665348,0,0.0083977469643699,0,0,0.0242509383999493,0,0,0.01179455495641147,0.00920429491529625,0,0.03258691757201271,0,0.0115218482471485,3,0.00997609738875745,0.3333,0,0,0,0,0.1410067094237431,0,0.03045881338001518,0,0,0.02118586805100078,0,0.01221689118878176,0,0,0,0.01327190057935924,0,0,partially_open
1,0,0.096,0.2037,80,833,108,10,11,0,11,0,0,0,0,0.05246816145263489,0.01725058779946988,0,0,0,0.01830804991973675,0.05975810576059044,0,0,0,0,0.01471833959320749,0.01663515509072777,0,0.01469827498148345,0,0,0.03397356825447976,0,0,0,0,0,0,0.0202781555070543,0,0,0,0.02351508427130022,0.02359230455864399,0,0,0,0,0,0,0.02212598805302211,0,0.0266174415908205,0.02077185474127668,0,0,0,0,4,0,0,0,0,0,0,0,0,0,0,0,0,0,0,0,0,0.0736652950221221,0,0,0,fully_open
0,0,0.1153,0.2586,94,815,116,13,19,0,11,0,0,0,0,0,0,0,0.01277635905650245,0,0,0,0,0,0,0,0.02983992136705081,0.01686303392758706,0,0,0,0,0,0,0.01837426021201588,0,0,0,0,0,0,0,0,0.02383720871337282,0,0,0,0,0,0,0,0,0,0.02698206407836598,0.02105640069663663,0,0.04969876926507875,0,0,3,0,0.3333,0,0,0,0,0,0.02553876934332726,0.02322658371900701,0,0.05697100114191331,0.02423315044189815,0,0,0.05134396471109274,0,0,0,0,0.05506617750770481,closed
0,0,0.0244,0.2426,24,984,136,3,19,0,14,0.02033662819986817,0,0,0,0,0,0,0,0.04699216861007849,0,0,0,0.02134887761363705,0,0.04855065801178711,0.01312237505900427,0,0,0,0,1,0.03028968735941569,0,0,0.03245960597509902,0,0.03163961203326019,0,0,0,0,0,0,0,0.0178386149468811,0,0,1,0,0,0.01972678452920043,0,0.02373121298458695,0,0,0,0,0,4,0,0,0,0,0,0.02368810670328714,0,0,0,0,0,0,0,0,0,0,0,0,0,0,partially_open
0,0,0.0547,0.1638,91,1665,232,11,21,0,17,0.01241132456315483,0,0,0,0,0,0,0,0,0,0,0,0,0.00901380617436754,0,0,0,0,0,0,0,0,0,0,0,0,0,0,0,0,0,0.01205806705822653,0,0.01283698924514452,0,0,0,1,0,0,0,0,0,0,0,0,0,0,4,0,0,0,0,0.01693077274260327,0,0,0,0,0,0,0,0,0,0,0,0.01336086233244371,0,0.01483386875559105,0,partially_open
0,0,0.0264,0.0723,45,1704,235,6,9,0,8,0.00620566228157741,0,0.01090297986397598,0,0,0,0,0.02057369583363263,0,0,0,1,0,0.00901380617436754,0,0,0,0,0,0,0,0,0.04141141229977283,0,0,0,0,0,0,0,0,0,0,0,0,0.01311611249690351,0,1,0,0,0,0,0,0,0,0,0,0.02829630378343824,4,0,0,0,0,0,0,0,0,0,0,0,0,0,0,0.0137798140584918,0,0.04008258699733114,0,0,0,partially_open
0,0,0.043,0.16,54,1255,175,8,16,0,12,0.00879135489890134,0.01564117277909545,0,0,0.00808884155728121,0,0,0.00971535636588207,0,0,0,0,0,0,0,0.0113453867697641,0,0.03052786600959049,0,0,0,0,0,0,0.02806403433263769,0,0.01367754061854477,0,0,0,0,0.08541130832910464,0.01812621079246058,0.01818573476395474,0,0,0,0,0,0,0.01705544912420454,0.11995266281813292,0.02051761122625746,0.0160116380297341,0,0,0,0,4,0.01735425274919265,0,0,0,0,0,0.03504184594310283,0.01942010585482177,0.05298564410898475,0,0,0.01842729148186005,0,0.02125230029715161,0.01952140324953005,0,0,0,0,0,closed
0,0,0.062,0.1088,98,1581,239,12,14,0.01680904854320782,12,0,0,0,0.00903819128631516,0,0.01037840241594123,1,0.03791358581807639,0.02114010837201363,0.04405839655481364,0,0,0,0,0.02184121742535681,0,0,0,0,0,0,0,0,0,0,0,0,0,0,0,0,0,0,0,0.02407487870879889,0,0,0,0,0,0,0,0,0,0.08316999488204345,0,0,0,3,0,0.3333,0,0,0,0.01598465736888482,0,0,0.01378488302022367,0,0,0,0,0,0,0,0,0,0,0,partially_open
0,0,0.3515,0.3125,71,202,32,9,5,0,5,0,0,0.07414026307503672,0,0.03882643947494982,0,0,0,0.13001166648788384,0,0.07370166377139488,0,0,0,0.13432348716594436,0,0,0,0,0,0,0,0,0,0,0,0,0,0,0,0,0,0,0,0,0,0,1,0,0,0,0,0,0,0,0,0,0.09620743286369005,3,0,0.3333,0,0,0,0,0,0.09321650810314452,0,0,0,0,0,0,0,0,0,0,0,0,closed
1,0,0.056,0.1925,62,1108,161,10,18,0,13,0.01834717544118541,0,0.01611744849457319,0,0.05064318192384758,0,0,0.01013776316439868,0,0,0,0,0,0,0,0,0.01338045083384625,0.01592758226587329,0.01182252552858451,0,0,0.01366328288495381,0,0.01457957603779521,0,0,0.01427221629761193,0,0.01631069029915237,0,0.01971744650190624,0,0,0,0,0,0.06097494534999018,0,0,0.02201036256951919,0,0,0.04281936255914601,0,0,0,0,0,4,0,0,0,0.01919664915738562,0,0,0.03656540446236817,0,0,0,0,0.01922847806802788,0,0,0,0,0,0,0,0.04369381476154838,closed
0,0,0.079,0.1387,95,1202,173,11,13,0,11,0.02411343057984368,0,0,0,0.00739551228094282,0,0,0,0,0,0,0,0,0,0,0,0,0,0.01035878427266452,0,0,0,0,0,0.01282927283777723,0,0,0.02027268367495817,0.014291271500209691,0,0,0,0,0,0,0,0,0,0,0,0,0,0,0,0,0,0,0,4,0,0,0.03484688259832508,0.10091952699882728,0.04385876367607707,0,0,0,0,0,0,0,0,0,0.01784814011385605,0,0,0,0,0.09571026090624885,partially_open
0,0,0.1207,0.4808,42,348,52,6,13,0,12,0,0,0,0,0.07765287894989964,0,0,0,0,0,0,0,0,0,0,0,0,0,0,0,0,0,0,0,0,0,0.04376812997934326,0,0,0,0.06046683593917915,0,0,0,0,0,0,0,0,0,0,0,0,0,0,0,0,0,3,0,0.3333,0,0,0,0.06553709521242776,0,0,0,0,0,0,0,0,0,0,0,0,0,0,closed
0,1,0.1215,0.08,126,1037,150,18,6,0,6,0,0.00843568868984923,0,0,0,0.01434318536135698,0,0,0,0,0,0,0,0,0,0,0.01383147726644781,0.01646446706135217,0,0.01911241692089427,0,0,0.08437381382425625,0,0,0.01871919397665724,0.02950660448045613,0,0,0.01825338820499043,0,0,0,0,0,0,0,0,0,0.02275228490332321,0,0,0,0.01727098034667948,0,0,0,0,3,0,0.3333,0,0,0,0,0,0,0,0,0,0,0,0,0,0,0,0,0,0,fully_open
0,0,0.0558,0.1186,73,1308,194,12,12,0,11,0,0.00736055189604491,0,0.01089899537467416,0,0.03754539697531681,0,0,0,0,0,0,0,0,0,0,0,0.01436605459274846,0,0,0,0,0,0.01315020583801136,0,0,0,0,0.01471160301492174,0,0,0.01607742274430204,0,0,0.01451573569206992,0,0,0,0.01714411744870203,0,0,0,0,0,0,0,0,0,3,0,0.3333,0.01793589545502025,0,0,0.0963780811947467,0,0,0,0,0,0,0,0,0.0183730854113224,0,0,0,0.0197784916741214,0,partially_open
0,0,0.1042,0.2517,105,1008,143,12,18,0,18,0,0,0.05113121591381842,0.01277813250823868,0,0,0,0,0,0,0,0,0,0,0,0,0,0,0.01250198101873304,0.03910356565424346,1,0,0,0,0,0,0,0,0,0,0,0,0,0,0,0.02050334827102158,0,1,0,0,0,0,0,0,0,0,0,0,4,0,0,0,0,0,0,0,0,0,0,0,0,0,0,0,0,0,0,0.02318857644552164,0,fully_open
0,0,0.0838,0.1232,113,1349,203,13,14,0.01845993723941573,11,0.00753544705620115,0.02681343904987791,0,0.00992587078764968,0,0.02279541959215663,1,0.01665489662722641,0.01160818450784676,0.01209639012554035,0,0,0.0158210432315346,0,0.03597950549087795,0,0,0.01308337114696735,0,0,0,0.01122341094121206,0,0,0,0,0,0,0.01339806703144659,0,0,0,0.03107350421564672,0,0.01321968786242082,0,0,0,0,0.07231976272842022,0,0.05875232464561612,0,0,0,0,0,0,4,0,0,0,0,0,0.01755457907475743,0,0,0,0,0,0.01579482127016576,0,0.05464877219267557,0,0,0,0,0,0,partially_open
0,0,0.0182,0.1794,30,1650,223,4,22,0,18,0.00753544705620115,0,0.05295733076788336,0,0,0,0,0.04163724156806604,0,0.01209639012554035,0,0,0,0.02189067213774974,0,0,0,0.03925011344090206,0,0,0,0.01122341094121206,0,0,0,0,0,0,0,0,0,0,0.01553675210782336,0,0,0.01592670803195426,0,0,0.01561339267649649,0,0,0,0,0,0,0,0,0,4,0,0,0.01633447621796488,0,0,0,0,0,0.01513875545970992,0,0,0,0,0.03643251479511705,0,0.01889379933974488,0,0,0,0,partially_open
0,0,0.0675,0.2256,61,904,133,8,16,0,14,0,0,0,0,0.0207074343866399,0,0,0.01243565614832905,0,0,0.0393075540114106,0,0,0.01634503519618648,0,0.02904419013059612,0.0164133530228514,0,0,0,1,0,0.02503089810119602,0,0,0,0,0,0.02000778010029358,0,0,0.02186529493225078,0,0,0,0,0,0,0,0,0,0,0,0,0,0,0,0.02565531543031734,2,0,0.6667,0,0,0,0,0.02242678140358581,0,0,0,0,0,0,0,0.02498739615939847,0,0,0,0,0,fully_open
0,0,0.0981,0.1124,120,1223,169,17,11,0,8,0,0,0,0.02977761236294906,0.02773317105353558,0.02279541959215663,0,0,0.01160818450784676,0,0.05264404555099634,1,0,0.01094533606887487,0.01199316849695931,0.03889846892490552,0,0,0.00971136025562299,0,0,0,0,0,0,0,0,0,0,0,0,0,0,0,0,0.01592670803195426,0,1,0,0.01807994068210505,0,0,0,0.01372426116834352,0,0.01619647391228013,0,0,4,0,0,0,0.01576867609356676,0.02055879547316112,0,0,0,0,0,0,0,0,0,0,0,0,0,0,0,partially_open
0,0,0.0598,0.0992,115,1922,242,15,13,0,11,0,0.00484371802191343,0.00956648555806925,0,0,0,0,0,0,0.00874061738103561,0,1,0,0,0,0.01405364038577231,0,0,0.00701724095890177,0,0,0.00810981951881129,0,0,0,0,0,0,0,0,0,0,0,0,0,0,0,0,0.0112819353533394,0,0,0,0,0,0,0,0.0123479167948533,0.06206931152496131,2,0.01074844041240319,0.6667,0,0,0,0,0.0108516684210899,0,0,0.01282435066550975,0,0.01141303214360364,0,0,0,0.04095688114938246,0,0,0,0,partially_open
0,0,0.0607,0.1461,78,1284,178,11,16,0.01829657496296072,10,0.04481257010413428,0.00664403799466001,0.02624434091151742,0,0.02748774476102641,0,0,0,0,0,0,0,0,0,0,0.009638558671658,0,0,0.04812709507211395,0,1,0.03337226616148012,0,0,0.01192100573421778,0,0.0116198575166398,0,0,0,0,0,0,0,0.0131026994742578,0,0.04964331833804511,1,0,0,0.01448958509666934,0,0,0.05441123011874246,0,0.01605314228473783,0,0.03405572844732391,4,0,0,0,0.015629130287429,0,0,0,0.01649849700940611,0.01500478417245585,0,0.01840213753698969,0,0,0.01805505157988101,0,0,0,0.01961422475002649,0,0,fully_open
0,0,0.0697,0.0867,84,1206,173,10,8,0,7,0,0,0,0.022687704657485,0,0.01302595405266093,0,0,0,0.0138244458577604,0,0,0,0,0,0.03334154479277616,0,0,0,0.01735719495877133,0,0,0,0,0,0,0,0.02172073250888375,0,0,0,0,0,0,0,0,0,0,0,0,0,0,0,0,0,0,0,0,4,0,0,0,0,0.02349576625504128,0,0,0,0,0,0.02121879124163097,0,0,0.02081857988292402,0.07649202905938306,0.02159291353113701,0,0,0,0,partially_open
1,0,0.0249,0.1189,31,1247,185,4,12,0,10,0.03444775797120526,0.0076609825856794,0,0.0113438523287425,0.04754257894891814,0.01302595405266093,0,0.01903416757397304,0,0,0,0,0,0,0,0,0,0,0.0110986974349977,0,0,0,0,0.0136869489334404,0,0.01700008432573974,0.0267968142730673,0,0.01531207660736753,0,0.01851025589974872,0,0,0.0178145973197924,0,0,0,0,0,0,0,0,0.04019776893307585,0,0,0,0,0,4,0,0,0,0,0,0,0,0,0,0,0.02121879124163097,0.01805122430876087,0,0.02081857988292402,0,0,0.01854160486951372,0,0,0,closed
0,0,0.0568,0.089,57,1004,146,10,7,0.02756683961086082,6,0,0,0.01977073682000979,0,0,0,0,0,0,0,0,0,0,0,0,0.1161767605223845,0.04924005906855421,0,0,0,0,0,0,0.01788427993969546,0,0,0,0,0,0,0,0.10932647466125392,0,0,0,0,0,0,0,0,0,0,0,0.02049489667805966,0,0,0,0,2,0,0.6667,0,0,0,0,0,0,0,0,0,0,0,0,0.02498739615939847,0,0,0,0,0,fully_open
0,0,0.041,0.1519,66,1608,237,10,19,0.01455995049869409,17,0,0,0,0.00782885583251243,0,0,0,0,0,0,0,0,0,0.00863294112474638,0,0,0.03467609793560156,0,0,0,1,0,0,0.00944592250336027,0.00948643414060992,0,0,0,0,0,0,0,0,0,0,0,0,0,0,0,0,0.01158496542307923,0,0,0,0,0,0,3,0,0.3333,0,0,0,0,0,0,0,0,0,0,0,0,0,0,0,0,0.02841417113747018,0,partially_open
0,0,0.0501,0.0936,78,1556,235,10,12,0,10,0,0.00573111674348535,0,0.01697248134682084,0.07706010888157978,0.0097446068485555,0,0.0142393009332012,0,0,0.02250432481569309,1,0,0,0,0.02494252969230583,0,0,0.02490852706785745,0.01298477180121824,0,0,0,0,0.01028300494630999,0.01271762033528621,0.02004647174626409,0,0.01145483593528258,0,0,0,0,0,0,0.01361672747770135,0.07493867329273603,0,0,0,0,0,0,0.01173371947217155,0,0.02769473401794465,0,0,3,0,0.3333,0.01396535371306921,0,0,0,0,0,0,0.01517385002407642,0,0.02700793866043611,0,0,0,0,0.0138708189100179,0,0,0,partially_open
0,0,0.1029,0.2361,101,982,144,13,17,0,17,0.01016831409993408,0.00904549751080219,0,0.01339394612309355,0.00935576854818067,0,0,0,0,0,0.01775943705334816,1,0,0,0,0,0,0,0.01310448612806958,0,0,0,0,0,0,0,0,0,0.01807931936773515,0,0,0,0,0,0,0,0,1,0,0,0,0,0,0,0,0,0,0,4,0,0,0,0,0,0,0,0,0,0,0,0.02131349376215139,0,0,0,0,0,0,0,0,partially_open
0,0,0.0471,0.0629,90,1910,286,12,10,0,8,0,0,0,0,0.02250808085504337,0,0,0.01351701755253158,0.01884227050549041,0,0.02136280109315793,1,0,0,0.01946717205303541,0,0,0.02123677635449773,0,0,0,0.05465313153981527,0,0,0,0,0.00951481086507462,0,0,0,0,0,0,0.01265094592275112,0,0,0.02032498178333006,0,0,0,0.0118646602603162,0.05960380761149462,0,0.01113853080329329,0,0,0,0,3,0,0.3333,0,0,0,0,0,0,0.02457305234039872,0,0.01506841696869446,0,0,0,0.02716021321673746,0,0,0,0.02923777030087511,0,fully_open
0,0,0.1238,0.1746,164,1325,189,20,18,0,15,0.01455120810852636,0,0,0,0,0,0,0,0,0,0,0,0,0.01056791068718953,0,0,0.03183624508742729,0,0,0.0146638371203413,0,0,0,0,0,0,0,0,0,0,0,0,0,0,0,0.01537751120326619,0,1,0,0,0,0,0,0,0,0,0,0,2,0,0.6667,0,0,0,0,0,0,0,0,0,0.0305003445216994,0.01796077209549461,0,0,0,0,0.0382139206336723,0,0,fully_open
1,0,0.0346,0.1027,45,1299,185,6,12,0,7,0,0.00708279522072246,0,0.02097542506069368,0,0,0,0,0,0,0,0,0,0,0,0,0,0,0.02052211978546745,0,0,0,0,0,0,0,0,0.02008143194217554,0,0,0,0.01547072754640385,0,0,0,0.0168282198073479,0,0,0,0,0,0,0,0.01450110614013655,0,0,0,0.09076172911668871,3,0.01571705909360844,0.3333,0,0.01666124266490072,0.02172250087730232,0,0.01586800571008429,0,0,0,0,0,0,0,0.01767976143353665,0,0,0,0,0,closed
1,0,0.0381,0.0506,62,1626,237,9,6,0,6,0.00669817516106769,0,0,0,0,0,0,0.00740217627876729,0.01031838622919712,0,0,0,0,0,0.01066059421951939,0.03457641682213824,0,0,0.00863232022722043,0,0,0,0,0.0106454047260092,0.01069106069814769,0,0.01042098332841506,0,0,0,0,0,0,0.02771159583078817,0,0,0,0,0,0,0,0,0,0,0,0,0,0,2,0,0.6667,0,0,0,0,0,0.01479627112748325,0.01345667151974215,0,0.01650350429904631,0,0,0,0.01487345009488004,0,0,0,0,0.01595171015104147,closed
0,0,0.0662,0.1627,91,1374,166,12,15,0,12,0.02240628505206714,0,0,0,0,0,0,0,0,0,0,0,0,0.01084847468773438,0,0.009638558671658,0.01089381837799871,0,0.06737793310095953,0,0,0,0,0,0,0,0,0,0.01327950006656653,0,0,0.02902472778617361,0,0,0,0.01578576371308741,0,0,0,0,0,0,0,0,0,0,0,0,4,0,0,0,0,0,0,0,0,0,0.01759092347923904,0,0,0,0,0,0,0,0,0,0,fully_open
0,0,0.07,0.0766,119,1699,261,16,10,0,10,0,0,0.01267354924359602,0,0,0,0,0,0.01111210824682767,0,0,1,0,0,0.01148063992871319,0,0,0,0,0,0,0,0,0.04585712805050118,0,0,0,0,0,0,0,0,0,0,0,0.01524607948358015,0,0,0,0,0,0,0,0,0.19672902635560277,0,0,0,3,0,0.3333,0,0,0,0,0,0.03186889165919471,0.02898360019636773,0,0,0,0,0,0,0,0,0,0,0,partially_open
0,0,0.0482,0.1626,68,1412,203,10,18,0.01845993723941573,15,0,0.00670335976246947,0,0,0,0,0,0,0,0,0,0,0,0.02189067213774974,0,0,0,0,0.00971136025562299,0.01518754558892491,1,0.01122341094121206,0,0,0,0,0,0,0,0,0,0,0,0,0.01321968786242082,0,0,0,0,0,0,0.01468808116140403,0,0,0,0,0,0,3,0.02975014757004454,0.3333,0,0,0.04111759094632224,0,0,0,0,0,0,0,0,0,0,0,0,0,0,0,partially_open
0,0,0.0768,0.1882,105,1367,170,11,18,0,14,0,0,0,0.00875352384422649,0,0.01005152359969111,0,0,0.01023713909353415,0.02133536526079558,0,0,0,0,0.01057665253275152,0.00857604039289255,0,0,0,0,0,0,0,0,0,0.01311817530647633,0,0,0.01181561816946471,0,0,0,0.01370170264626942,0,0.02331661481245877,0,0,1,0,0,0,0,0,0,0,0,0.01507029215119891,0,2,0,0.6667,0.01440520737332335,0,0,0,0,0,0,0,0.01637355544629792,0.01392929119888634,0.01640511466990059,0.01606473093327995,0,0,0,0,0,0,fully_open
0,0,0.0473,0.2045,31,655,88,3,9,0,9,0,0.012109295054783571,0,0,0,0.04117882248905714,0,0,0,0,0,0,0,0,0,0.01756705048221539,0,0,0.01754310239725444,0,0,0,0,0,0,0.02687110103100798,0,0,0,0,0,0,0.0280663909044551,0,0,0,0,1,0,0,0,0,0,0,0,0,0,0,2,0.02687110103100798,0.6667,0,0.02848535036257221,0.03713846924183945,0,0,0,0,0,0,0,0,0,0,0,0,0,0,0,fully_open
0,0,0.0375,0.2069,32,853,116,4,13,0,11,0,0,0,0.01764599251137722,0.02465170760314274,0,0,0,0,0,0,0,0,0,0,0.05186462523320736,0,0,0,0,0,0,0,0,0,0,0,0,0,0.02578653254355791,0,0,0,0.02771159583078817,0,0,0.0222606943341234,0,0,0,0,0,0.03126493139239233,0.02439868652149959,0,0,0,0,4,0,0,0,0,0,0,0,0.02959254225496651,0.02691334303948431,0,0.03300700859809263,0.02807968225807246,0,0,0,0,0,0,0.03202231985333941,0,partially_open
0,0,0.056,0.1696,77,1376,171,10,18,0,11,0.01430457746261913,0,0.01256614628390452,0.04710582746681208,0.01316150490676264,0,0,0,0,0,0,0,0,0,0,0.00923014516862164,0.0104322159043547,0,0.01843512455304704,0,0,0,0,0,0,0,0,0,0.01271680938577981,0,0,0.01389743321965092,0,0.01479517404525131,0,0,0.04753978789999235,1,0,0,0,0,0,0,0,0,0,0,4,0,0,0,0,0,0,0,0,0,0.01684554536571196,0.01762238594643928,0,0,0,0.01588181959283801,0,0,0.01878311353180502,0,0.01703318202568835,partially_open
0,0,0.0516,0.0856,94,1822,257,10,13,0.01498197804938088,9,0.0061157251470618,0.00544040792316363,0,0,0.01688106064128252,0.00925031519681718,1,0,0,0,0,0,0,0.00888317130227526,0,0.06313954376216549,0,0,0.007881683685723,0.01232612395622891,0,0.00910885525663588,0,0.00971971735853014,0.02928420973840455,0.01207252365161228,0,0,0,0,0,0.01188331246317977,0.03782861382774383,0,0.01072902203326907,0,0.02032498178333006,0,0,0,0.0118646602603162,0,0.01427312085304867,0,0.01853244451175968,0,0,0,3,0.02414504730322456,0.3333,0,0.01279776610492374,0,0,0.03656540446236817,0,0.02457305234039872,0,0,0,0,0,0,0,0,0,0,0.01456460492051612,partially_open
0,0,0.0252,0.0663,61,2421,392,10,13,0,13,0.06917787461430565,0.00410260269615618,0,0,0,0,0,0,0,0,0,0,0,0.0200963547494096,0,0,0,0,0,0,0,0,0.02051712959114427,0,0,0.00910387029465844,0,0,0,0,0,0,0,0,0,0,0,0,0,0,0,0.01797885344346722,0,0,0,0,0,0,3,0,0.3333,0,0,0,0,0,0,0,0,0.01136306853376959,0,0.0113849702900403,0,0,0,0,0,0.01102407732655947,0,fully_open
0,0,0.0586,0.1645,59,1007,152,7,14,0,11,0,0,0,0,0,0,0,0.01084504896656603,0,0,0,0,0,0.01425439115946495,0,0.02532923557900824,0.01431397065946343,0,0,0.01977912913906501,0,0.01461653517925292,0.02182927159988025,0,0,0,0,0,0.01744864543630253,0,0,0,0,0,0.01721633768129223,0,0,0,0,0,0,0,0,0,0,0,0,0,3,0,0.3333,0,0.02053595026138927,0,0,0,0,0,0,0,0,0,0,0.10895666929970264,0,0,0,0,0,partially_open
0,0,0.0161,0.098,24,1494,204,3,11,0,9,0,0.00652848950779636,0,0,0,0.01110037823618062,1,0,0,0,0,0,0,0.01065980556273031,0,0,0.010704360667077,0,0,0.0147913487474747,0,0,0.03264899752329916,0,0.01171368389536182,0,0,0.01850984161626615,0.01304855223932189,0,0,0,0,0,0,0.01551122869199024,0,0,0,0,0,0,0,0,0,0,0,0.01673172745455478,3,0.05794811352773894,0.3333,0,0,0,0,0.02925232356989453,0,0,0,0.01808210036243335,0,0,0,0.03259225586008496,0.147207340942708,0,0,0,0,fully_open
0,1,0.0594,0.0717,113,1903,279,13,12,0,8,0.01035546098520894,0,0,0,0.080987665162472,0.00783155519730534,0,0.01144385535122305,0.00797617585815238,0,0.02712944678701652,0,0.0108709008707477,0.00752072171603672,0,0,0.007552156298858,0.03595920413399616,0,0,0,0.0154235831339356,0,0.01645792632487312,0,0,0,0,0.01841206757695727,0,0,0.01006071852710925,0.02135111946105787,0.01071061679349481,0,0,0.12045357302268,0,0,0.01242302672635439,0,0,0,0.00943016718315628,0,0.02225773102055674,0.01174188406872553,0,3,0,0.3333,0.01122368918044212,0,0,0.01206204206363701,0.01031907119796893,0.0228752167124281,0.03120626892308304,0,0.02551462014331087,0.02170576665347933,0,0.01251669219954941,0.01149726817150236,0,0,0,0,0,fully_open
0,0,0.0472,0.0447,60,1270,179,9,4,0.01896800890655561,4,0.00774284468160118,0,0,0,0.02137235200455953,0.02342281646166553,1,0.01711328827751705,0,0,0.013523241058971531,0,0,0,0,0.01998453449352944,0,0,0.00997864540027316,0,0,0.02306462431955507,0.03444619004751746,0.01230569720621247,0.01235847383455605,0,0.01204627430624126,0,0.01376682116992677,0,0,0,0,0,0,0,0.03859881861604884,0,0,0,0.0150213129901251,0,0,0,0,0,0,0.05295821992496699,2,0.01528447948552747,0.6667,0,0,0,0.01803773262727369,0.03086254321594378,0,0,0,0,0.01622954112163821,0,0,0,0,0,0.02033401281424764,0,0.01843959155074519,partially_open
1,0,0.0856,0.1308,134,1565,214,18,14,0,14,0.01156123383965108,0.00514230337942864,0.0101562004212379,0,0.03723083237323955,0.00874344861069021,0,0,0,0,0.03028835497454583,0,0,0,0,0,0.00843151696379353,0.01003655868808454,0,0,0,0.01721947980021577,0.02571667613136577,0,0,0,0,0.02915933953247407,0.02055593845920573,0.01112706541263115,0,0.01123217205423841,0,0,0,0,0.00960564207568338,0,0,0,0,0.01126756911011816,0,0,0,0.01242469231626968,0,0,4,0.01141101550631845,0,0,0,0,0,0,0,0,0,0.01424275028547832,0.02423315044189815,0,0,0,0,0,0,0,0,fully_open
0,0,0.0581,0.2622,69,1188,164,10,24,0,19,0.01442683880845348,0,0,0.0285050648260709,0.00663699820084612,0,0,0.00797157445405708,0,0.01157945037658563,0.01259857500365724,0,0,0.0104775866642221,0,0.00930903529826798,0,0,0.00929634486008355,0.0145385051791418,0,0,0,0,0,0,0,0,0.01282550006429075,0,0,0,0.01487278834253176,0,0.02530948787335268,0,0,0,0,0,0,0,0,0,0,0,0,0,2,0.01423938687113243,0.6667,0,0,0,0,0.01437614192537552,0,0,0,0,0,0,0,0,0,0,0.05683095889110239,0,0,fully_open
0,1,0.043,0.1009,77,1789,228,9,12,0,11,0.01110486934598064,0.00493931771971435,0,0,0.01021748407235521,0,0,0.00613601454687288,0.01710679822208997,0,0.01939517467668286,0,0,0,0.01767414304815057,0,0,0,0,0,0,0.00826988174615625,0,0,0.00886232663135927,0,0.01727689341289865,0,0.00987225991790801,0,0,0,0,0,0.00974082263546797,0,0,1,0.0230092102601001,0.0133220615552353,0.03231558781428229,0,0,0,0,0.02386848787072861,0,0,3,0,0.3333,0.01203592984481622,0,0,0.03880485900735854,0,0,0,0,0,0.01163828935696424,0.01370690502024588,0,0,0,0.03586336731340154,0,0,0,fully_open
0,0,0.0865,0.1751,106,1226,177,12,17,0,14,0,0,0,0,0,0.01316024223877083,0,0,0,0,0,1,0,0.03791374143445317,0,0,0.01269073687333871,0,0,0,0,0.0259179799054794,0,0,0,0,0,0,0.0154699330672373,0.01674795412622833,0,0,0,0,0,0,0,0,0,0.04175161559578899,0,0,0,0,0,0,0,0,4,0,0,0.018860426148578,0,0,0,0,0,0,0,0,0,0,0,0,0,0.03746551087035763,0,0,0,partially_open
1,0,0.0395,0.1275,56,1418,204,8,14,0,12,0,0.00610387230403725,0,0.00903819128631516,0,0.01037840241594123,0,0,0,0,0,0,0,0,0,0,0.01000814208710451,0,0.0176857292460126,0,0,0,0,0,0,0,0,0,0,0.02641547236169347,0,0.06666248454954508,0,0.01419374420601346,0,0.02900473657851834,0,0,0.01421707300624071,0,0,0,0,0,0,0,0,0.17207833520334803,4,0.05417913053406487,0,0,0,0,0,0,0,0,0,0,0,0,0,0,0,0,0,0,0,closed
0,0,0.0348,0.078,78,2241,295,12,12,0,11,0.00432805164253604,0,0,0.0285050648260709,0.01194659676152302,0,0,0,0,0.01389534045190276,0.01511829000438869,0,0,0,0,0.01117084235792158,0.00631282808571207,0,0,0.01744620621497016,0,0.00644626679700385,0.00962726850046,0,0.00690806998957235,0,0,0,0,0.00833103359099563,0,0,0.01784734601103812,0.00895297711456233,0,0,0.01438383326204896,0,0,0.01038437618664495,0,0,0,0,0,0,0,0.00986742901166051,2,0.00854363212267946,0.6667,0.01876370601448273,0,0.02361625736404149,0,0.00862568515522531,0,0,0,0.02132760555569062,0,0,0,0,0,0,0,0,0.0206145177336536,fully_open
0,0,0.1341,0.1724,193,1439,232,28,22,0,18,0,0,0.05157583518263424,0,0,0,0,0.0162204210630379,0,0,0,0,0,0.03197941668819093,0,0,0,0,0,0,0,0,0,0,0,0,0,0,0,0,0,0,0,0,0,0.09306737215194144,0,0,0,0,0,0,0,0,0,0,0,0,2,0,0.6667,0.01590835944706144,0,0,0,0,0,0,0,0,0,0.01811695272241195,0,0,0,0,0,0,0,fully_open
0,1,0.0866,0.1795,94,1086,156,12,15,0,13,0,0,0.01685005978978107,0,0.02647257236928396,0,0,0.01059857058096226,0.04432215902996039,0,0,0,0,0,0.04579209789748102,0,0.01398865314447562,0,0,0,0,0.01428434119790626,0,0.03048456807902635,0.01530765509052965,0,0.02984190680409768,0,0,0,0,0,0,0.01983898337885972,0.03365011455888936,0,0.01593663344374743,0,0,0,0.01860594449913222,0.01869392147815058,0,0.01746724148698266,0.14531121264902477,0,0,0,3,0,0.3333,0,0,0,0.02234219154969128,0,0,0,0,0,0,0,0,0,0,0,0,0,0,fully_open
0,1,0.0629,0.186,54,859,129,8,13,0,11,0,0,0,0,0.03425862306613219,0,0,0.01371579722242175,0,0,0,0,0,0.03605522469747017,0,0,0.01810296289285081,0,0.01599518159749669,0,0,0.01848561802081987,0,0.01972530875701705,0,0,0,0,0,0,0.02667654526728492,0,0.02558994464817965,0.02567397849028904,0,0,0.10311939287130696,0,0,0,0,0,0.05793207875649167,0,0,0,0.02814598681179797,0.05659260756687649,4,0,0,0,0,0,0,0.02473542066571964,0,0,0,0,0,0,0,0,0,0,0,0.0296677375111821,0,fully_open
0,0,0.073,0.1467,90,1233,184,12,15,0,12,0,0,0,0.01089899537467416,0.01522605469605875,0.0125151323251056,0,0.01828772962989567,0.01274624181253763,0,0,0,0,0,0.01316896932999454,0.02135602215485009,0,0,0,0.01667652064666265,0,0,0.01840507213323236,0.01315020583801136,0,0,0,0,0,0,0,0,0,0.0171159856601927,0,0.01748814999587135,0.02749850476568185,0,0,0,0.01605218741101604,0.01612808911840442,0,0,0,0,0,0,2,0,0.6667,0,0.01731462473019095,0,0,0,0,0,0,0,0,0,0,0,0,0.01781448310992495,0,0.0197784916741214,0,fully_open
0,0,0.1611,0.3391,141,875,115,18,23,0,16,0.01172180653186845,0,0.02059451752084353,0,0,0.0177297707938996,0,0.01295380848784276,0,0.01881660686195166,0,0,0,0,0,0,0,0,0.01510656039763576,0,0,0,0,0,0.01870935622175846,0,0,0,0,0,0,0,0,0,0,0,0,1,0,0,0,0,0,0,0,0,0.0265823208778092,0,2,0,0.6667,0,0,0,0,0,0,0,0.02760797712713905,0,0.02456972197581341,0,0,0,0,0,0,0,0,fully_open
0,0,0.0824,0.1265,137,1663,253,21,16,0,16,0,0.01912805843048616,0.03777847800001871,0.02124262792770889,0,0,0,0.01188120014171566,0.0082809978654703,0.03451708774676483,0.00938874697724775,0,0,0.01561627566514631,0,0.00693730655985576,0,0,0,0,0,0,0,0,0,0,0,0,0,0.01034746210346591,0,0,0,0,0,0.0227234560455908,0,0,0,0,0,0,0,0,0,0.01155417247245461,0.01219061849173415,0,2,0.01061151760460187,0.6667,0,0,0,0,0.01071343060680851,0,0,0,0,0,0.01327037938265843,0,0,0,0.01157374061918691,0.02823448913061138,0,0,fully_open
0,0,0.0492,0.1887,70,1423,212,10,24,0,16,0.00703308391912107,0.00625646911163818,0.01235671051250611,0,0,0,0,0.02331685527811698,0,0,0.01228361062856581,0,0,0.01021564699761654,0,0,0,0,0.00906393623858146,0,0,0,0,0,0,0,0,0,0,0,0,0,0,0,0,0.0297298549929813,0,0,0,0,0,0,0,0,0,0,0,0,2,0,0.6667,0.01524551113676722,0,0,0,0,0,0,0,0,0,0,0,0,0,0,0,0.03362343584600638,0.0334985913171871,fully_open
0,0,0.046,0.1027,74,1608,224,7,13,0.01578254176194322,10,0,0,0.01131912413359339,0.00848624067341042,0,0,0,0.0142393009332012,0,0.0206839037261148,0,0,0,0,0,0.03325670625640777,0.00939695783751034,0.01118578296534613,0.00830284235595248,0,1,0,0,0,0,0,0,0.0162490976020657,0,0,0,0,0,0.01332695066671492,0,0,0,0,0,0,0,0,0,0,0,0.01384736700897232,0,0,3,0,0.3333,0,0,0.05273095632810792,0,0,0,0,0,0.0158735995548079,0.01350396933021805,0,0,0.01430576115996095,0,0,0,0,0.03068573250429352,partially_open
0,0,0.1132,0.1892,126,1113,148,17,16,0,12,0.02557485061498573,0,0.02995566184849968,0.0112292679617855,0.02353117543936352,0.01289437875919971,0,0.00942095162752201,0.02626498312886542,0,0.02977845000864439,1,0,0,0.02713605801332209,0.01100158717068035,0,0,0.02197317876019748,0,0,0.03809157652775004,0,0.01354869692401171,0.02721360904983049,0,0.01326306969071008,0,0,0,0,0,0,0,0,0,0.02833179278888433,0,0.07065454463707507,0,0.01653861733256198,0,0,0,0,0,0,0,4,0,0,0,0,0,0,0,0.01883161779861505,0,0,0.02100446001696804,0,0,0,0,0,0,0,0,0,partially_open
0,1,0.0497,0.0909,74,1488,198,9,10,0,8,0,0,0.0117682957261963,0.00882299625568861,0.01232585380157137,0,0,0.02220652883630188,0.01031838622919712,0.01075234677825809,0,0,0.01406314953914186,0.00972918761677766,0.01066059421951939,0,0,0,0,0.01350004052348881,0,0,0,0,0,0,0,0,0.04763757166736565,0,0.01439686569980456,0.01301505650729213,0,0,0.01175083365548517,0,0,0,0,0,0,0,0.01563246569619616,0.01219934326074979,0.08118975690866145,0,0,0,3,0,0.3333,0,0,0,0.03120814057734654,0,0,0,0,0,0,0,0,0,0,0.014421248231844,0,0.0160111599266697,0,fully_open
0,0,0.0428,0.0825,60,1402,206,9,9,0,8,0.02009452548320307,0,0,0.02646898876706583,0.01848878070235705,0,0,0,0,0,0.011698676789110291,0,0,0,0,0,0,0,0,0.01350004052348881,1,0.00997636528107739,0.01489934410785477,0,0.01069106069814769,0.01322228780890868,0,0,0,0,0,0,0,0.01385579791539408,0,0,0.0222606943341234,1,0,0.01607105838409338,0,0,0,0,0,0.04319059709941368,0,0.0152710210894746,4,0,0,0.01451953441596878,0.01401660097205934,0,0,0,0,0,0,0,0,0,0,0,0,0,0,0,0.01595171015104147,partially_open
0,0,0.1928,0.24,129,669,100,15,12,0,12,0,0,0,0,0.01232585380157137,0,0,0,0.04127354491678851,0,0.02339735357822059,0,0.02812629907828373,0,0.04264237687807757,0,0,0,0,0,0,0,0,0,0,0,0,0,0,0,0,0,0,0,0.02350166731097034,0,0,0,0,0,0,0,0,0,0.08118975690866145,0,0,0,3,0,0.3333,0,0,0,0,0,0,0,0,0,0,0,0,0,0,0,0,0,0,partially_open
1,0,0.0325,0.0456,59,1816,241,9,6,0,5,0,0.00497202843308994,0,0.00736223528620374,0.01542772429468204,0.00845393044477332,0,0,0,0,0,0,0,0,0,0,0.00815232766035665,0,0.01440625627324205,0,0,0,0.03729769584615301,0,0,0,0,0.01409689924417621,0,0.02151723907608143,0,0.04344098330910753,0,0,0,0,0.02786272337184982,0,0,0,0,0,0,0,0,0,0,0.01274270633956159,4,0.03309950193223499,0,0,0.03508791501614855,0.03049781580124564,0,0,0,0,0.01316406856393385,0,0,0,0,0,0.01401394388113528,0,0,0,0,partially_open
1,0,0.0602,0.1729,92,1529,214,9,20,0,17,0,0.00658575695961913,0,0,0.0068116560482368,0,0,0.04090676364581926,0.01140453214805998,0,0.0129301164511219,0,0,0.0215066252581401,0.01178276203210038,0,0,0.01285383831982757,0,0,0,0,0,0.01176597364453648,0.03544930652543709,0,0.02303585788386487,0,0.01316301322387735,0,0.0159123252471524,0,0,0,0,0,0.01230196265833135,0,0.04601842052020021,0,0.01436248347301435,0,0,0.01348348465661819,0,0,0,0,3,0.01461410757826749,0.3333,0,0,0,0,0,0.01635377335142886,0,0,0,0,0,0,0,0,0.01593927436151179,0,0,0,partially_open
0,0,0.0344,0.0963,71,2065,322,9,19,0,12,0.0148935894757858,0,0.00872238389118079,0.0065393972248045,0.0182712656352705,0.01501815879012672,0,0,0,0,0,0,0,0.00721104493949403,0,0.04484764652518518,0,0.00861963275564908,0.00639807263899867,0,0,0,0,0,0,0.01960009722261758,0.02317136293024055,0,0.00882696180895304,0,0,0,0,0,0,0,0.02474865428911366,0,0,0,0,0,0,0,0,0.04268247242765587,0,0.03395556454012589,4,0,0,0.01076153727301215,0,0,0,0.00989416826628785,0,0,0,0,0,0,0,0.01102385124679344,0,0,0,0.01186709500447284,0,fully_open
1,0,0.0503,0.1351,65,1291,185,9,15,0,10,0.00897840500313328,0,0,0.01182656944911452,0.02478283370741477,0.01358024996979544,0,0.00992206607579446,0,0,0.01568120505774359,0,0,0,0,0.01158677797763143,0,0.01558869753681216,0,0,0,0.01337257473846544,0,0.0142693722923102,0,0,0.02793710424213399,0,0,0,0.01929792636356781,0,0,0.01857266529084739,0.01575111745309715,0,0,0,0,0,0,0.01750069244763033,0.02095415614596507,0.04905693353790875,0,0,0,0,4,0,0,0,0.01878820981361146,0,0,0,0,0,0,0,0,0,0,0,0,0.03866121866409244,0,0,0.02138207956416197,closed
0,0,0.0823,0.2242,94,1142,165,14,22,0,15,0.03277553671046714,0.00728909022715127,0.01439616758738576,0,0,0,0,0.03622035771357977,0,0.01315335625301475,0,0,0.03440692896955098,0,0,0.0105743410669646,0.02390294129541466,0.01422657833456644,0,0,0,0,0,0,0.01307838493171465,0,0,0,0,0,0,0,0.01689433238908948,0,0,0,0,1,0,0,0,0,0,0,0,0.01761169978811043,0,0,4,0,0,0,0,0,0,0,0,0.01646155933483021,0,0,0,0,0,0,0,0.01764152696322665,0,0,0,fully_open
0,0,0.0855,0.2029,75,877,138,9,17,0,11,0,0.01137539838479669,0,0,0,0,0,0,0,0,0,0,0,0,0,0,0,0,0,0.02577280463575137,0,0,0,0,0,0.02524254945337113,0,0,0,0,0,0.02484692605937589,0,0,0,0,0.02124884459166325,0,0,0,0,0.02492522863753411,0,0.02328965531597688,0,0.05496985085379923,0,0,4,0,0,0,0,0,0,0.02548497886771114,0,0,0,0,0,0,0,0,0,0,0,0,0,partially_open
1,0,0.0592,0.1637,75,1267,171,9,14,0,14,0,0.01430050082660155,0,0,0,0.01215755711581687,0,0,0,0,0,0,0,0.0116750251401332,0,0,0.011723823587751,0,0,0,0,0,0,0,0,0,0,0.02027268367495817,0,0,0.01727623883976547,0,0,0,0.01410100038658221,0.03397697713483577,0,0,0,0,0,0,0,0,0,0,0,0,4,0,0,0,0.01681992116647121,0,0,0.01601912957398986,0,0.01614800582369059,0.01893118431575249,0,0,0,0,0,0.02015338596239455,0,0,0,0,fully_open
1,0,0.0246,0.0812,47,1912,271,8,12,0,10,0.06619373100349246,0.00490703459736327,0,0,0.05075351565352917,0,0,0.01828772962989567,0,0,0.00963420441456142,0,0,0.00801227215499337,0,0.02847469620646679,0.00804576128571147,0.01915473945699795,0.02132690879666226,0,0,0.00821583023147549,0,0,0.00880440292788633,0,0,0,0,0,0,0,0,0.01141065710679513,0,0,0.09166168255227285,0,0,0.01323498925748866,0,0,0.01287379527922037,0,0,0.04742496936406208,0,0,4,0,0,0,0.02308616630692127,0,0,0.02198704059175079,0,0.01108196478096413,0,0,0.01156222210626513,0,0,0.02449744721509654,0,0.0118763220732833,0,0,0,partially_open
1,0,0.047,0.1418,47,1000,141,6,11,0,9,0.03204949634029857,0.00950349738476685,0,0,0.03931791339235424,0.01615877844507305,0,0.02361200534492858,0,0,0.01865864905604933,0,0,0,0,0.01378679911262474,0,0,0,0,0,0.04773501362338296,0,0,0.01705156516413429,0,0.03324161770583032,0,0,0,0,0,0.02202678779843312,0,0.01874183595684977,0,0,0,0,0,0,0,0.0747983801666095,0.01945718039056296,0,0,0,0,3,0.02108871220155056,0.3333,0,0,0,0,0.02129124816796121,0,0,0,0,0.02239265800327298,0,0,0.04744442308746544,0,0,0,0,0,partially_open
1,0,0.043,0.1163,66,1536,215,9,14,0,11,0,0.01719335023045607,0,0,0.00592770068319844,0.0097446068485555,0,0,0,0,0,0,0,0.00935784457796935,0,0,0.01879391567502069,0,0.02490852706785745,0,0,0,0.05732266740731913,0,0,0,0,0.04874729280619712,0,0,0,0.02503659725066884,0,0.01332695066671492,0,0.02723345495540271,0.03211657426831544,0,0.01334885480738632,0,0,0,0,0,0,0,0,0,4,0.02543524067057243,0,0,0.01348161620213341,0,0,0,0,0,0,0,0.01350396933021805,0,0,0,0.0484604318943075,0,0,0,0,partially_open
0,0,0.0371,0.1542,54,1454,227,8,22,0.01987993241167848,13,0,0,0,0.01068939930977658,0.08959947571142265,0.01227445670346895,1,0,0,0,0.070866984395572,0,0.06815218622814906,0,0,0.01047266471055148,0,0.01408978431211869,0.01045838796759399,0,0,0,0,0,0,0,0.01262542210942594,0,0,0,0,0,0.03346377377069647,0,0,0,0,0,0,0,0,0.01581793355843511,0,0,0,0.01744235652091706,0,0,4,0,0,0,0,0,0,0,0,0,0,0,0,0.08013267550297595,0,0,0,0.0349437937925451,0,0.01939813606500368,0,partially_open
0,0,0.1065,0.0926,84,789,108,10,5,0,5,0,0.01120561631935196,0,0,0.01158998193282084,0,0,0,0.01940472634147519,0.02022083125463461,0,0,0.05289423408751867,0,0.02004828166655885,0,0,0.02187070997702005,0,0,0,0.01876152276739927,0,0,0.02010557683532253,0,0,0,0,0,0,0.02447607641669864,0,0,0.06629574808617009,0,0,0,0,0,0,0,0,0,0.11451391086370906,0,0,0,3,0,0.3333,0,0,0,0,0,0,0,0,0,0.02640328331729202,0,0,0,0,0.02712055637630365,0,0,0,partially_open
0,0,0.0393,0.1491,66,1679,228,8,18,0,16,0.01214345424884214,0,0,0,0,0,0,0.02683954564387566,0,0.00974673161194618,0,0,0.01274789094915018,0,0,0,0,0.02108399379079631,0.01564996185078813,0,0,0,0,0,0,0,0.00944635898834746,0,0.01079556480231667,0,0.013050396245866,0,0,0.01255993192330687,0,0.01283303093222214,0,1,0,0,0,0,0,0.01105839748816168,0,0,0,0.01384279609549497,4,0,0,0,0,0,0,0,0,0,0,0.01496001109122184,0,0,0,0,0,0,0,0,0,fully_open
0,0,0.0596,0.1471,74,1242,170,10,14,0.01914363861865335,11,0.0078145376879123,0,0,0.04117398252654685,0.00719008138424996,0,0,0,0.01203811726739665,0,0,0,0,0,0.01243735992277262,0.03025436471937095,0.01139816182142458,0,0,0,1,0.03491727848377087,0.03476513625166114,0,0,0,0,0,0,0,0,0,0,0,0.01370930593139936,0,0,1,0,0,0.01516039922151514,0,0,0,0,0,0,0,3,0,0.3333,0,0,0,0,0,0,0,0,0,0,0,0,0.01735235844402671,0,0,0.02052229071067586,0.01867968658111465,0,partially_open
0,1,0.0573,0.1355,104,1816,273,13,23,0,14,0,0.0140770555011859,0,0.06948109551354782,0,0,0,0.00582921381952924,0,0,0,0,0,0.00766173524821241,0,0.01361446412371693,0.02308127768838478,0,0,0.02126256382449488,0,0,0.11733233484935636,0,0,0,0,0.02660789732338259,0,0.02030689437805186,0.01133753173859609,0.01024935699949255,0,0.01091144085837284,0,0.01114869562236798,0.00876514839406109,0,0.01092937487354755,0,0,0,0,0,0,0,0,0,3,0.02082510329903118,0.3333,0,0,0,0,0,0,0,0,0.01299650963549897,0,0,0,0,0.02645131907564284,0,0,0,0,fully_open
0,0,0.048,0.2248,41,855,129,5,16,0,13,0,0,0,0,0,0,0,0,0,0,0,1,0,0,0,0,0,0,0,0,0,0,0,0,0,0,0.02152530982590652,0,0,0,0,0,0,0,0,0,0,1,0,0,0,0.02696828016520084,0,0,0,0,0,0,4,0,0,0,0,0,0,0,0,0.05559149545860695,0,0,0,0,0,0,0,0,0,0,0,partially_open
0,0,0.0906,0.3913,61,673,92,7,20,0,16,0,0.01191708402216796,0,0,0,0.02026259519302811,0,0,0,0,0,0,0.02812629907828373,0,0,0,0,0.02325932648349751,0.01726464045444087,0,0,0,0,0,0,0,0,0,0,0.02578653254355791,0,0.02603011301458427,0,0,0,0.08494244283708943,0,0,0,0,0,0,0,0,0,0,0,0.12216816871579686,1,0,1,0,0,0.07309793946012844,0,0,0,0,0,0,0,0,0,0,0,0,0,0,0,partially_open
0,0,0.0584,0.2627,55,942,118,7,17,0.02617105026347546,14,0,0.00950349738476685,0,0,0,0,0,0.03541800801739288,0.0329143459462997,0,0,0,0,0,0.03400594611796059,0.04136039733787423,0,0,0,0,1,0,0,0,0,0,0,0,0.01899472794331668,0,0,0,0,0,0.01874183595684977,0,0,0,0.02213544278186845,0,0.0207256090623245,0.02082360873515508,0,0,0,0,0.02422692535699066,0,3,0,0.3333,0,0,0,0,0,0,0,0,0.02632204483139032,0,0,0,0.02372221154373272,0,0,0,0,0,partially_open
0,0,0.0723,0.1908,73,1009,152,9,17,0,12,0,0.01057431399150115,0,0.01565771166502486,0.01093702520421121,0.03595897175100764,0,0.01313625649471379,0.01831150232223715,0,0.02076103204828024,0,0,0,0.01891880100928793,0.04602072379847977,0.03467609793560156,0,0,0,1,0.01770453556923593,0,0,0,0,0,0,0,0.02288100774991758,0,0,0,0,0,0,0,1,0,0,0,0,0,0,0,0,0,0,4,0,0,0,0,0,0,0,0,0,0,0,0,0,0,0,0,0,0,0.02841417113747018,0,fully_open
0,0,0.0045,0.1042,6,1343,192,1,11,0,9,0.03669435088237082,0.01958546852338908,0,0.02900080508391561,0.01350484851302602,0.01110037823618062,0,0,0,0,0,0,0,0,0,0,0.010704360667077,0,0.00945802042286761,0,0,0.02186125261592611,0.06529799504659832,0,0.01171368389536182,0.02897405676386947,0,0.01850984161626615,0,0,0,0,0,0,0,0,0.02438997813999607,0,0,0,0,0,0,0.01336623696395195,0,0.01577395720152499,0,0,4,0.01448702838193473,0,0,0.01535731932590849,0,0,0,0,0,0,0,0,0,0,0,0.0184009176178385,0,0,0,0.05243257771385806,closed
0,0,0.0491,0.155,81,1651,258,9,22,0,18,0.03375880281178116,0.00600621034717265,0,0,0.00621223031599197,0.02042469595457234,0,0.00746139368899743,0.02080186663806141,0.01083836555248415,0.01179226620342318,1,0,0,0.02149175794655109,0,0.01969602362742168,0,0,0.01360804084767672,0,0.03016852860997803,0,0,0,0.01332806611137995,0.01050435119504238,0,0,0,0.01451204062540299,0.01311917695935047,0,0,0.01184484032472905,0,0,0,0,0.01619962685116613,0,0,0,0,0,0,0,0,4,0,0,0,0,0,0.01572890285098266,0,0,0,0,0,0,0,0.01632176662821244,0,0,0.02907323643539752,0,0,0,fully_open
0,1,0.0434,0.1121,67,1545,214,9,14,0,10,0,0,0,0.00855151944782127,0,0,0,0.02152325102595413,0,0.02084301067785414,0,0,0,0,0,0,0,0,0,0,0,0.01933880039101156,0,0.01031785381136276,0.01036210498435853,0.02563089636803838,0.03030101306262226,0,0.01154295005786167,0,0.01395388521673365,0,0,0,0.0113892695430087,0,0,1,0,0,0.01259479319941258,0,0,0.01182397885272672,0,0,0.01472251617847894,0.01480114351749077,4,0,0,0,0,0,0,0,0,0,0,0,0.02721569203474716,0,0,0,0.01627773481578021,0,0,0,0,fully_open
0,0,0.0571,0.1123,78,1367,187,9,11,0,10,0.00835613930984682,0.0074334286474909,0,0,0.04613042313855423,0,0,0,0,0,0.07297194432811374,0,0,0,0,0.04313493583751899,0,0.02901658551406621,0,0,0,0,0,0,0.01333736285115455,0,0,0,0.01485726245071305,0,0,0,0,0,0,0,0,0,0,0,0,0.0162877731690817,0.01950188789822492,0.01521898268172746,0,0,0,0,4,0,0,0,0,0,0,0.04996065164165155,0,0,0,0,0,0,0,0,0,0,0,0,0,fully_open
0,0,0.0725,0.1119,76,1048,143,12,8,0,8,0.01776779095356903,0.02370872505462889,0.093650858621099,0,0,0,0,0,0,0,0,0,0.01865217728349342,0.01290397515488406,0,0,0,0.01542460598379309,0,0,0,0,0,0,0,0,0,0,0.01579561586865282,0,0,0,0,0,0,0,0,1,0,0,0,0,0,0,0,0,0,0.02025419639235579,2,0,0.6667,0,0,0,0,0,0.01962452802171463,0.01784779591039486,0,0,0.01862126297114279,0,0,0,0,0,0,0,0,fully_open
0,1,0.0657,0.0882,94,1430,204,10,9,0,9,0,0,0.0138579930981377,0.01038969652539032,0,0.0119303130575773,0,0,0,0,0,0,0,0.03437040111347624,0,0,0.02300937339652065,0,0,0,0,0.02349573879281778,0,0,0,0,0,0,0,0.0151827247686369,0,0,0,0,0,0,0,0,0.01634299046511783,0.01892479772332491,0,0,0,0,0,0,0,0,4,0,0,0.01709776949917819,0,0,0,0,0,0,0,0,0,0,0,0,0,0.03396406125630551,0,0,0,fully_open
0,0,0.0796,0.1088,108,1356,193,13,13,0.01829657496296072,8,0.00746876168402238,0.00664403799466001,0,0.01967606244631442,0,0.02259369021523489,0,0.00825375408074937,0,0,0,0,0,0.01084847468773438,0,0,0.1089381837799872,0,0,0,0,0,0,0,0,0.01474343596391588,0,0,0,0,0.01605314228473783,0,0,0.01544982776406774,0,0,0,1,0,0,0.02897917019333869,0,0,0,0,0,0,0,4,0,0,0,0,0,0,0,0,0,0,0,0,0,0,0,0.03745319515135269,0,0,0.01785315177664056,0,partially_open
0,0,0.0361,0.1513,64,1773,238,8,20,0.01325328827445231,16,0.00541006455317005,0.01443800564224195,0,0.01425253241303545,0,0,0,0,0.00833408118512075,0,0,0,0,0,0.00861047994653489,0.01396355294740198,0,0,0,0.05451939442178175,1,0,0,0,0,0,0,0,0.00961912504821806,0,0,0,0,0,0,0,0,0,0.02241923050984112,0,0,0,0,0.0098533157106056,0,0,0,0.03700285879372694,4,0,0,0,0,0,0.01260328754085149,0,0,0,0,0,0,0,0,0.01201317123048003,0,0.01164793126418169,0,0,0,partially_open
0,0,0.0409,0.2061,34,832,131,5,14,0,13,0,0,0.04861656595084375,0,0,0,0,0,0,0,0,0,0,0,0,0,0,0,0,0,0,0,0,0,0,0.02731161088397532,0,0,0,0,0,0,0.0285264956733806,0.02862017274327303,0,0,0,0,0,0,0,0,0,0,0,0.05947557633361884,0,0,2,0,0.6667,0.02999116944937814,0,0,0,0,0,0,0,0,0.02900032757800927,0.0341549108701209,0.03344624309059926,0,0,0,0,0,0,partially_open
0,0,0.0716,0.1481,82,1145,162,9,12,0,12,0.02322853404480355,0,0.01360371799541958,0.01019905989189692,0,0,0,0,0,0,0,0,0,0,0,0.00999226724676472,0,0.02688692786165768,0,0,0,0,0,0,0,0,0,0,0.01376682116992677,0,0,0,0,0,0,0.01636505779430163,0,0,0,0.01857755372840152,0,0,0,0,0,0,0,0,2,0,0.6667,0,0,0,0,0,0,0,0,0,0,0,0,0,0,0,0,0,0,partially_open
0,0,0.0267,0.121,44,1649,248,7,18,0.01879557246195056,12,0,0,0,0,0,0,0,0,0,0,0,0,0,0,0,0,0,0,0,0,0,0.01142747295832501,0,0,0,0,0,0,0.01364166825020016,0,0,0,0,0,0,0,0,0,0,0,0,0,0,0,0,0.03298191051227954,0,0,3,0,0.3333,0,0,0,0,0,0,0,0,0,0,0,0,0,0,0,0,0,0,closed
0,0,0.0233,0.2108,32,1376,204,4,28,0,15,0,0,0,0,0,0,0,0,0,0,0,1,0,0,0,0.01089157129897354,0,0.01465337568460343,0.03263017045889326,0,0,0.03771066076247253,0,0.02682641990954318,0.01347073647966609,0,0.02626087798760596,0,0,0,0,0,0,0,0,0,0,1,0,0.04049906712791532,0,0,0,0,0,0.01814005078175374,0,0,4,0,0,0,0,0,0,0,0.0186433016206289,0,0,0,0,0,0,0,0,0,0,0,0,partially_open
0,0,0.071,0.1918,77,1085,146,10,16,0,12,0.01834717544118541,0,0.01611744849457319,0,0.02532159096192379,0,0,0,0.0141317028791178,0,0.01602210081986845,0,0,0,0.01460037903977656,0.01183866445540602,0,0,0,0,1,0,0,0,0,0,0,0,0.01631069029915237,0.01765816902439292,0,0,0.01891430691387191,0,0,0,0,0,0.01900760847573486,0,0,0,0,0,0,0,0,0,3,0,0.3333,0.0198854493088268,0,0.0250280988368918,0,0,0,0,0,0,0,0,0,0,0,0,0,0.02192832772565633,0,partially_open
0,0,0.0503,0.269,48,955,145,8,23,0,16,0.03204949634029857,0,0.0750787474177587,0,0,0,0,0,0,0,0,0,0,0,0,0,0,0,0,0,0,0,0,0,0,0,0,0,0,0,0,0,0,0.02209912072581842,0.01874183595684977,0,0,1,0,0,0,0,0,0,0,0,0,0,4,0,0,0,0,0,0,0,0,0,0,0,0,0,0,0,0,0,0,0,0,closed
0,0,0.0935,0.1338,94,1005,142,14,11,0.02404084849784374,8,0,0,0,0,0,0,0,0.03253514689969811,0,0.01575343830302929,0,0,0,0,0,0,0,0,0,0,0,0,0,0.03119351152272463,0.01566364706937918,0,0,0.02475153239384427,0,0,0,0,0,0,0.01721633768129223,0,0,0,0,0,0,0,0,0,0,0,0.02225496631630537,0,4,0,0,0,0,0,0,0,0,0,0.0231136552692327,0,0,0,0,0,0,0,0,0,0,partially_open
0,0,0.0234,0.1511,26,1109,139,3,11,0,10,0,0,0,0,0.01848878070235705,0,0,0,0,0,0,0,0,0,0,0,0,0,0,0,0,0,0,0,0,0,0,0,0,0,0,0,0,0,0,0,0,0,0,0.02410658757614007,0,0,0,0,0,0,0,0,1,0,1,0,0,0,0,0,0,0,0.02366398039469062,0,0,0,0,0,0,0,0,0,0,partially_open
1,0,0.0494,0.0918,76,1540,207,10,12,0,7,0,0.00636251096098798,0,0,0.05264601962705059,0,0,0,0,0,0,0,0,0.02077758711379637,0,0,0.0104322159043547,0.01241811498695206,0.00921756227652352,0,0,0.02130545805789409,0,0,0.01141587837259838,0,0,0,0,0,0,0,0,0.01479517404525131,0,0.01511687542015998,0,1,0,0.0171606216643709,0,0.01394122957692585,0.03338458775797825,0.01302641738012266,0,0,0,0,2,0,0.6667,0,0,0,0,0,0,0.01436898823294501,0,0,0.02998338952980619,0,0.03458001404282296,0.01588181959283801,0,0,0,0,0,closed
0,0,0.0332,0.1076,52,1567,223,8,13,0,11,0.00654240364569402,0,0,0.02585343088876198,0,0,0,0,0.01007842375875068,0.01050229220201953,0,0,0,0,0.01041267342371661,0.05065847115801649,0,0,0,0.01318608609271,1,0,0,0,0,0,0,0,0.02326486058173671,0,0,0,0,0,0,0,0,0,0,0,0,0.05100977023495353,0,0,0,0,0,0,4,0,0,0,0,0.01784949684491508,0.01524118493312273,0,0,0,0,0.0161197018734871,0,0.01615077180680135,0,0.04358266771988105,0,0,0,0.03127761474047105,0.01558074014752888,fully_open
1,0,0.045,0.1984,41,912,126,6,13,0,12,0,0.00893781301662597,0,0.01323449438353291,0.03697756140471411,0.01519694639477108,0,0,0,0,0,0,0,0.01459378142516649,0,0,0.01465477948468875,0.03488898972524627,0.12948480340830656,0,0,0.01496454792161608,0,0,0,0,0.01563147499262259,0,0.01786408937526212,0,0,0,0,0.04156739374618226,0,0,0.08347760375296276,0,0.02081785690199533,0,0,0,0.04689739708858849,0.01829901489112469,0,0,0,0,4,0,0,0,0,0,0,0,0,0.02018500727961323,0,0,0.0421195233871087,0,0,0,0,0,0,0,0,closed
1,0,0.1048,0.1839,68,649,87,9,8,0,8,0,0,0,0,0.04930341520628548,0,0,0,0.02063677245839425,0,0,0,0,0,0,0,0,0,0.05179392136332263,0,0,0,0,0,0,0,0,0,0,0,0,0,0,0,0,0,0.111303471670617,0,0.02775714253599377,0,0,0,0,0,0,0,0,0,4,0.02644457561781737,0,0,0,0,0,0.10679419715993242,0,0,0,0,0,0,0,0,0,0,0,0,0,partially_open
0,0,0.0457,0.3406,42,920,138,5,27,0,20,0.02250586854118744,0.01001035057862109,0.01977073682000979,0,0,0,0,0.09948524918663246,0,0.05419182776242078,0,0,0,0,0,0,0,0,0.01450229798173033,0,0,0,0,0,0,0,0,0,0,0,0,0,0,0.02327774049786207,0,0.04756776798877008,0,0,0.06994799919070432,0,0,0,0,0,0,0,0,0,4,0,0,0.02439281781882755,0,0,0,0,0,0,0,0,0.02358693309678087,0.02777932750769833,0,0,0,0,0,0,0,fully_open
0,0,0.0803,0.15,89,1108,140,9,11,0.0246132496525543,10,0,0.00893781301662597,0,0,0.03697756140471411,0.01519694639477108,0,0,0,0,0.07019206073466178,0,0,0,0,0,0.0293095589693775,0,0.03884544102249197,0,0,0,0,0,0.01603659104722154,0.01983343171336303,0,0,0.01786408937526212,0,0,0,0.02071566947709781,0,0,0,0,0,0,0,0.01949194185623376,0,0,0,0,0,0,0,3,0,0.3333,0,0,0,0,0,0.02219440669122488,0,0,0,0,0.02480297098901636,0,0,0,0.06489561704329803,0.02638580234229753,0,0,partially_open
0,0,0.0375,0.0944,108,2878,413,14,22,0,17,0,0.00316783246158895,0,0,0,0,0,0.00393533422415476,0,0,0,0,0,0.00517247949246407,0,0,0,0,0.00458933480434504,0,0,0,0,0,0.00568385505471143,0,0.01108053923527677,0,0.00633157598110556,0,0,0,0,0,0,0,0,1,0.00737848092728948,0,0.0207256090623245,0,0.02493279338886983,0,0,0,0,0,4,0.00702957073385018,0,0,0,0,0,0,0,0,0,0,0,0.00879092642648681,0,0,0,0,0,0,0,partially_open
0,0,0.0228,0.1327,34,1492,211,5,16,0,12,0,0,0,0,0,0,0,0,0,0,0,0,0,0,0,0,0.00925565020085605,0.01101757570270934,0.00817798758368252,0,0,0.01890258684835716,0,0.01008512026674556,0,0,0.00987251052165637,0,0,0,0,0,0,0,0.02226473745249822,0,0,1,0.05259248059451452,0,0.02462140023945317,0,0,0.02311454512563119,0,0,0,0,4,0,0,0,0,0,0,0,0,0.02549685130056409,0,0,0.01330090212224485,0,0,0,0,0,0,0,0,partially_open
1,0,0.0401,0.0969,72,1797,227,9,12,0,10,0,0.01416559044144493,0,0.00699180835356456,0.00488382886477356,0.00802857545384133,0,0,0,0,0,0,0,0,0,0.00685004484212172,0,0,0.00684070659515582,0,0,0,0,0,0,0,0,0.01338762129478369,0,0.02043461069489495,0,0.02062763672853848,0,0.01098006627257644,0,0,0.01764055022704119,0,0,0,0,0,0,0,0,0,0,0.04840625552890065,4,0,0,0.01150604614095639,0,0.0724083362576744,0,0,0,0,0.01250172549153466,0,0,0.01310345637155581,0,0.01178650762235777,0.03992651935946089,0,0,0,0,closed
0,0,0.0963,0.1181,88,914,127,12,8,0,7,0.02083876716776614,0.01853768625670572,0,0.01372466084218228,0.03834710071599982,0,0,0,0,0,0.07279176668779741,0,0,0,0,0.01344638431972042,0,0.01809058726494251,0.02685610737357469,0,0,0.01551879043723149,0.02317675750110742,0,0,0,0.01621041851086787,0,0,0,0,0,0,0,0,0,0,0,0,0,0,0,0,0,0,0,0,0,4,0,0,0,0.02180360151209231,0,0,0,0.02301642175386284,0,0,0,0,0,0,0,0,0,0.08208916284270346,0,0,fully_open
0,0,0.0798,0.2586,70,877,116,8,18,0,12,0,0,0.08015163575679646,0,0,0,0,0.03781111666721672,0,0,0,0,0,0,0,0,0,0,0.07349137490741725,0,0,0,0,0,0,0,0,0,0,0,0,0,0,0,0,0,0,0,0,0,0,0,0,0,0,0,0.02586387977300355,0,4,0,0,0.0494449009841099,0,0,0,0,0.07558095251606313,0,0,0,0,0,0.02757055173684533,0,0,0,0,0,0,partially_open
0,0,0.0823,0.1158,164,1993,259,21,16,0,14,0.00499390574138774,0.00888492654907197,0.00877399563018186,0,0.00918968981655616,0,0,0,0.00769299801703454,0.00801654256840544,0.02616627116144197,0,0,0.00725371384446145,0.00794813533526297,0.00644471674495476,0,0,0,0.02013023794035018,1,0,0.0111083867313,0,0,0,0,0,0,0.00961273106653342,0,0,0.02059309155119782,0,0.00876097657154515,0,0.00829836534348978,1,0,0,0,0,0,0,0,0,0.0339750373349514,0,2,0,0.6667,0.01082521500835542,0,0,0,0,0,0,0.01176197842102965,0.01230438782059074,0,0,0,0,0,0,0,0,0,fully_open
0,0,0.0773,0.2435,59,763,115,10,15,0.03900967869461437,13,0,0.01416559044144493,0,0,0.02930297318864137,0,0,0,0.02453050311092147,0,0,0,0,0,0.02534405418225365,0,0,0.02764787865019516,0,0,0,0,0,0.0253079433108898,0,0,0.02477441319585468,0,0,0,0,0,0,0.03294019881772934,0.02793594416209683,0,0,0,0,0,0,0.06207792792744344,0,0.0290022122802731,0.3377800263841481,0,0,0,4,0,0,0,0,0,0,0,0.03517604079363944,0,0,0,0,0,0,0,0,0,0,0,0,partially_open
0,0,0.0393,0.1057,62,1578,227,8,14,0,10,0.083752755067396,0.01719335023045607,0,0,0.01185540136639689,0.0097446068485555,0,0,0,0,0.01125216240784654,1,0,0.00935784457796935,0,0.00831417656410194,0.02819087351253103,0,0.02490852706785745,0,0,0.00959558798027291,0,0,0,0.01271762033528621,0.01002323587313204,0,0,0,0,0,0.05313332018553333,0,0,0,0,0,0,0.01545765920912798,0,0,0.01503580670015814,0.01173371947217155,0,0.02769473401794465,0,0,4,0,0,0,0.01348161620213341,0,0,0.01283976034556439,0,0,0,0,0.01350396933021805,0,0.01557420479791263,0.01430576115996095,0,0,0,0,0.03068573250429352,fully_open
1,0,0.0678,0.2245,93,1371,196,12,23,0,21,0,0,0,0,0,0,0,0,0,0,0,0,0,0.00988610999769343,0,0,0.00992743126382141,0,0.00877155119862722,0,0,0,0.03027931221918873,0,0,0,0,0.01716638536992425,0,0,0,0,0,0,0,0.0575416548251251,0,0,0,0,0,0,0,0,0,0,0,0.12413862304992264,4,0,0,0,0.0142426751812861,0,0,0,0,0,0,0.03353937970451347,0,0,0,0,0,0,0,0.01626940444161599,0,closed
0,0,0.0537,0.074,118,2196,311,16,14,0.01148618317119201,9,0.06095339396571597,0,0,0.01235219475796405,0.02157024415274989,0.00709190831755984,0,0,0,0,0,0,0.0098442046773993,0,0,0.01210174588774838,0.0136777941857095,0.00814076426922413,0,0,0,0.0279338227870167,0,0,0.01496748497740677,0.00925560146623608,0.00729468832989054,0,0.01667315008357798,0.00902528639024527,0,0,0.01933462484529129,0,0,0,0.02337372905082957,0,0,0,0,0,0.04377090394934926,0,0,0,0.01063292835112368,0,3,0.00925560146623608,0.3333,0,0.00981162068044154,0,0,0.00934449225149408,0,0,0.01104319085085562,0,0.00982788879032536,0.0115747197948743,0.03400368047544257,0,0,0,0,0,0.05583098552864515,fully_open
0,0,0.098,0.1414,126,1286,198,15,16,0,12,0.01623019365951017,0,0,0.01068939930977658,0,0,0,0,0.03750336533304341,0.01302688167365884,0,0,0.01703804655703726,0.01178728499724986,0.03874715975940703,0,0,0,0,0,0,0.01208675024438222,0,0,0,0,0,0.02046761332567892,0.01442868757232709,0.01562068798311681,0,0,0,0,0,0,0,0,0,0,0,0,0.01893933343962228,0,0,0,0,0,4,0,0,0,0,0.0442804825575778,0.03780986262255448,0,0,0,0,0,0,0.02003316887574398,0,0,0,0,0,0,0,closed
0,1,0.0562,0.1237,82,1459,194,10,13,0,11,0.00715228873130956,0,0,0,0.08554978189395722,0,0,0,0.02203587567591251,0.01148131944119084,0.01249180741888048,0,0,0.01038879355689818,0.02276669273999056,0,0.02086443180870941,0,0,0,0,0,0,0,0.02283175674519677,0,0.03338247201814317,0,0,0,0,0,0,0,0.02509500068798528,0,0,0,0,0,0,0.02788245915385171,0,0,0.04334707360377688,0,0,0,3,0,0.3333,0.01550390963061073,0,0,0,0,0,0,0,0,0.01499169476490309,0.01765635222946927,0,0,0,0.03079791995275161,0,0.01709666229457952,0,fully_open
0,0,0.0373,0.1373,61,1636,255,12,19,0,16,0.00675176056235623,0.00600621034717265,0.02372488418401175,0.00889358022573412,0,0.01021234797728617,0,0.00746139368899743,0,0.05419182776242078,0,0,0.02835130947091,0.00980702111771188,0,0,0,0,0,0,0,0.01005617620332601,0,0.01073056796381727,0,0,0,0,0,0,0,0,0,0,0,0,0,0,0,0,0.01309858492738908,0,0.01575752542176573,0,0,0,0.0306228336512362,0,4,0,0,0,0,0,0.01572890285098266,0,0,0,0,0,0,0,0.01632176662821244,0,0,0,0,0,0,partially_open
0,0,0.0546,0.1422,97,1778,232,11,19,0,14,0.00629828410667558,0.00560280815967598,0,0,0.00579499096641042,0.01905288801732494,0,0.00696025530690059,0.00970236317073759,0.0101104156273173,0.01100024832408878,1,0,0.00914834059488049,0.01002414083327942,0.00812803828281607,0,0.01093535498851002,0,0,0,0.00938076138369963,0,0.01000985817520268,0,0,0.00979883507000222,0,0,0,0,0.02447607641669864,0,0.01302858609954966,0,0,0,1,0,0,0,0.01227660514983023,0,0,0,0,0.01428303808359897,0,4,0,0,0,0,0,0.044017452008347,0,0,0,0,0,0,0,0,0,0,0,0,0.0150552697817939,0,fully_open
0,0,0.0804,0.1286,79,982,140,10,9,0,9,0,0,0,0,0,0,0,0,0,0,0,0,0,0,0,0.06332308894752062,0,0,0,0,0,0,0,0,0,0.01937218911537784,0,0,0.03489729087260507,0,0,0,0,0,0,0,0,0,0,0,0.01903864088283298,0,0,0,0,0,0,0,3,0,0.3333,0,0,0,0,0,0,0,0.0462273105384654,0,0.02056999979370425,0,0,0,0,0,0,0,0,fully_open
1,0,0.0301,0.0769,37,1229,169,5,7,0,6,0,0.02421859010956715,0,0,0.09184749123106407,0,0,0.02005750991665977,0,0,0,0,0,0,0,0,0,0,0,0,0,0.0135163658646855,0,0.01442280640298021,0,0,0,0,0,0.01746829623918439,0,0,0,0,0,0,0.06031930077633438,0,0,0,0.03521124980480938,0,0.02117946965291093,0,0,0,0,0,4,0,0,0,0,0,0,0,0.02004656088239667,0,0,0,0.01902172023933941,0,0,0.04030225186999754,0,0.0390769306927386,0,0,0,closed
0,0,0.1137,0.07,160,1407,200,18,7,0,7,0,0.0477766732161461,0,0.01010634116560695,0,0,0,0,0.02363848481597887,0.02463264898291853,0,1,0,0.01114434217921805,0.02442245221198988,0,0,0,0,0,0,0,0,0,0,0,0,0,0,0,0,0,0,0,0,0,0,0,0,0,0,0,0,0,0.09299917609537584,0,0,0,4,0,0,0,0,0.02093259175449132,0,0,0,0,0.03614135187552749,0,0,0,0,0,0,0,0,0,0,partially_open
0,0,0.0626,0.1934,97,1549,212,12,21,0.01498197804938088,20,0,0.00544040792316363,0,0,0.00562702021376084,0,0,0,0,0.00981736010188782,0.01068140054657896,0,0,0,0,0.00789244297027068,0,0.01061838817724886,0,0,1,0.00910885525663588,0,0,0.00976140324613485,0.01207252365161228,0,0,0.01087379353276824,0,0,0.01188331246317977,0,0,0.03218706609980722,0,0,0,0,0,0,0.01192076152229892,0,0,0,0,0,0,3,0.03621757095483684,0.3333,0,0,0.03337079844918907,0,0.03656540446236817,0,0,0,0,0,0,0,0,0,0,0,0,0,partially_open
0,0,0.0488,0.1299,56,1147,177,7,13,0,10,0,0,0,0.01389621910270956,0,0.01595679371450964,0,0,0.03250291662197096,0,0,0,0.02214946052414844,0,0.03358087179148609,0,0,0,0,0,0,0,0,0.01676651244346449,0,0,0,0,0,0,0,0,0,0,0.01850756300738915,0,0,0,0,0,0,0,0,0,0,0,0,0,3,0,0.3333,0.02286826670515083,0,0,0,0,0,0.0211942576435939,0,0,0,0,0.02550276035658193,0,0,0,0,0,0,fully_open
0,0,0.1087,0.1138,127,1168,167,13,10,0,9,0.01520666793323475,0.01352750078192039,0,0,0,0,0,0,0,0,0,0,0.01596357515253942,0,0,0,0,0,0,0,1,0.01132452275149325,0,0,0,0.01500908345876121,0,0,0,0,0,0.01477384792719647,0,0,0,0.016070191888098,0,1,0,0,0,0,0,0,0,0,0,0,4,0,0,0,0.01591073623855385,0,0,0,0,0,0,0,0.01593711695728437,0.01876981588357995,0,0,0,0,0,0,0,fully_open
0,0,0.0432,0.0554,83,1922,271,12,8,0,7,0,0.00962533709482797,0,0,0,0,0,0.01793604252162844,0,0.00868458778243922,0,0,0,0.00785818999816657,0,0,0,0,0.00697225864506266,0.01090387888435635,0,0,0,0,0,0,0.00841694807295062,0,0,0,0,0,0,0,0,0,0,1,0,0,0,0,0.01262622229308151,0,0,0,0,0,4,0,0,0,0,0,0,0,0,0,0,0,0,0,0,0,0,0,0,0,0,partially_open
1,0,0.0912,0.1617,117,1283,167,17,14,0,13,0,0.02230028594247272,0.01468124021287855,0,0.01537680771285141,0,0,0.00923439812994731,0.0514897689060926,0,0.01459438886562274,0,0.0350882542956807,0,0.05319742065977994,0,0,0.0145082927570331,0.03230709946425075,0,0,0.01244576262787872,0,0.01328040589581346,0.01333736285115455,0,0,0,0,0,0,0.01623660514771098,0,0,0,0,0.01388538359455222,0,0,0,0,0.0325755463381634,0.03900377579644984,0,0,0.01796044631856806,0,0,4,0,0,0,0,0,0,0,0.0184587144758702,0,0,0,0.01751504932929272,0,0,0.01855499714806817,0,0.01799086413081529,0,0,0,closed
1,0,0.0608,0.1643,96,1580,213,11,21,0,14,0,0.01656124176610107,0,0.00817424653100562,0.01712931153306609,0.0093863492438292,0,0,0,0,0,0,0,0.00901380617436754,0,0,0.01810296289285081,0,0.01599518159749669,0,0,0,0,0,0,0,0,0.01565170430787211,0,0.01194523198708932,0,0.02411613411645307,0,0.01283698924514452,0,0,0.01031193928713069,0,0,0,0,0,0,0,0,0,0,0.02829630378343824,2,0.02450012152827198,0.6667,0,0,0,0,0.01236771033285982,0,0,0,0,0,0,0,0,0.06223839782504198,0,0,0,0,closed
0,0,0.0779,0.1345,123,1578,223,16,16,0.01708688405631869,14,0,0,0,0,0,0,0,0.03083220532643567,0.02148953165088989,0,0,0,0.02928854284184918,0,0.02220222928362716,0.01800259718838602,0,0,0,0,0,0.01038861178029546,0,0.01108529748328231,0,0,0,0,0,0,0,0.01355286875965958,0,0,0.02447281058828317,0,0,1,0,0,0,0,0,0,0,0,0.01581757936530795,0,3,0,0.3333,0,0,0,0.01624886658159366,0,0,0,0,0,0,0,0,0,0,0,0,0,0,partially_open
0,1,0.0399,0.142,43,1077,162,7,13,0,10,0,0,0,0,0,0,0,0,0,0,0,0,0,0.01532347049642482,0,0,0,0,0,0,0,0,0,0,0,0,0.04923914622676117,0,0,0.02030689437805186,0,0,0,0,0,0,0,1,0,0,0,0,0,0,0,0,0,0,4,0,0,0,0,0,0,0,0,0,0,0,0,0,0,0,0,0,0,0,0,fully_open
1,0,0.0366,0.1023,55,1501,215,8,11,0,11,0,0,0,0.03705658427389217,0.01294214649164993,0,0,0.00777228509270565,0,0,0.01228361062856581,0,0,0,0,0.00907630941581128,0.01025834563928212,0.01221114640383619,0,0,0,0,0,0.01117767496230966,0.01122561373305507,0,0.01094203249483581,0.01773859821558839,0.01250486256268348,0.0135379295853679,0,0,0,0,0,0,0,1,0.01457249983139673,0,0,0,0,0,0,0,0,0.06413828857579336,2,0,0.6667,0,0.01471743102066231,0.01918820910828371,0,0,0,0,0,0,0.01474183318548804,0,0.01700184023772128,0.03123424519924808,0.01763421271709522,0,0.01847006163960828,0,0,closed
0,0,0.0381,0.0874,56,1469,206,8,9,0.01782338767943588,9,0.00727560405426318,0.0064722094258326,0,0,0.06694213702577555,0.02200937064070295,0,0,0,0,0,0,0,0,0,0,0,0,0,0,0,0,0,0,0,0,0,0,0.01293606472001739,0,0,0,0.01500100203513979,0.01505026325292806,0,0,0.0725391591232642,0,0.01507499982558282,0,0,0,0.05094027614794957,0,0,0.0781898740592834,0,0.08293744212387072,4,0.0143621402062284,0,0,0,0,0,0,0,0.0146167294093751,0,0,0.0152501722608497,0,0,0,0,0,0,0,0,fully_open
0,0,0.0552,0.2102,65,1178,157,10,18,0,15,0,0.00715025041330077,0,0.02117519101365267,0,0,0,0,0,0,0,0,0.01687577944697024,0,0,0.01037292504664147,0,0,0,0,1,0,0,0,0,0,0,0,0,0,0,0,0,0,0.01410100038658221,0,0.01335641660047404,1,0.03330857104319253,0,0,0,0,0.01463921191289975,0,0,0,0,4,0,0,0,0,0,0,0,0,0,0,0,0,0,0,0,0,0,0.02110864187383803,0,0,fully_open
1,0,0.037,0.1,49,1326,180,7,11,0,7,0.00733887017647416,0,0.01289395879565856,0,0.00675242425651301,0.01110037823618062,0,0.0162204210630379,0,0,0,0,0,0,0,0.02841279469297446,0,0,0.03783208169147045,0,0,0,0,0.01166366083023616,0.02342736779072364,0.01448702838193473,0.02283554607617909,0,0.01304855223932189,0,0,0,0,0.01518113510730135,0.01287482643992288,0,0.01219498906999803,0,0,0,0.01423759231237944,0,0.01712774502365841,0,0,0,0,0.01673172745455478,2,0.01448702838193473,0.6667,0,0.01535731932590849,0.02002247906951344,0,0.01462616178494726,0,0,0,0,0,0,0,0.06518451172016992,0,0,0,0,0.06991010361847741,closed
0,1,0.0691,0.1854,90,1303,178,13,19,0,14,0,0,0,0,0.00739551228094282,0,0,0.03553044613808302,0.01238206347503655,0.02580563226781942,0,0,0.01687577944697024,0,0.01279271306342327,0.01037292504664147,0,0.01395559589009851,0,0,0,0,0.01787921292942573,0.01277448567121104,0.0384878185133317,0,0,0,0,0,0,0,0,0,0.02820200077316442,0,0.01335641660047404,0,0,0,0,0.0313345731443286,0,0,0.12178463536299218,0,0,0,3,0,0.3333,0.03484688259832508,0,0,0,0,0.01775552535297991,0.01614800582369059,0,0,0,0,0,0,0,0,0,0,0,fully_open
0,0,0.0381,0.0605,64,1680,248,12,8,0.01466321255896852,7,0.01795681000626657,0,0,0,0,0.00905349997986362,0,0,0,0,0,0,0,0.008694167657546,0,0.03862259325877144,0,0.02078493004908288,0,0,0,0,0,0,0,0,0,0,0,0,0.01286528424237854,0,0,0,0.01050074496873143,0,0,0,0,0,0,0,0,0,0,0,0,0,3,0,0.3333,0,0,0,0,0,0,0.01202511071976958,0,0,0,0,0,0,0,0,0,0,0,fully_open
0,0,0.0662,0.2632,67,1012,152,9,25,0,15,0,0.03951454175771482,0,0,0,0,0,0.03681608728123733,0,0,0,0,0,0,0,0,0.01619738785149809,0,0,0,1,0,0,0.01764896046680473,0.03544930652543709,0,0,0,0,0,0,0,0,0,0,0,0,1,0,0,0,0,0,0,0,0,0,0,3,0,0.3333,0,0,0,0.02586990600490569,0,0,0.02230974488799357,0,0,0,0,0,0,0,0,0,0,0,fully_open
1,0,0.1028,0.4375,82,798,112,9,30,0,19,0.02192130052713062,0.00975034147268288,0,0.01443763023658136,0,0,0,0,0,0,0.01914328929127139,0,0,0.01592048882745436,0,0.02828979558174947,0,0,0,0.02209097540207261,0,0,0,0,0,0,0,0,0,0,0.0235585075087711,0,0,0,0,0,0,1,0,0,0,0,0,0,0,0,0,0.07496683080287535,4,0.0432729419200648,0,0,0,0,0,0,0,0,0,0,0,0,0,0,0,0,0,0,0.05220559685795391,partially_open
0,0,0.0896,0.1702,129,1439,188,16,19,0,13,0,0,0.01106571090672189,0,0.00579499096641042,0,0,0.00696025530690059,0,0.0101104156273173,0.01100024832408878,1,0,0,0,0,0,0,0,0,0,0,0,0.01000985817520268,0.03015836525298379,0,0.03919534028000889,0,0,0,0,0,0,0,0.02209858269539003,0,0,1,0,0,0,0.09821284119864188,0,0,0,0,0,0,3,0,0.3333,0,0,0,0,0,0,0,0,0,0,0,0,0,0,0.01356027818815182,0,0,0,fully_open
0,0,0.1082,0.0321,137,1266,187,17,3,0,3,0,0,0.05441487198167832,0,0.01424823466970635,0,0,0.0342265765550341,0.01192767582457649,0.03728795488239962,0,0,0,0,0.01232325570329764,0,0,0.01344346393082884,0,0,0,0,0.05166928507127619,0,0,0.01528447948552747,0,0,0.01376682116992677,0,0,0,0.04789310741494174,0,0,0,0.02573254574403255,0,0,0,0,0,0,0,0,0,0,0,3,0,0.3333,0,0,0,0,0,0,0.03111083690802774,0,0,0,0,0.01871762228006013,0,0,0,0,0,0,fully_open
0,0,0.0624,0.163,57,913,135,8,13,0,9,0,0,0,0,0.02098726458105395,0,0,0,0,0,0.03983873717372696,0,0,0,0,0.01471833959320749,0,0.01980185903324789,0,0,1,0.01698678412723988,0,0,0,0,0.01774383647811213,0,0,0,0,0.02216077189079472,0,0,0,0,0,0,0.02363108080767037,0,0.02212598805302211,0,0,0.02077185474127668,0,0,0,0,4,0,0,0,0.02386610435783077,0,0,0.04545969203429556,0,0,0,0,0,0,0.02757055173684533,0,0,0,0,0,0,fully_open
1,0,0.0312,0.1379,52,1665,232,6,17,0,15,0.00625163015032984,0.00556130587701171,0,0.00823479650530937,0,0,0,0,0,0,0,0,0.01312560623653241,0,0,0,0.00911852945713966,0,0,0,0,0,0,0,0,0.01234080195498144,0,0,0,0,0,0,0.01288974989686086,0.02586415610873563,0,0,0,0,0,0.01499965449182049,0,0,0,0,0,0,0,0.05701181206737187,3,0.01234080195498144,0.3333,0,0.02616432181451077,0.05116855762208991,0,0,0,0,0,0,0,0,0,0,0.01567485574852909,0,0,0.01494374926489172,0,closed
0,0,0.0601,0.1311,87,1447,206,11,14,0,13,0.00733887017647416,0,0.01289395879565856,0,0.02700969702605204,0,0,0,0.01130536230329424,0,0,0,0,0,0.01168030323182125,0,0,0,0,0,0,0,0,0,0,0,0,0,0.01304855223932189,0,0,0,0,0,0.01287482643992288,0,0,0,0.01520608678058789,0,0,0,0,0,0.06671680024233484,0,0.01664284437567184,0,3,0,0.3333,0,0,0,0,0,0.03242313325326766,0,0,0,0,0,0,0,0,0,0,0,0,fully_open
0,0,0.0814,0.3284,32,393,67,5,11,0.06460978033795506,11,0.07912219409011209,0,0,0.06948109551354782,0.02426652467184363,0,0,0,0,0,0.0460635398571218,0,0,0,0,0,0,0,0,0,0,0,0,0,0,0,0,0,0,0,0,0,0,0,0,0,0,0,0,0,0,0,0,0,0,0,0,0,4,0,0,0,0,0,0,0,0.05826031756446532,0,0,0,0,0,0,0,0,0,0,0,0.1884295761591774,partially_open
0,0,0.0891,0.1834,119,1336,169,14,18,0,13,0.02164025821268023,0.00641689139655198,0.05069419697438408,0,0,0,0,0,0,0,0,0,0,0.0104775866642221,0,0.00930903529826798,0,0,0,0,0,0,0.01604544750076668,0,0,0,0,0,0.02565100012858151,0,0,0,0,0,0,0,0,1,0,0,0.01399421466601398,0,0,0,0,0,0,0,4,0,0,0,0,0,0,0,0,0,0,0,0,0,0.01743778485920132,0,0,0,0,0,0,fully_open
0,0,0.0689,0.0355,138,2003,282,19,5,0,5,0.00514615896521054,0,0.00904149549695569,0,0,0,0,0.02274815149084583,0.01585508127901022,0.04130474677013779,0,0,0.04321845955931403,0,0.03276182613803521,0.01328240402313847,0,0,0,0,0,0,0,0,0,0,0.00800636524012376,0,0,0,0,0,0,0,0.03611231806319834,0,0,0,0,0,0.00998367753611973,0,0,0.00937266616374679,0,0,0,0,3,0,0.3333,0.01115525205129308,0,0,0,0,0,0,0,0.02535904319121751,0.02157341441778738,0.012703960750471791,0,0.01142716287777369,0,0,0,0,0,fully_open
0,0,0.0363,0.2235,42,1157,179,5,23,0.02297236634238402,17,0.03750978090197907,0.00834195881551757,0,0,0.01725619532219991,0.01418381663511968,1,0.03108914037082263,0,0,0.01637814750475441,0,0,0,0,0,0,0,0.02417049663621722,0.01890005673288434,0,0,0,0,0,0,0.01458937665978108,0,0.01667315008357798,0,0,0,0,0,0,0.0396398066573084,0.01558248603388638,0,0,0,0,0,0,0,0,0,0,0,4,0,0,0,0,0,0,0,0,0.01883934012763902,0,0,0,0.04629887917949722,0.02266912031696171,0,0.04702456724558727,0.020189747524581612,0,0,0,fully_open
0,0,0.07,0.1467,72,1029,150,8,12,0,10,0.00970080540568424,0.0345184502711072,0,0.01277813250823868,0.01785123654020681,0,0,0.01072039323131815,0,0.0155723642995462,0.03388582242362983,1,0,0,0,0.05007618988033814,0,0,0.02500396203746609,0,0,0,0,0,0,0,0,0.02446703202150123,0.01724808629335653,0,0.02085063308247557,0,0,0,0,0,0,0,0,0,0,0,0.04528024546484406,0,0,0,0,0,3,0,0.3333,0,0,0,0,0,0,0,0,0,0,0,0,0,0,0,0.02547594708911486,0,0,fully_open
0,0,0.0434,0.1513,72,1659,238,10,21,0,15,0,0.00552041392203368,0,0,0.00570977051102203,0,0,0,0,0,0,0,0.01302909442596967,0,0,0,0,0,0,0,0,0,0,0,0,0.02450012152827198,0,0,0,0,0,0,0,0,0,0,0,1,0,0,0,0,0,0,0,0,0,0,4,0,0,0,0,0,0,0,0,0,0,0,0,0,0,0,0.01555959945626049,0,0,0,0,partially_open
0,0,0.0787,0.1382,122,1550,217,13,15,0,15,0,0,0,0,0,0.01029470562226428,0,0,0.03145443544061705,0.02185154345258902,0,1,0,0.01977221999538686,0,0.00878352524110769,0,0,0,0,0,0,0,0,0,0,0,0,0.01210147989937111,0.01310122217938829,0,0,0,0,0,0,0,0,0,0.01633026900319166,0,0,0,0,0,0,0,0,4,0.01343555051550399,0,0,0,0,0,0,0,0,0,0,0,0,0,0,0,0,0,0,0,fully_open
0,0,0.0909,0.2121,94,1034,132,10,14,0,14,0,0,0,0,0,0,0,0,0.01300116664878838,0,0,0,0.01771956841931875,0,0,0,0,0,0,0,0,0,0,0,0,0,0,0,0,0,0,0,0,0,0,0,0,0,0.01748699979767608,0,0,0,0,0,0,0,0,0,3,0,0.3333,0,0,0.02302585092994046,0,0,0,0,0,0,0,0,0,0,0,0,0,0,0,closed
0,0,0.0688,0.1649,48,698,97,7,8,0.03230489016897753,8,0.10549625878681612,0,0,0,0.09706609868737454,0,0,0,0,0,0.1151588496428045,0,0,0,0,0,0,0,0.01699488044734023,0,1,0,0,0.02095814055433061,0,0,0.02051631092781715,0,0.02344661730503153,0.02538361797256482,0.02834382934649023,0,0,0,0,0,0,0,0,0,0,0,0,0,0,0,0,0,3,0,0.3333,0,0,0,0,0,0,0,0,0,0,0,0,0,0,0.02839183245644289,0,0,0,fully_open
0,0,0.0665,0.0887,151,2270,327,21,18,0,11,0.01383557492286113,0,0.00810276099180729,0,0.01272998015572125,0.03487823762734348,0,0.01528974116597834,0.00710446264961113,0.00740325515880065,0.0402741332084125,1,0,0.00669878491646986,0.00734008126589859,0.00595167830545002,0,0,0,0.00929510986863164,0,0.00686897281647951,0.03077569438671642,0.00732962292610469,0,0.01820774058931688,0.00717510327530217,0,0,0,0.00991259605560314,0,0,0,0,0,0,0,0,0.02213063777481712,0.00894712085204172,0,0,0,0,0,0,0,4,0.01820774058931688,0,0,0,0,0.02148757220079598,0,0,0.00926524924310115,0,0,0,0,0,0,0,0.07943507222786207,0,0,0,fully_open
0,0,0.0717,0.1286,75,1046,140,12,10,0,8,0.02665168643035355,0.00790290835154296,0.01560847643684983,0,0.0572179108051892,0,0,0.01963524654999324,0,0,0.10861297818942402,1,0,0,0,0.03439443568096909,0,0.01542460598379309,0,0,0,0.01323181079385001,0,0.01411916837344378,0,0,0.02764302946063785,0.02240665037758534,0,0,0,0,0,0,0,0,0,1,0,0,0,0.01731647463239212,0,0,0,0.01909479029658289,0,0,4,0,0,0,0,0,0,0,0,0,0,0,0,0,0.02147600872133215,0,0,0.019127129233814152,0.0233306041763473,0,0,fully_open
0,0,0.0836,0.0966,95,1137,145,13,7,0,7,0,0,0.04539199780104289,0,0.00792376315815302,0.01302595405266093,0,0.02855125136095956,0,0.0138244458577604,0,1,0.01808119226461097,0,0,0.02222769652851744,0.01256123955830464,0,0,0,0,0.02565351072277043,0,0.0273738978668808,0,0,0,0,0,0,0,0,0,0,0.03021642939981901,0,0,0,0,0,0,0,0.02009888446653792,0,0.02609670757778403,0,0.03905973680004616,0,3,0,0.3333,0,0,0.02349576625504128,0,0,0,0.01730143481109706,0,0.02121879124163097,0.01805122430876087,0,0.02081857988292402,0,0,0,0,0,0.02050934162276761,fully_open
0,0,0.0423,0.0921,47,1111,152,7,8,0,6,0,0,0,0.03474054775677391,0.00808884155728121,0.0265946561908494,0,0.01943071273176415,0,0.01411245514646374,0,0,0,0,0,0,0,0,0.01132992029822682,0.01771880318707907,0,0.01309397943141407,0,0.01397209370288707,0,0,0,0,0,0.01692241198170988,0,0,0.01812621079246058,0,0,0,0.01460858065676848,1,0,0,0,0,0,0,0,0,0.01993674065835689,0,2,0,0.6667,0.01905688892095902,0,0,0.02048034225388367,0,0,0,0.02070598284535429,0,0,0,0,0,0,0,0,0.02101464740375399,0,fully_open
1,0,0.0366,0.0816,53,1449,196,6,9,0,7,0.01993630087309911,0,0,0.02626057153267949,0.00611439991731493,0,0,0.00734389142617857,0,0,0,0,0,0,0,0.03430416157157022,0.00969292501349492,0,0,0,0,0.01979562244749214,0.01478202643771418,0,0,0.02623635061295267,0,0,0,0,0,0.01291257574739219,0,0.01374669714440673,0.02331661481245877,0,0,0,0,0,0,0,0,0,0,0,0.03014058430239783,0,2,0,0.6667,0,0,0,0,0,0,0.02670142695255924,0,0,0,0.01640511466990059,0,0.02951267262921078,0.01666224823662541,0,0,0,0.01582610613410414,partially_open
0,0,0.0457,0.0905,66,1445,210,10,10,0.01627962969145324,9,0.03987260174619822,0.01182324871490679,0,0.03501409537690599,0.02445759966925972,0,0,0,0,0,0,0,0,0,0,0.00857604039289255,0,0,0.00856434920180925,0,1,0.00989781122374607,0,0,0,0.01311817530647633,0,0,0,0,0,0,0,0,0.01165830740622938,0,0.01104270663818719,0,0,0,0.01289230799939871,0,0,0,0,0,0,0,1,0.01311817530647633,1,0.01440520737332335,0.02781246807054294,0,0,0,0,0,0,0,0,0,0,0,0,0,0.01745202674608656,0,0.01582610613410414,partially_open
0,0,0.0936,0.1494,103,1101,174,19,13,0,13,0.01962721093708206,0.0174599137999205,0.01724192164535737,0.05170686177752396,0.01805880905811619,0,0,0.01084504896656603,0,0.03150687660605859,0,0,0,0.0285087823189299,0,0,0.01431397065946343,0,0,0,0,0,0,0,0,0,0,0,0,0.03778026861032903,0,0,0,0,0,0.02074175929742881,0,0,0,0,0,0,0,0,0.05947621727029851,0,0,0,3,0,0.3333,0,0,0,0.0457235547993682,0,0,0,0,0,0,0,0,0,0,0,0,0,0,closed
0,1,0.056,0.0848,88,1572,224,11,10,0,9,0.00625163015032984,0,0.01098374267778321,0,0.01150413021479994,0,0,0.0069086978601828,0.01926098762783464,0,0.01091876500316961,0,0,0,0.0198997758764362,0,0,0,0,0,0,0.0093112742623389,0,0.00993571107760859,0.00997832331827118,0,0.04863125553260362,0,0,0,0,0,0,0,0,0,0.01038832402259092,1,0,0,0,0,0,0,0,0,0,0.02850590603368593,3,0,0.3333,0,0,0,0,0,0,0,0,0,0.01310385172043381,0,0.01511274687797448,0,0,0,0,0,0,fully_open
0,0,0.0902,0.3185,90,998,135,10,22,0,21,0,0,0,0.01355728692947274,0,0,0,0.01137407574542291,0,0,0,0,0.02160922977965701,0,0,0.01328240402313847,0.03002442626131354,0.01786997034707736,0,0,0,0,0,0,0,0,0,0.02595892421793424,0,0,0,0.01999874536486352,0,0,0,0,0,1,0,0,0,0,0,0,0,0,0,0,4,0,0,0,0.02153770393267655,0,0,0,0,0,0,0,0,0,0,0,0.05161232990369335,0,0.1081174339879509,0,0.02451116437842958,fully_open
0,0,0.1266,0.1361,118,932,147,15,10,0,10,0,0.02241123263870393,0,0,0,0.03810577603464989,0,0.02784102122760236,0.01940472634147519,0,0,1,0,0,0.02004828166655885,0,0,0.02187070997702005,0,0,0,0.03752304553479855,0,0.02001971635040536,0,0,0,0,0,0,0,0,0,0,0.08839433078156012,0,0,0,0,0,0,0,0,0,0.11451391086370906,0,0,0,4,0,0,0,0,0,0.05868993601112933,0,0,0,0,0,0,0,0,0,0,0,0,0,0,fully_open
0,0,0.0601,0.1742,73,1215,155,8,19,0.02153659344598502,8,0,0,0,0.0115801825855913,0.02426652467184363,0,0,0,0.01354288192582123,0,0,0,0.05537365131037111,0,0.0139920299131192,0.04538154707905643,0.01282293204910265,0,0,0,1,0,0,0,0,0,0,0,0,0.01692241198170988,0,0,0,0,0,0,0,0,0,0,0.01705544912420454,0,0,0.0160116380297341,0,0,0,0,1,0,1,0,0,0.02398526138535464,0,0,0,0,0.02070598284535429,0,0,0,0,0.0390428064990601,0,0,0,0,0,partially_open
1,0,0.0559,0.118,65,1162,161,9,10,0,9,0.00897840500313328,0.00798698184464448,0,0,0.0578266119839678,0,0,0.00992206607579446,0,0,0,0,0,0,0,0,0,0.01558869753681216,0,0,0,0,0,0.0142693722923102,0.01433057072304903,0.01772349216938824,0,0,0,0,0,0,0,0,0,0,0.05967760608722444,0,0,0,0,0,0,0,0,0,0,0,3,0,0.3333,0,0,0,0,0.05368112570007241,0.03966659919282745,0,0,0,0,0.02216435705401462,0,0,0,0,0,0,0.02138207956416197,partially_open
0,0,0.0498,0.1161,79,1587,224,9,17,0.01590394592934278,9,0,0,0,0,0.01194659676152302,0.00981956536277516,0,0,0,0,0,0,0,0,0,0.00837813176844119,0.00946924212856811,0,0,0,0,0,0,0,0,0,0,0,0,0,0,0.01261459323014468,0,0,0,0,0,0,0,0,0,0,0,0,0,0,0,0.01480114351749077,4,0,0,0,0.01358532094214982,0,0,0,0,0,0,0,0,0,0,0.01441580547657604,0.09766640889468128,0,0,0,0.01546088830024019,partially_open
0,0,0.041,0.142,53,1293,176,7,15,0,10,0,0,0,0.011702079244387001,0,0.04031189991034015,0,0.00981762327499662,0,0.0142610073059002,0,1,0,0.01290397515488406,0,0.02292962378731273,0,0,0,0,0,0.01323181079385001,0,0.01411916837344378,0,0,0.02764302946063785,0,0,0,0.01909479029658289,0,0.01831701301132859,0,0,0,0,0,0,0,0,0,0,0,0,0,0,0,3,0,0.3333,0,0,0,0,0,0,0.01784779591039486,0,0,0,0,0,0,0,0,0.0233306041763473,0,0,partially_open
0,0,0.0854,0.3485,80,937,132,12,25,0.02552485149153779,21,0,0,0,0.06862330421091142,0,0,0,0,0,0,0,0,0,0,0,0.02689276863944085,0.06079019638093112,0,0,0,0,0,0,0,0,0,0,0,0,0,0,0,0,0,0,0,0,0,0,0,0,0.02030944555650927,0,0.01897675618338857,0,0,0,0,4,0,0,0,0,0,0,0,0,0,0.02454042411301249,0,0,0,0,0.02313647792536895,0,0,0,0,0,fully_open
0,0,0.0866,0.2768,68,785,112,10,17,0,14,0.01096065026356531,0,0.01925721118832122,0,0,0,0,0.0121126520925283,0,0,0,0,0,0.03184097765490872,0,0,0,0,0,0,0,0,0,0,0,0.0216364709600324,0,0,0,0,0,0,0,0,0,0,0,0,0,0,0,0,0,0,0,0,0,0,3,0,0.3333,0,0,0,0,0,0,0,0,0,0,0,0,0,0,0,0,0,0,partially_open
0,1,0.0449,0.0945,107,2385,328,15,18,0,13,0.01272316688886224,0,0,0.00558641973978274,0,0,0,0,0.01306649914451093,0.00680801856311818,0,0,0.00890430573835113,0,0.01349984795637631,0.0164194542195581,0,0.00736350536914745,0,0,0,0,0,0,0.00676921431138999,0,0.01319642109929947,0,0.02262186192244248,0.00816357562936758,0,0,0,0.00877301777557615,0,0,0,1,0,0,0,0.04133329372053396,0.02969382931237261,0,0,0.00911560340791645,0.00961772413669478,0,3,0,0.3333,0.00919327304729681,0.00887483277627878,0,0,0,0,0.00852030458033925,0,0.02089890996663151,0.00888954764954053,0,0,0,0,0,0,0,0,fully_open
0,0,0.0428,0.1354,71,1660,229,9,17,0.0155452103068764,14,0,0,0,0,0.01751568698118036,0,0,0.00701258805356901,0,0,0,0,0,0,0,0,0,0,0,0,1,0,0,0,0,0.01252637792422928,0,0,0.01128258276332344,0,0,0,0,0,0.01113236872624911,0,0.01054453942142687,1,0.02629624029725726,0.0152252132059832,0,0.01236891045170865,0,0,0,0,0,0,4,0,0,0.02751069678815137,0,0,0,0,0,0,0,0,0,0,0,0,0,0,0,0,0,partially_open
0,0,0.1074,0.2245,112,1043,147,14,20,0,13,0.01004726274160153,0,0,0.02646898876706583,0,0,0,0.02220652883630188,0,0,0,1,0,0.01459378142516649,0,0,0.04396433845406625,0,0,0,0,0,0,0,0,0,0,0,0,0,0,0,0,0,0,0,0,0,0,0,0.09745970928116882,0,0,0,0,0,0.02278484646669359,0,4,0,0,0,0,0,0,0,0,0,0,0,0,0,0,0,0,0,0,0.02401673989000456,0,fully_open
0,0,0.0866,0.1049,93,1074,162,12,9,0,8,0,0.00926884312835286,0,0.01372466084218228,0.00958677517899995,0,0,0.05757248216819007,0.01605082302319553,0.01672587276617925,0.01819794167194935,1,0,0,0.01658314656369683,0.01344638431972042,0,0,0,0,0,0,0,0.04967855538804294,0.0997832331827118,0,0,0,0,0.02005619197832282,0,0,0,0,0.01827907457519916,0,0,0,0.02158888863910627,0,0.02021386562868686,0,0.07295150658224876,0,0,0,0.02362872966916373,0,3,0,0.3333,0,0,0,0,0,0,0,0,0,0,0,0,0,0,0.02243305280509067,0,0,0,partially_open
0,0,0.0318,0.0612,58,1826,245,7,8,0.01316887242557045,7,0,0.00478201460762154,0,0,0.02473021622608268,0,0,0,0.0082809978654703,0,0.00938874697724775,0,0,0,0,0.00693730655985576,0,0,0,0,1,0,0,0,0,0,0,0,0,0,0,0,0,0,0.00943060535408364,0.0113617280227954,0.06252844714234662,0,0,0,0,0.0314343647785462,0,0,0,0.01155417247245461,0,0.01225572393168026,4,0.01061151760460187,0,0.02330523995429384,0,0.01466614708913405,0,0.07499401424765956,0,0,0,0,0,0,0,0.01193665421627315,0,0.01157374061918691,0,0,0.03840602826174316,partially_open
0,0,0.0674,0.1854,82,1216,151,8,15,0,13,0.0363780202713159,0.0064722094258326,0.05113121591381842,0,0,0,0,0,0,0,0,1,0,0,0,0,0,0,0.00937648576404978,0,0,0,0,0,0,0,0,0,0,0,0,0,0,0,0,0,0,1,0,0,0,0.02836319120822847,0,0,0,0,0,0,3,0.04308642061868521,0.3333,0,0,0.01984987149132798,0,0,0,0,0.01713598580305183,0,0.0152501722608497,0,0,0,0,0,0,0,0,fully_open
1,0,0.0423,0.0465,79,1869,258,12,6,0,6,0,0,0,0.00703606030516939,0,0.04039694611268264,0,0.00590300133623214,0,0,0,0,0,0,0.00850148652949014,0.01378679911262474,0,0,0,0,0,0,0.02376351085556584,0.00848937338909594,0.01705156516413429,0,0,0,0.00949736397165834,0,0,0.01037909569568866,0.01101339389921656,0,0.00937091797842488,0,0,0,0,0,0,0,0,0,0,0,0,0,3,0,0.3333,0,0,0,0.01244375225552425,0,0,0,0,0,0,0,0,0,0,0,0,0.01276839335924293,0,fully_open
1,0,0.0301,0.0723,54,1795,249,6,10,0,8,0,0.00484371802191343,0,0,0.00500986315805804,0,0,0,0,0,0,0,0,0.00790888799815474,0,0,0,0,0,0,0,0.00810981951881129,0.01211172488767549,0,0,0,0,0,0,0,0.01170325856887338,0.01057998141883102,0,0.01126342282154616,0,0,0,0,0.03384580606001822,0,0,0,0,0,0,0,0,0.01241386230499226,4,0,0,0,0,0,0,0,0,0.0109389716870162,0,0.01341575188180539,0,0,0,0.01209067556099926,0.08191376229876493,0,0,0,0,closed
0,0,0.0875,0.2143,113,1292,168,13,20,0,16,0.00703308391912107,0,0,0,0.00647107324582496,0,0,0,0,0,0,0,0,0,0,0,0,0,0,0.01417504254966325,1,0,0,0,0,0,0,0,0,0,0,0.02733161866531348,0,0,0,0,0,1,0,0,0,0,0,0.01280931042378728,0,0,0,0,4,0,0,0,0.01471743102066231,0,0,0,0,0,0.01656478627628343,0,0.01474183318548804,0,0,0,0.05290263815128569,0,0,0.01681171792300319,0,fully_open
0,0,0.1058,0.301,77,728,103,10,18,0,13,0,0,0.02513229256780905,0,0,0.02163633046035205,0,0,0,0.02296263888238168,0,0,0,0,0,0,0,0,0.01843512455304704,0,0,0,0,0,0,0,0,0,0,0,0,0,0,0,0,0,0,0,0,0,0,0,0.03338458775797825,0.02605283476024533,0,0,0,0,4,0,0,0,0,0,0,0,0,0,0,0,0,0,0,0,0,0,0,0,0,closed
0,0,0.1444,0.4615,94,651,91,13,23,0,19,0.04291373238785741,0,0.12566146283904528,0,0,0,0,0,0,0.02296263888238168,0,0,0,0,0,0,0,0,0,0,0,0,0,0,0,0,0,0,0,0,0,0,0,0,0,0,0,0,0,0,0,0,0,0,0,0,0,0,3,0,0.3333,0,0,0,0,0,0.03159881630615068,0,0,0,0,0.10593811337681568,0,0,0,0,0,0,0,fully_open
0,0,0.0671,0.102,121,1802,255,15,14,0,12,0,0.02042928689514508,0.02017422124490795,0,0.02113003508840806,0.01736793873688124,0,0,0,0.04608148619253468,0.0401097489912353,0,0,0.00833930367152371,0,0,0.05024495823321858,0,0,0.05785731652923778,1,0,0,0,0,0,0,0,0,0.01105137109009624,0.01234017059983248,0,0,0,0,0,0,0,0,0,0,0,0,0,0,0,0,0,4,0,0,0.02489063042737505,0.02402845880924458,0,0,0,0,0,0,0,0,0,0,0,0,0.02472213982601829,0.06031040535382295,0,0,fully_open
0,0,0.0714,0.10780000000000001,102,1428,204,12,11,0,11,0.01350352112471246,0,0.03558732627601763,0,0,0,0,0,0,0,0,1,0,0.00980702111771188,0,0.00871325703917883,0,0.04689080219073099,0.0087013787890382,0,0,0,0,0,0,0,0,0,0.01200466806017614,0.01299641240195318,0,0.01311917695935047,0.01392092988860973,0.01396664429871724,0.01184484032472905,0,0,1,0,0,0,0,0,0,0,0,0,0,4,0,0,0,0.02825746755967163,0,0,0,0,0,0,0,0,0,0,0,0,0,0,0.03227849841216613,0,fully_open
0,1,0.0954,0.1576,150,1572,203,17,17,0,15,0,0,0.05451489931987994,0,0.01141954102204406,0.0187726984876584,0,0.03428949305605438,0.01911936271880644,0.00996173304456264,0,0,0,0,0.01975345399499181,0.00800850830806878,0,0.01077454094456135,0,0,0,0.00924280901040993,0,0.01972530875701705,0,0,0.01930946910853379,0,0.01103370226119131,0,0,0,0,0,0.01088680176905244,0,0,0,0.01285808808652653,0,0,0.01209606683880332,0,0,0.15043984368369623,0,0.01407299340589898,0,3,0,0.3333,0,0,0,0.014456712179212,0,0,0.01246721037858464,0.01461598789083832,0,0.03902249960864483,0,0,0,0,0,0,0,0,fully_open
0,0,0.0382,0.1492,48,1256,181,5,14,0,13,0,0,0,0,0,0.03039389278954217,0,0.01110326441815094,0.03095515868759138,0,0,1,0.0210947243087128,0,0.03198178265855818,0.01296615630830184,0,0,0.02589696068166131,0,0,0,0,0.0159681070890138,0.01603659104722154,0,0,0,0,0,0,0,0,0.02078369687309113,0.01762625048322776,0,0,0,0,0,0,0.03916821643041075,0,0,0.12178463536299218,0.02159529854970684,0,0,4,0,0,0,0,0,0,0,0,0,0.02366398039469062,0,0.02105976169355435,0,0.02428834319674469,0,0,0.02163187234776601,0,0,0,fully_open
0,0,0.0674,0.1928,75,1112,166,10,19,0,13,0.00970080540568424,0,0,0.05111253003295472,0.0089256182701034,0,0,0,0.02988773942250203,0.0155723642995462,0.01694291121181491,0,0,0.01409054758291937,0.03087896256688375,0.02503809494016907,0,0,0.06250990509366525,0,0,0,0,0,0,0,0,0,0,0.01867300632464538,0,0,0,0,0,0,0,0,0,0,0,0,0,0,0,0,0,0,2,0,0.6667,0,0,0,0,0,0,0,0.02284798107073577,0,0,0,0,0,0,0,0,0,0,fully_open
1,0,0.0518,0.125,58,1119,144,8,10,0,8,0,0,0,0,0.12391416853707388,0,0,0.00992206607579446,0,0,0,0,0,0,0,0,0,0.01558869753681216,0,0,0,0.01337257473846544,0,0.0142693722923102,0.02866114144609807,0,0,0,0,0,0,0,0,0,0.01575111745309715,0,0.04475820456541832,1,0,0,0.01741833102046421,0,0.04190831229193014,0.03270462235860583,0,0.03859585272713563,0,0,3,0,0.3333,0,0,0,0,0.0178937085666908,0,0,0.02114653567185119,0,0,0.02216435705401462,0,0,0,0,0,0,0,partially_open
0,0,0.0644,0.189,73,1133,164,9,16,0,15,0.00992905965052387,0,0.10466860669416948,0,0,0,0,0.06583582666762441,0,0.01593877287130023,0,0,0,0,0,0,0,0.01723926551129816,0,0,0,0,0,0,0,0,0,0,0,0,0,0,0,0,0,0.02098577999504562,0,0,0,0,0,0,0,0,0,0,0,0,4,0,0,0,0,0.02708923638816524,0,0,0.02193329602426929,0,0,0,0,0,0,0,0,0,0,0,0,fully_open
0,0,0.0954,0.2647,103,1080,136,13,20,0,16,0,0.00807286336985571,0,0,0,0,0,0.01002875495832988,0,0,0,0,0,0,0,0,0,0,0,0,0,0,0,0,0,0,0,0,0.01613530653249482,0,0,0,0,0,0,0,0,1,0.09401612794449506,0,0.01760562490240469,0,0,0,0,0,0,0,4,0,0,0,0,0,0,0,0,0,0,0,0,0,0,0,0,0,0,0,0,fully_open
0,1,0.0493,0.1985,48,973,131,7,15,0,11,0,0,0,0.01425253241303545,0.01991099460253836,0,0,0,0.01666816237024151,0,0,0,0.02271739540938302,0,0.01722095989306979,0.01396355294740198,0,0,0,0,0,0,0,0,0.01727017497393089,0.02135908030669864,0.05050168843770377,0,0,0,0,0,0.02230918251379764,0.022382442786405828,0.03796423181002902,0,0,0,0,0,0,0,0,0,0,0,0.02453752696413157,0,3,0,0.3333,0,0,0,0.05041315016340596,0,0.04780333748879206,0.04347540029455159,0,0.02665950694461328,0.0226797433622893,0.02671089183432531,0,0,0,0,0,0,0.02576814716706699,fully_open
0,0,0.0646,0.0829,94,1454,193,13,8,0,8,0.0070921854646599,0.01261808896464843,0,0.009341996035435,0,0,0,0,0,0,0,0,0,0,0,0.00915258092350718,0,0.01231376107949868,0.01828020753999622,0,0,0,0,0.01127160500400974,0.02263989324313629,0,0.01103398234773359,0,0,0,0.01524374015273424,0.01378064806654461,0,0.04401253455478123,0,0,0,0,0,0,0.01375901778087089,0.11059261109763034,0.03310404500370952,0,0,0,0,0,3,0.02800013888945369,0.3333,0.01537362467573165,0,0,0,0.09894168266287856,0,0,0,0,0.0297314282732532,0,0.01714471284476096,0,0,0,0,0,0,partially_open
0,0,0.0474,0.0862,72,1520,232,9,11,0.0181360786913558,9,0.00740324623065376,0.00658575695961913,0,0.00975173270365583,0,0,0,0,0,0,0,0,0.01554348106957785,0,0,0.0095540099113803,0,0,0.00954098551429627,0,1,0,0,0,0,0,0,0,0.01316301322387735,0,0,0.01438506245542814,0,0,0,0.06258916840627642,0,0,0,0,0,0.01443039552699343,0,0,0,0,0,0,2,0,0.6667,0,0.01549203265332874,0,0,0,0,0,0,0,0,0,0,0.03287815284131377,0,0,0,0,0,partially_open
0,0,0.0627,0.1406,90,1435,192,11,15,0.01752129636283527,12,0,0,0,0.02826349648008725,0.00658075245338132,0,0,0,0,0,0.02498361483776097,0,0,0.02077758711379637,0,0.00923014516862164,0,0,0,0,0,0,0,0,0,0,0,0,0.01271680938577981,0,0,0.04169229965895277,0,0,0,0,0,0,0,0,0,0,0,0,0,0.01537292439131673,0,0,4,0.01411871410103809,0,0,0,0,0,0.01425431021414352,0,0,0,0,0,0,0,0,0,0.04619687992912742,0,0,0.01703318202568835,partially_open
0,0,0.1337,0.2577,96,718,97,11,13,0,12,0,0.01272502192197596,0,0,0.02632300981352529,0,0,0.01580803747668947,0,0,0.04996722967552195,0,0,0,0,0.01846029033724329,0,0.02483622997390413,0.01843512455304704,0,0,0,0,0.02273425416062982,0,0,0,0,0,0,0,0,0.08848048658014661,0.02959034809050263,0.02509500068798528,0,0,1,0,0,0,0.02788245915385171,0,0,0,0.06149169756526694,0,0,4,0,0,0,0,0,0,0,0.03159881630615068,0,0,0,0,0,0.03458001404282296,0,0,0,0,0,0,partially_open
0,0,0.0544,0.053,106,1948,302,17,9,0,7,0.00514615896521054,0.00457790422802793,0,0.01355728692947274,0.00473493164328656,0.03891900905977961,0,0,0.01585508127901022,0.00826094935402755,0,1,0.0108046148898285,0.00747486365679259,0.0163809130690176,0.00664120201156923,0,0,0.00663214846725472,0,0,0,0,0,0.00821386370711347,0,0,0,0,0,0.01106100657424009,0,0,0,0,0,0.00855136428688886,0,0,0,0,0,0,0,0,0,0.03501086164394382,0,4,0,0,0,0,0,0.02397698605332723,0.01025615003212765,0,0,0,0,0,0,0,0,0,0,0,0,0,partially_open
0,1,0.0601,0.1489,57,949,141,9,11,0,10,0,0.01072537561995116,0.02118293230715334,0,0,0.0182363356737253,0,0,0,0,0,0,0,0,0,0,0,0,0,0,0,0,0,0,0,0,0,0,0.02143690725031454,0.02320787928920212,0,0,0.02485880337251738,0,0,0,0,0,0,0,0,0,0,0,0,0,0,0,4,0,0,0,0,0,0,0,0,0.02422200873553588,0,0,0,0,0,0,0.03023007894359182,0,0,0,0,fully_open
1,0,0.0629,0.1341,85,1351,179,10,13,0,11,0,0,0.01149461443023825,0.00861781029625399,0,0,0,0,0,0,0,0,0.0137360995498595,0,0,0,0,0,0.00843156859402926,0.02637217218542001,0,0,0,0,0,0.01291479274358523,0,0.01650102159589618,0.01163243029086835,0.01259342287010967,0,0,0.01348927314787764,0,0,0.01382783953161921,0,0,0,0.01569731284027726,0,0,0,0,0,0,0.01483664421087025,0,4,0,0,0,0,0,0,0,0.01445217179893713,0,0,0,0,0,0,0,0,0,0,0.01563880737023552,0.01558074014752888,closed
0,0,0.0925,0.122,106,1146,164,12,10,0,10,0.00907494699241429,0,0,0,0.00834977193009673,0,0,0.01002875495832988,0.02795949816943738,0,0.01584982016589137,0,0.01905329937561156,0,0.02888677143353642,0,0,0.0157563179404338,0,0,0,0.0135163658646855,0,0.01442280640298021,0.01448466288136139,0.01791406735400532,0,0,0,0,0,0.01763330236471837,0.01871092726963674,0,0.03184096861486305,0,0,0,0,0,0,0,0,0,0.02749975637228856,0,0.02057986132475551,0,3,0,0.3333,0,0,0,0,0.01808611403514985,0.02004656088239667,0,0,0,0,0,0,0,0,0,0,0,0.02161199439818522,closed
0,0,0.0751,0.1768,109,1452,181,11,17,0,15,0,0,0,0,0,0,0,0,0,0,0,0,0,0,0,0,0,0,0.01891604084573522,0,0,0.01093062630796305,0,0.01166366083023616,0.02342736779072364,0,0.01141777303808954,0,0,0,0.01577395720152499,0,0.01513144553109753,0,0.01287482643992288,0,0,0,0,0,0,0.0143049138267587,0,0.01336623696395195,0,0,0,0,4,0,0,0,0,0,0,0,0,0,0,0,0.0153827824544223,0,0,0,0,0,0,0,0,closed
0,0,0.0779,0.0486,149,1912,288,20,7,0,7,0.00590188860345824,0.02100073547962466,0,0,0,0,0,0,0.01818344985844529,0,0,1,0.01239130658693619,0,0.01878650170153067,0,0,0,0,0,0,0,0,0.01875973420247775,0.00942009544032594,0,0,0,0,0,0,0,0,0,0,0,0,0,0,0,0.01144981199946598,0.05751975839430949,0,0,0,0,0,0,3,0,0.3333,0.025586871837931,0,0,0,0,0,0,0,0,0,0.01456957736417744,0,0,0,0,0,0,0,partially_open
0,0,0.0498,0.1755,67,1346,188,9,19,0,14,0.02322853404480355,0.01377571180544186,0.02720743599083916,0.02039811978379385,0,0,0,0,0,0,0,0,0,0.01124658385058702,0,0.03996906898705888,0.01129359152948491,0.01344346393082884,0,0,0,0,0,0,0,0,0,0,0.01376682116992677,0,0,0,0,0,0,0,0,1,0,0,0,0.04527702082781426,0,0.01410199312710527,0,0.01664224842362729,0,0,4,0,0,0.01678404895790886,0.04860802905906818,0,0,0,0,0,0,0.01907744533651225,0,0,0,0,0,0,0,0,0,fully_open
0,0,0.4045,1.2143,36,89,14,7,9,0,8,0,0,0,0,0,0,0,0,0,0,0,0,0,0,0,0,0,0,0,0,0,0,0,0,0,0,0,0,0,0,0,0,0,0,0,0,0,0,0,0,0,0,0,0,0,0,0,0,3,0,0.3333,0,0,0,0,0,0,0,0,0,0,0,0,0,0,0,0,0,0,closed
0,0,0.0692,0.1011,85,1228,178,11,9,0,9,0.00767245518449571,0.02730095612351206,0,0,0.09177158421351772,0,0,0.00847885646476981,0,0,0.01340030250388997,0,0,0,0,0,0.0111909225155805,0,0.02966379132626659,0,0,0,0,0,0.01224612407242372,0,0.01193676272163907,0,0,0,0,0,0,0,0,0,0,0,0,0.03681733375265029,0,0,0,0.01397379318958613,0,0.0494728657684193,0,0,4,0,0,0,0,0,0,0,0.01694845601875354,0.01541400555897738,0,0,0,0,0,0,0,0,0,0.01834005591600348,0,partially_open
0,0,0.0668,0.1176,112,1676,238,15,16,0,12,0.00625163015032984,0.00556130587701171,0,0,0,0,0,0.01381739572036561,0,0,0,0,0.02625121247306482,0,0,0.02420349177549676,0,0,0,0.01260003782192289,1,0,0,0,0,0,0,0,0,0,0,0.01214738607347266,0,0,0,0,0,1,0,0.01499965449182049,0,0,0,0,0,0,0,0,3,0,0.3333,0,0,0,0,0,0,0,0,0,0,0,0,0,0,0,0,0,0,fully_open
0,0,0.0943,0.0687,153,1623,233,18,8,0,8,0.00697495925863247,0.00620476275534365,0,0,0.01283518660328919,0,0,0.03854025665804459,0.02148953165088989,0.01119665862859933,0,1,0,0,0.02220222928362716,0,0,0,0,0,0,0,0,0,0,0,0,0,0,0,0,0,0,0,0,0,0,0,0.01445206594849262,0,0,0,0,0,0.06340852915593809,0,0,0,3,0,0.3333,0,0,0.05708888660315817,0,0,0,0,0,0,0,0,0,0,0,0,0,0,0,fully_open
0,0,0.1043,0.1076,121,1160,158,14,10,0,7,0,0.0074334286474909,0.02936248042575711,0.01100690621996797,0.01537680771285141,0,0,0,0.01287244222652315,0,0.02918877773124549,0,0,0,0.01329935516494498,0.05391866979689874,0,0.0145082927570331,0,0,0,0,0,0,0,0.01649513132596529,0,0,0,0,0.01796044631856806,0,0,0,0,0.05298389998749142,0,0,0,0,0.03242223991927992,0,0,0,0,0,0,0,2,0,0.6667,0,0,0,0,0,0,0,0,0,0,0,0.02020020622303519,0,0,0,0,0,0,fully_open
0,0,0.0269,0.1273,44,1634,220,7,15,0,13,0.01861698684473226,0.00552041392203368,0,0,0.04567816408817625,0,0,0.01371579722242175,0,0,0.0108384799663816,0,0,0,0,0,0,0,0,0,1,0.01848561802081987,0,0.00986265437850852,0.00990495329387212,0,0.02896420366280069,0,0,0,0.01333827263364246,0,0,0,0,0,0.07218357500991485,0,0,0,0,0,0,0.01130233272687113,0,0,0,0.01414815189171912,4,0.01225006076413599,0,0.04035576477379558,0.01298596854764321,0,0,0.01236771033285982,0,0.03740163113575394,0,0.01529001133588114,0.01300749986954827,0,0,0.0137798140584918,0.01555959945626049,0.02672172466488742,0,0,0.0147787902869943,fully_open
0,0,0.068,0.1667,97,1426,192,11,17,0,15,0.006593516174176,0,0,0.00868513693919347,0.0060666311679609,0.00997299607156852,0,0,0,0.0105843413598478,0.01151588496428045,0,0,0,0,0,0.00961719903682699,0,0,0,1,0,0,0,0,0,0,0.01662993582711412,0,0.01269180898628241,0,0,0,0,0,0.04180760858387995,0,1,0,0,0,0,0,0,0,0,0,0,2,0.02603137912378898,0.6667,0,0.01379759158187091,0,0,0.05256276891465424,0,0,0,0,0.01382046861139504,0,0,0,0,0,0,0,0,fully_open
1,0,0.0454,0.1905,68,1498,189,9,22,0,14,0,0.02383416804433592,0,0.02646898876706583,0,0,0,0,0,0,0,0,0,0,0,0.00864410420553456,0,0,0,0,0,0,0,0,0,0,0,0,0,0.01289326627177895,0,0,0,0,0,0,0,0,0,0,0,0,0,0,0,0.01439686569980456,0,0.03054204217894921,3,0,0.3333,0,0.01401660097205934,0,0,0.01334927464499155,0,0,0,0.01650350429904631,0,0,0,0,0.06717795320798182,0,0,0,0,closed
1,0,0.1196,0.3134,114,953,134,13,23,0,19,0,0.02298294775703821,0,0,0,0.01302595405266093,0,0,0,0,0,0,0,0.01250895550728557,0,0,0,0,0,0,0,0,0,0,0,0.06800033730295896,0,0,0,0.03315411327028874,0.01851025589974872,0,0,0,0,0,0,0,0,0,0,0.01678637847017603,0,0,0,0,0,0,4,0,0,0,0,0,0,0,0,0,0,0,0,0,0,0,0,0,0,0,0,closed
0,0,0.072,0.1222,95,1320,180,13,12,0,10,0,0.01457818045430255,0,0,0.0150782289223106,0,0,0.00905508942839494,0.02524498378405511,0.0263067125060295,0,0,0,0,0.02608223051765909,0,0,0,0,0,0,0,0,0,0,0,0,0,0,0,0,0,0,0,0,0,0,0,0.01697766970648162,0,0,0,0,0,0.04965975422568613,0.01761169978811043,0,0,3,0,0.3333,0,0,0,0,0,0,0,0.01929878012770885,0,0,0,0.03961593841799134,0,0,0,0,0,0,closed
0,0,0.0791,0.0957,98,1239,188,16,9,0,9,0,0,0,0,0,0,0,0.01680494074098521,0.0234255254933124,0,0,0,0,0,0.02420243011998997,0.02943667918641499,0,0,0,0,0,0,0,0,0.01213579863032981,0,0,0,0,0,0,0,0,0,0.01333878414946965,0,0,1,0,0,0,0,0,0,0,0,0,0,3,0,0.3333,0,0,0.0207440098467932,0,0,0.0167957672257918,0.03055028128806328,0,0.01873370758270122,0,0,0,0.01688337578337734,0.01906401374821105,0,0,0,0,fully_open
1,0,0.0568,0.1435,88,1550,209,8,16,0,14,0,0.00560280815967598,0.01106571090672189,0,0.01158998193282084,0,0,0,0,0,0,0,0,0,0,0,0.01837315636886351,0,0.03246783130238135,0,0,0,0,0,0,0.01243289749195891,0,0,0,0.01212351903167275,0.01353735132966697,0,0,0,0,0.01331187536999162,0.02093169765745932,0,0,0,0,0,0,0.01147102426010801,0,0,0,0.02871863667572836,4,0.01243289749195891,0,0,0.01317978897372744,0,0,0.01255230302439504,0.01391291165718574,0,0.01483413696383591,0,0,0,0,0,0,0,0,0,0,closed
0,0,0.0281,0.033,56,1992,303,6,5,0,5,0.02360755441383297,0.01050036773981233,0,0,0,0,0,0.00652219728059216,0,0,0,0,0.01239130658693619,0,0,0,0,0.02049423172671809,0,0,0,0.01758072762819232,0,0.04689933550619439,0.01884019088065188,0.01165040744001744,0,0,0,0,0,0.01146781202740425,0,0,0.02070776280547037,0,0,0,0,0,0,0.01150395167886189,0,0,0,0,0,0,4,0,0,0,0,0,0.04124712286096852,0,0,0.02371385470611904,0,0.02908309848503267,0.01237076910670325,0,0,0,0,0.01270683410638003,0,0,0,partially_open
0,0,0.0244,0.1461,35,1435,178,4,14,0,12,0.01577514150083231,0,0,0,0,0,0,0.00871658141238017,0,0,0,0,0,0,0,0,0,0.027389487260941,0,0,1,0,0,0,0.02517894669096466,0,0,0,0,0,0,0.01532614130765242,0,0,0,0,0.0131067639537362,0,0.04902897139535349,0,0,0.01537444009417991,0,0,0,0.01695331848762032,0,0,3,0,0.3333,0,0,0,0,0,0,0,0,0.01943403309981154,0,0,0.01906748437875284,0,0,0,0,0,0,fully_open
1,0,0.0596,0.0406,84,1409,197,14,4,0,4,0,0,0,0.00992587078764968,0,0,0,0.01665489662722641,0.01160818450784676,0,0,0,0,0,0.01199316849695931,0,0,0,0,0,0,0,0,0,0.01202744328541615,0,0,0,0.01339806703144659,0,0,0.01464193857070365,0,0,0,0,0,0,0,0,0.01461895639217532,0.02937616232280806,0,0,0,0,0,0.01717989872565893,4,0,0,0,0,0,0,0,0,0,0,0,0.01579482127016576,0,0,0.01673263135674004,0,0,0,0,0,closed
0,1,0.043,0.1224,58,1349,196,9,14,0,10,0.02935548070589666,0.00652848950779636,0,0.00966693502797187,0.05401939405210409,0.01110037823618062,0,0.00811021053151895,0,0,0.01281768065589476,0,0,0,0,0.01894186312864964,0,0,0.02837406126860283,0,0,0,0,0,0,0,0.01141777303808954,0,0,0,0,0,0.03026289106219507,0,0,0,0.07316993441998822,0,0,0,0,0,0,0.01336623696395195,0,0.03154791440304999,0.01664284437567184,0,3,0.01448702838193473,0.3333,0,0,0,0,0,0,0,0,0,0,0,0,0,0,0,0,0,0.08738762952309677,fully_open
0,0,0.076,0.1515,103,1356,198,12,16,0.01708688405631869,14,0.0488247148104273,0.00620476275534365,0.01225458893802259,0.01837516575564901,0.03208796650822299,0,0,0,0,0.02239331725719866,0.0487283727414181,0,0,0.0101312201629255,0,0,0.010173565923255,0,0.00898902767462624,0.01405789343768256,0,0,0,0,0,0,0,0,0,0.01342604586978635,0.0149917775055816,0,0,0,0,0,0,0,0,0,0,0,0,0,0.02113617638531269,0,0,0,4,0,0,0,0,0,0,0,0,0,0.01642788721614886,0,0,0,0,0,0,0.06006867032106925,0.03663483300418171,0,0,fully_open
1,0,0.0645,0.2184,75,1162,174,8,24,0,14,0,0,0,0,0.02588429298329987,0,0,0.01036304679027421,0,0,0.04913444251426325,0,0,0,0,0,0,0.01628152853844826,0,0,0,0,0,0,0.01496748497740677,0,0.02917875331956217,0,0.01667315008357798,0,0.02015561197972638,0,0,0,0,0.0198199033286542,0,0,0,0,0.01819247906581818,0,0,0,0,0,0,0,3,0,0.3333,0,0,0,0,0,0,0.01883934012763902,0,0,0.01965577758065072,0,0,0,0,0,0,0,0,fully_open
0,0,0.0154,0.0285,32,2074,281,4,4,0,4,0.04768192487539711,0,0.00837743085593635,0.00628077699557494,0.01754867320901686,0,0,0.01580803747668947,0.00734529189197083,0,0.02498361483776097,0,0,0,0.00758889757999685,0.01230686022482886,0.00695481060290313,0,0.00614504151768234,0.00961019833875475,0,0.00710181935263136,0,0,0,0,0,0,0,0,0,0,0.00983116517557184,0,0,0,0,0,0,0,0,0,0,0,0,0,0,0,2,0,0.6667,0.01033593975374048,0,0,0,0,0,0,0,0.01174825729762619,0,0.01177090148631285,0.01152667134760765,0,0,0.02053194663516774,0.01252207568787001,0,0.01135545468379223,fully_open
0,0,0.0387,0.1039,63,1629,231,9,12,0,12,0,0.01425524607715028,0,0,0,0.00807938922253652,0,0.00590300133623214,0.02468575945972477,0,0,1,0,0,0.01700297305898029,0,0,0.00927428840797685,0.01376800441303512,0,0,0,0.01188175542778292,0.00848937338909594,0,0.01054435610077528,0.01662080885291516,0,0.00949736397165834,0,0.01148104479857832,0.01037909569568866,0.02202678779843312,0,0.00937091797842488,0.10160836516588544,0,0,0.01106772139093422,0,0,0,0,0,0,0,0,0,3,0.01054435610077528,0.3333,0,0,0,0,0.0106456240839806,0,0.01073126969295893,0,0,0,0,0,0,0,0.06900293457768399,0,0,0,partially_open
0,0,0.0878,0.2114,81,923,123,10,15,0,11,0,0,0,0,0.0087250425786404,0,0,0.01047948551825482,0,0,0.01656217163402132,0,0,0,0,0.0367131616819333,0,0,0,0,1,0,0,0,0,0,0,0,0,0,0,0.03685162067233279,0,0,0,0,0,0,0,0,0,0,0,0,0,0,0,0,2,0,0.6667,0.04111149070588913,0,0,0,0,0,0,0,0,0,0,0.02292382953400623,0.02105679451634702,0,0,0,0,0,fully_open
0,0,0.0888,0.301,66,743,103,9,16,0,15,0.02519313642670235,0,0,0.01659250042114575,0.01158998193282084,0,0,0,0,0,0,0,0,0,0,0.08128038282816079,0.01837315636886351,0,0,0,0,0,0,0,0,0,0,0,0,0,0,0,0,0,0,0,0,0,0,0,0,0,0,0,0,0,0,0,3,0,0.3333,0,0,0,0,0,0,0,0,0,0,0,0,0,0,0,0,0,0,fully_open
0,0,0.0733,0.1095,99,1351,201,11,13,0,9,0,0,0.01372967834722902,0,0.05752065107399972,0,0,0.02590761697568553,0,0,0,0,0,0,0,0,0,0.01356794044870688,0,0,0,0.01163909282792362,0,0.01241963884701073,0.02494580829567795,0,0,0,0.01389429173631498,0,0.01679634331643865,0.01518423259184082,0,0.01616509756795977,0.02741861186279873,0.01651658610721183,0,1,0,0,0,0,0.05471362993668657,0.04269770141262428,0,0,0,0,3,0,0.3333,0,0,0,0.01820474867011882,0,0,0,0,0,0.03275962930108454,0,0.01889093359746809,0.01735235844402671,0,0,0,0,0,partially_open
0,0,0.0189,0.0675,21,1113,163,4,6,0.0249097948290911,5,0.03050494229980225,0.00904549751080219,0,0,0.00935576854818067,0,0,0,0,0.01632283968747614,0,0,0.02134887761363705,0,0,0,0,0.01765466949952221,0,0,0,0,0,0,0,0,0,0,0,0,0.02185548286958283,0,0,0,0,0,0,0,0,0,0,0.01982006132623194,0,0,0,0,0,0,1,0,1,0,0,0,0,0,0,0,0,0,0,0,0,0,0,0,0,0.04861219640386465,0.04843169828990906,partially_open
0,0,0.0434,0.1211,83,1914,256,8,18,0,13,0,0,0.01059146615357667,0.00794069663011975,0,0,0,0,0,0,0,0,0,0.00875626885509989,0,0,0.0175857353816265,0,0.00776908820449839,0,1,0,0,0,0.00962195462833292,0,0,0,0.01071845362515727,0,0,0,0,0,0,0,0,0,0.0124907141411972,0,0,0,0,0,0,0,0,0,2,0,0.6667,0.0130675809743719,0,0,0,0,0.01331664401473493,0,0,0,0,0.01488178259340982,0,0,0,0.02595824681731921,0,0,0,fully_open
0,0,0.0412,0.1728,46,1116,162,5,14,0,14,0.01795681000626657,0,0,0,0,0.01358024996979544,1,0.00992206607579446,0.01383102834977487,0,0,0,0,0,0.01428973267722812,0,0,0,0,0,0,0,0,0.0142693722923102,0.04299171216914711,0,0.01396855212106699,0,0,0,0,0.01744571404168946,0,0,0.01575111745309715,0,0,0,0,0.02154205698293368,0.01741833102046421,0.01750069244763033,0.02095415614596507,0.01635231117930291,0,0,0,0,3,0,0.3333,0,0,0,0,0,0,0.03607533215930876,0,0,0,0,0.02170447689921866,0,0.02251176091544072,0,0,0,0,partially_open
0,0,0.1322,0.2208,152,1150,154,20,17,0,17,0.00715228873130956,0,0.01256614628390452,0,0,0,0,0,0,0,0,0,0,0,0,0,0,0,0,0,1,0,0,0,0,0,0,0,0,0,0.01537292439131673,0.01389743321965092,0,0,0,0.01511687542015998,0,1,0,0,0,0,0,0,0,0,0,0,4,0,0,0,0.01496687900406336,0,0,0,0,0,0,0,0,0,0,0,0,0,0,0,0,partially_open
0,0,0.088,0.2177,101,1148,147,11,17,0,15,0.00727560405426318,0,0.0127828039784546,0,0.0133884274051551,0,0,0,0,0,0,0,0,0,0,0,0,0,0.00937648576404978,0.0146638371203413,1,0,0,0,0,0,0,0,0,0,0,0,0,0.01505026325292806,0,0.03075502240653238,0,1,0,0,0,0,0,0,0,0,0,0,3,0,0.3333,0,0,0,0.01694924876183476,0.01450007418335289,0,0,0,0,0,0,0,0.01615564406857659,0,0,0,0,0,fully_open
0,0,0.0547,0.2081,57,1042,149,9,17,0,14,0.07384738115077127,0,0.03707013153751836,0,0.00970660986873745,0.01595679371450964,0,0.01165842763905849,0,0.01693494617575649,0.01842541594284872,0,0,0,0,0.01361446412371693,0,0,0.02719180871574438,0,0,0,0,0.01676651244346449,0,0.04165020659806237,0.04923914622676117,0,0,0.02030689437805186,0,0.02049871399898511,0,0,0,0.02229739124473597,0,1,0,0,0,0,0,0,0,0.02267506347719218,0,0,3,0,0.3333,0,0,0,0,0,0,0,0,0,0,0,0,0,0,0,0.02770509245941242,0,0,partially_open
0,0,0.0512,0.1176,61,1191,187,9,11,0,11,0.03669435088237082,0,0,0.02416733756992967,0,0,0,0,0.0141317028791178,0,0,0,0.01926040045578125,0,0.01460037903977656,0.07103198673243617,0.01338045083384625,0,0,0,1,0,0,0,0,0,0,0,0,0,0,0,0,0,0,0,0,0,0,0,0,0.01788114228344838,0,0,0,0,0,0,2,0,0.6667,0,0,0.0250280988368918,0,0,0,0,0,0,0,0,0,0.02037015991255309,0,0,0,0,0.04369381476154838,partially_open
1,0,0.0596,0.1373,85,1426,204,9,16,0,12,0.01394991851726494,0,0,0,0.07059352631809057,0.01054994625752703,0,0,0,0,0,0,0.01464427142092459,0,0,0,0.02034713184651,0.01211022783851523,0.02696708302387872,0,0,0,0,0.01108529748328231,0,0.02753732667640487,0,0,0.01240151659109106,0,0,0,0,0.01442835154826161,0,0,0.01159027886817995,0,0,0,0,0.01359557925683679,0.03255687070612755,0.01270344835416921,0,0,0,0.04770616505637522,4,0.01376866333820243,0,0,0.01459579935933452,0.01902962886771939,0,0.01390089756420608,0,0,0,0,0,0,0,0.03097611094140306,0,0,0,0,0,closed
1,0,0.0598,0.0894,82,1371,179,11,10,0,6,0.00733887017647416,0.00652848950779636,0.01289395879565856,0,0,0,0,0,0,0,0,0,0,0.01065980556273031,0,0,0,0.01274206581269864,0,0,0,0,0.01632449876164958,0,0,0,0,0,0,0,0,0,0,0.01518113510730135,0.01287482643992288,0.01551122869199024,0.01219498906999803,0,0,0,0,0,0,0,0,0,0,0.05019518236366436,4,0,0,0,0,0,0,0,0.01621156662663383,0,0,0,0,0,0,0.03259225586008496,0.2392119290319005,0,0,0,0,closed
0,0,0.0615,0.0526,96,1561,228,14,6,0,6,0,0,0,0,0,0,0,0,0.02031432288873184,0,0,0,0,0.00957716906026551,0.0209880448696788,0,0,0,0.00849744022367011,0,0,0,0,0,0,0,0,0,0,0.02538361797256482,0,0,0,0,0,0,0,1,0,0,0,0,0,0,0,0,0,0,1,0,1,0,0,0.01798894603901598,0,0,0.01456507939111633,0,0.01552948713401572,0,0,0.01627694971154199,0,0,0,0,0,0,0,partially_open
0,1,0.0485,0.1087,75,1545,230,11,16,0,9,0.01480649246130752,0.01317151391923827,0,0.00975173270365583,0,0,0,0.00818135272916385,0.01140453214805998,0,0,0,0.04663044320873356,0,0.01178276203210038,0,0,0,0.00954098551429627,0.01492109742069816,0,0,0,0,0.03544930652543709,0,0.03455378682579731,0,0,0.01425045219512411,0,0.01438506245542814,0,0,0.05195105405582919,0,0,1,0,0,0,0,0,0,0,0.03182465049430481,0,0,3,0,0.3333,0,0,0,0,0,0.03270754670285772,0.02974632651732477,0,0,0,0.01827587336032785,0.01789667393444346,0,0,0,0,0,0,fully_open
0,0,0.0931,0.2523,73,784,111,8,17,0,11,0,0,0,0,0,0,0,0,0,0,0,0,0.02568053394104167,0,0,0,0.017840601111795,0.02123677635449773,0,0,1,0,0,0.01943943471706028,0,0,0,0,0,0,0,0,0,0,0,0,0,1,0,0,0.0237293205206324,0,0,0,0,0,0,0,4,0,0,0,0.02559553220984749,0,0,0,0,0,0.0288083239587538,0,0,0,0,0,0,0,0,0,0,partially_open
0,0,0.0475,0.0827,82,1725,254,10,13,0,8,0.03102831140788709,0.01656124176610107,0,0,0.01141954102204406,0.0093863492438292,0,0,0.00955968135940322,0,0.0216769599327632,1,0,0,0.0098767269974959,0,0,0.0215490818891227,0,0.01250739048499699,0,0.03697123604163974,0.01380380409992427,0,0,0.01225006076413599,0,0,0,0,0.01333827263364246,0.01205806705822653,0.01279497232408982,0,0.01088680176905244,0,0,1,0,0,0,0.01209606683880332,0,0,0,0.01333827263364246,0.01407299340589898,0,4,0,0,0,0,0,0.02891342435842401,0,0,0.01246721037858464,0,0,0,0,0,0,0,0,0,0.0296677375111821,0,fully_open
1,0,0.0746,0.1393,64,858,122,8,10,0,7,0,0.01028460675885728,0,0,0.03191214203420532,0.03497379444276086,0,0.01277635905650245,0,0,0.02019223664969722,0,0.02427338139632705,0,0,0,0.01686303392758706,0.02007311737616909,0.05959848485642603,0,0,0,0,0.01837426021201588,0,0,0.01798690273123696,0.02915933953247407,0,0.0222541308252623,0.02484938463253937,0,0,0,0.0202822608300155,0.02443549725450517,0.01921128415136677,0,0,0,0,0,0.02698206407836598,0,0,0,0,0,4,0,0,0,0,0,0,0,0,0.02322658371900701,0,0,0.02423315044189815,0,0,0,0,0,0.09108523548299972,0,0,closed
0,0,0.1146,0.1532,102,890,124,10,11,0,8,0.01140500094992606,0.02029125117288058,0,0,0,0,0,0,0.0351382882399686,0,0,0,0,0,0.03630364517998496,0,0,0,0.0293965499629669,0,0,0,0,0,0,0,0.03548767295622427,0,0,0,0,0,0,0,0,0,0,1,0,0,0.02212598805302211,0,0,0,0,0,0,0,3,0.15759537631699275,0.3333,0,0,0,0.02656909265368693,0,0,0,0,0,0,0,0.05514110347369067,0,0,0,0,0,0,partially_open
0,0,0.0876,0.2624,93,1062,141,10,20,0,17,0.02388594538569422,0,0.01398872888208239,0,0,0,0,0,0,0,0,0,0.01671657398048939,0,0,0,0,0,0.01026105989273372,0,1,0,0,0,0,0,0,0.02008143194217554,0.01415644818416998,0,0,0,0,0,0,0,0,1,0.01649716962044913,0,0,0,0,0,0,0,0,0,4,0,0,0,0.01666124266490072,0,0,0,0,0,0.018752588237302,0,0,0,0,0.0353595228670733,0,0,0,0,0,partially_open
0,1,0.0432,0.1046,96,2221,325,13,19,0,15,0.00505371299577562,0.01348699928257332,0.00887907342216008,0,0,0.02293191911067254,0,0.05584875515716642,0.0077851297298134,0.00811254906623065,0,0,0.01061052001156811,0,0.00804332258478708,0,0,0,0.00651300807562739,0,0,0,0,0,0.03226523707704454,0,0.0078625383196425,0,0,0,0,0,0,0,0.03546359378661394,0,0,0,0,0,0.01960866007094175,0.08865620245925307,0,0,0.09188541350740728,0,0,0,3,0,0.3333,0,0,0,0,0,0,0.01015293779333839,0,0,0.01059293402550039,0,0.01221689118878176,0,0,0,0,0,0,fully_open
0,0,0.0397,0.2022,51,1284,183,7,22,0,15,0.02109925175736322,0.02502587644655272,0.02471342102501223,0,0.01941321973747491,0,0,0.01554457018541131,0,0,0,0,0.10336414911269272,0,0,0,0.02051669127856425,0.01221114640383619,0.00906393623858146,0,0,0.02095036709026252,0,0.01117767496230966,0.02245122746611015,0,0.01094203249483581,0,0.01250486256268348,0,0.01511670898479478,0,0,0,0,0,0.03506059357624436,0,0,0,0,0,0.04924226694301792,0.01280931042378728,0,0,0,0,3,0,0.3333,0,0.02943486204132462,0,0,0,0.01553608468385741,0,0,0,0.01474183318548804,0,0,0,0.01763421271709522,0,0,0,0.01674929565859355,partially_open
0,0,0.0887,0.1364,127,1432,198,15,15,0,12,0,0.00658575695961913,0,0,0,0,0,0.02454405818749155,0.01140453214805998,0,0,0,0.04663044320873356,0,0.01178276203210038,0,0,0.02570767663965515,0,0,0,0,0,0.01176597364453648,0,0,0.03455378682579731,0,0.01316301322387735,0,0.0159123252471524,0,0,0,0.01298776351395729,0,0,0,0,0,0,0.01443039552699343,0,0,0,0,0,0,3,0,0.3333,0,0,0,0.01724660400327046,0,0.01635377335142886,0,0.01743661713292993,0,0,0,0,0,0,0,0,0,0,partially_open
0,0,0.0834,0.232,79,947,125,10,15,0,14,0.02033662819986817,0,0,0,0,0,0,0,0,0,0,0,0.08539551045454821,0,0,0,0,0,0,0,0,0,0,0,0,0,0,0,0,0,0,0.03951559325105564,0,0,0,0,0,1,0,0,0,0,0,0,0,0,0,0,4,0,0,0.02204170284833815,0,0,0,0,0,0,0,0,0,0,0,0,0,0,0,0,0,partially_open
0,0,0.0468,0.1515,65,1390,198,11,18,0.01845993723941573,12,0,0,0,0.01985174157529937,0,0,0,0.01665489662722641,0.01160818450784676,0,0,0,0.0949262593892076,0,0.01199316849695931,0.03889846892490552,0,0,0,0,0,0.01122341094121206,0,0,0,0,0,0.01900564094527328,0,0,0,0.01464193857070365,0,0,0,0,0,1,0,0.01807994068210505,0,0,0,0,0,0,0,0,3,0,0.3333,0,0,0,0,0,0,0,0,0,0,0,0,0,0,0,0,0,0,partially_open
1,0,0.0421,0.1053,73,1732,228,9,13,0,11,0.00607172712442107,0.01080253659563426,0,0.0079978239440055,0,0,0,0,0,0,0,0,0,0,0,0,0,0,0.00782498092539406,0,0,0,0,0,0,0.01198567096347118,0,0.01531389774007631,0,0,0,0,0,0,0,0,0,0,0.01258057539401156,0,0,0,0,0,0,0,0,0.01384279609549497,3,0,0.3333,0,0.01270569584517609,0,0,0,0,0,0.01430053491477706,0,0,0,0,0,0,0,0,0,0,closed
0,0,0.0415,0.1229,50,1204,179,8,12,0,10,0.00819388417761678,0,0,0.03237953965679899,0.0075391144611553,0,0,0,0,0,0,0,0,0,0,0,0,0,0,0,1,0,0,0,0,0,0,0,0,0,0,0.01592133126134766,0,0,0.01437480621933137,0,0.01361576449562887,0,0,0,0,0,0,0,0,0,0,0,3,0,0.3333,0.03552352109537993,0,0,0,0,0,0,0,0,0.01717495128406374,0,0,0,0,0,0,0,0,partially_open
0,0,0.0316,0.1478,42,1331,203,5,16,0,14,0.00927439637686295,0,0.11406194319236418,0,0,0.01402795051825023,0,0.04099666862086502,0,0,0,0,0,0,0,0,0,0,0.01195244339153599,0,0,0,0,0,0,0.01830778312002741,0,0,0,0,0,0,0,0.01918495095977643,0,0.03920420438634897,0,0,0,0,0,0,0,0,0,0,0,0,4,0,0,0.04020794145960586,0,0,0.04321127156863369,0,0,0.01863231441195068,0,0,0,0,0,0,0,0,0,0,0,fully_open
0,0,0.1435,0.1731,96,669,104,12,9,0,9,0.0301417882248046,0,0.05295733076788336,0,0.01386658552676779,0.02279541959215663,0,0.03330979325445282,0,0,0.02632202277549817,0,0,0,0,0,0,0.0261667422939347,0.01942272051124598,0,1,0,0,0.0479043212670414,0.04810977314166462,0,0.02344721248893389,0,0,0,0.03239294782456026,0,0,0,0.02643937572484164,0,0,1,0,0,0,0,0,0,0,0,0,0,4,0,0,0,0,0,0,0,0,0.03027751091941985,0,0,0,0,0,0,0,0,0,0.03602510983500684,0,fully_open
0,0,0.0472,0.146,69,1463,226,11,19,0.01455995049869409,14,0.00594345119925724,0.01057431399150115,0,0,0.0054685126021056,0.00898974293775191,1,0,0,0,0,0,0.0124785693093794,0,0,0,0.00866902448390039,0,0.01531932885394049,0.02395781839379705,0,0.00885226778461796,0.07932326863055077,0,0,0.0351973576885034,0,0,0.01056748948959167,0.03432151162487638,0,0,0,0,0.02085359212100186,0,0.00987622354260404,0,0,0.04278070471258661,0,0.01158496542307923,0,0,0,0,0,0,3,0,0.3333,0.05153412215245258,0,0,0,0,0,0,0.01399841093770431,0,0,0.01467218002167165,0.01436775231356728,0,0,0,0,0.01420708556873509,0,partially_open
0,0,0.0774,0.0783,95,1227,166,13,8,0,5,0,0,0,0,0,0,0,0,0,0,0,0,0,0.013041251486319,0,0,0,0,0.01157098243223165,0,0,0.04011772421539632,0,0,0,0,0.01396855212106699,0,0.01596365433534061,0,0,0.05233714212506837,0,0.01857266529084739,0.01575111745309715,0,0,1,0,0,0,0,0,0,0,0,0,0,4,0,0,0,0,0,0,0,0,0,0,0,0,0,0,0,0,0,0,0,0,partially_open
0,0,0.0766,0.0947,103,1345,190,13,10,0,8,0.02260634116860345,0,0.01323933269197084,0,0,0,0,0,0,0,0,0,0,0,0,0,0,0.01308337114696735,0.06797952178936095,0,1,0,0,0,0,0,0,0,0,0,0.01619647391228013,0,0,0,0.01321968786242082,0.03185341606390853,0,1,0,0,0,0,0,0,0,0,0,0,4,0,0,0,0,0,0,0,0,0,0.01774798529601796,0,0,0,0,0,0,0,0,0,0,fully_open
1,0,0.0718,0.0975,127,1770,236,16,12,0,11,0.01734185075947662,0,0,0.01522873326324335,0.04254952271227377,0.00874344861069021,0,0.00638817952825122,0,0,0,0,0,0,0,0,0.00843151696379353,0.01003655868808454,0,0,0,0,0,0.01837426021201588,0.00922653183538773,0,0,0,0,0,0,0.01123217205423841,0.03575581307005924,0,0,0,0,0,0.02395479424339188,0,0,0.01126756911011816,0,0.01052820034831831,0,0,0,0,3,0,0.3333,0,0,0,0,0,0,0.0116132918595035,0,0.04272825085643498,0,0.01427020248683133,0.04192234579164153,0.01283599117777318,0,0,0,0,0.0137665443769262,closed
0,0,0.0317,0.2516,35,1104,155,5,23,0,16,0.01004726274160153,0,0,0,0.08319951316060674,0,0,0,0,0,0,0,0,0,0.01599089132927909,0,0,0.01744449486262313,0.01294848034083065,0,1,0,0,0,0.01603659104722154,0,0,0,0,0.03867979881533687,0,0.0195225847609382,0,0,0,0,0.0333910415011851,0,0,0,0,0,0,0.01829901489112469,0,0,0,0,4,0,0,0,0,0,0,0.02002391196748732,0,0.02018500727961323,0.02366398039469062,0,0.02105976169355435,0,0,0,0,0,0,0,0,partially_open
0,1,0.0696,0.1301,135,1941,269,17,21,0,14,0.00555243467299032,0,0.00975529777303114,0,0,0,0,0.00613601454687288,0.01710679822208997,0,0,0,0,0,0.01767414304815057,0,0,0.01928075747974136,0,0,0,0.01653976349231251,0,0.01764896046680473,0,0,0.01727689341289865,0,0,0,0,0,0,0.01148572721933983,0.01948164527093594,0,0,1,0.01150460513005005,0,0.01077186260476076,0,0,0.01011261349246364,0,0,0,0,3,0,0.3333,0,0,0,0,0,0.04906132005428658,0,0,0,0,0,0,0,0,0.01195445577113384,0,0,0,fully_open
0,0,0.0662,0.236,78,1179,161,10,22,0,16,0.04777189077138844,0.01416559044144493,0.02797745776416479,0.04195085012138736,0.02197722989148103,0,0,0.04399406656248487,0,0.01278109145340112,0.02781194859297919,0,0,0,0,0,0,0,0,0,0,0.01185869835297878,0,0,0,0,0,0,0,0,0,0,0,0,0,0.0168282198073479,0,1,0,0,0.01544644448984562,0,0,0,0,0,0,0,3,0,0.3333,0,0,0,0,0,0,0,0,0,0,0.01965518455733372,0,0,0,0,0,0,0,closed
0,0,0.0658,0.0952,72,1094,147,10,7,0,7,0,0,0,0.011702079244387001,0.00817398725788417,0,0,0.01963524654999324,0.01368543857767198,0,0,0,0,0.01290397515488406,0.01413931443852045,0.02292962378731273,0.01295791028119847,0,0,0,0,0,0,0,0,0,0,0.02240665037758534,0,0,0,0,0,0,0,0,0.01476235518999762,1,0,0,0,0,0,0.01618018158794183,0,0,0,0.10127098196177896,4,0,0,0,0,0,0,0,0,0.03569559182078973,0,0,0,0,0,0,0,0,0.0233306041763473,0.02123585421853035,0,fully_open
0,0,0.053,0.1314,61,1152,175,7,12,0.01987993241167848,11,0.00811509682975508,0.00721900282112097,0,0,0.02239986892785566,0,0,0,0,0,0.0141733968791144,0,0.05111413967111179,0,0.01291571991980234,0,0,0,0,0,1,0,0,0,0,0.01601931023002398,0,0,0.01442868757232709,0,0,0,0,0,0,0,0.02696968736634181,1,0,0.01947070534995929,0,0.01581793355843511,0,0,0,0,0,0,3,0,0.3333,0,0,0,0,0,0,0,0,0,0,0,0,0,0,0,0,0,0,partially_open
0,1,0.0735,0.0913,121,1646,219,15,11,0,9,0,0.01042744851939696,0,0,0.01078512207637494,0,0,0,0.01805717590109497,0,0.01023634219047151,0,0.0369157675402474,0,0.0279840598262384,0,0,0,0,0.01181253545805271,0,0.00872931962094271,0.01303692609437292,0,0.00935467811087923,0,0.02735508123708954,0,0.01042071880223623,0,0,0,0,0,0,0,0.00973905377117898,1,0,0,0,0.0342721893766094,0,0,0,0,0,0,4,0.0115695018327951,0,0.01270459261397268,0,0,0,0.0116806153143676,0.01294673723654784,0,0,0,0,0,0.01416820019810107,0.01301426883302003,0,0.0126185922028635,0,0.01400976493583599,0,fully_open
0,1,0.0955,0.1471,110,1152,170,12,14,0,11,0.07501956180395813,0.00834195881551757,0.01647561401667482,0,0,0.02836763327023936,0,0.01036304679027421,0.04333722216262794,0,0,0,0,0,0.04477449572198145,0,0,0,0,0,0,0,0,0,0.08980490986444063,0,0.01458937665978108,0,0.01667315008357798,0,0,0,0,0,0,0,0,0,0,0,0,0,0,0,0,0.02015561197972638,0,0,3,0,0.3333,0,0.01962324136088308,0,0,0,0.02071477957847656,0,0,0,0,0,0,0,0,0,0,0,0,fully_open
1,0,0.0221,0.0982,35,1584,224,5,13,0,9,0,0.00573111674348535,0,0.00848624067341042,0.04742160546558756,0,0,0.0071196504666006,0,0,0,0,0,0,0,0.01662835312820388,0,0.01118578296534613,0.01660568471190496,0.01298477180121824,0,0.01919117596054582,0,0.01023909156852793,0,0,0.01002323587313204,0,0,0.01240115687209273,0,0.01251829862533442,0,0.01332695066671492,0,0,0.09634972280494632,0,0,0.01545765920912798,0,0,0.04510742010047443,0.02346743894434311,0,0,0,0.01468815768911298,3,0.01271762033528621,0.3333,0,0,0,0,0,0.01423152795467855,0.02588611620591621,0,0,0.01350396933021805,0,0,0.01430576115996095,0,0,0,0,0,closed
0,0,0.062,0.1043,138,2225,326,18,19,0,15,0,0.00429015024798046,0,0,0,0,0,0.02131826768284981,0,0,0,0,0,0.00700501508407991,0,0,0,0,0.04972216450878972,0,0,0,0,0,0,0,0.01500621599291769,0,0.00857476290012581,0,0,0.00937084068525033,0,0.00997617449908374,0,0,0,1,0,0,0.0093561320909922,0,0,0,0,0,0,0,2,0.00952004722241425,0.6667,0,0,0,0,0,0.01065331521178794,0,0,0,0,0.03571627822418357,0,0,0,0,0,0,0,fully_open
0,0,0.4098,0.8462,84,205,26,10,11,0,11,0,0,0,0,0,0,0,0,0.05909621203994719,0,0,1,0,0,0.06105613052997471,0,0,0,0,0,0,0,0,0,0.06123062036211861,0,0,0,0,0,0,0,0,0,0,0,0,0,0,0,0,0,0,0,0,0,0,0,3,0,0.3333,0,0,0,0,0,0,0,0,0,0,0,0,0,0,0,0,0,0,fully_open
0,0,0.0628,0.1013,73,1162,158,10,9,0,7,0,0.03644545113575639,0.01439616758738576,0.04317271954239864,0.02261734338346591,0,0,0,0,0.01315335625301475,0,1,0,0,0,0.0105743410669646,0.01195147064770733,0,0.03167977714455656,0,0,0,0,0,0.01307838493171465,0,0,0,0,0.01577234514800144,0,0,0.01689433238908948,0.01694981104213257,0,0,0.04084729348688663,0,0,0,0,0,0.05736963138992379,0,0,0,0,0.11208632954993014,3,0,0.3333,0.03552352109537993,0,0,0,0,0,0,0,0.02018875283184306,0.03434990256812748,0,0,0.01819470594130956,0,0.0705661078529066,0,0,0,partially_open
0,1,0.1237,0.2536,115,930,138,11,20,0,15,0,0,0,0,0,0,0,0.01123703868824914,0,0.01632283968747614,0,0,0,0,0,0,0,0,0,0,0,0.01514484367970784,0,0.01616049392141156,0,0,0,0,0,0,0,0,0,0,0,0.02149146144070937,0,0,0,0,0,0,0,0,0,0,0,0.06954754182917351,3,0.02007238872195776,0.3333,0,0,0,0,0.1013258195945142,0,0,0,0.02505351255035947,0,0,0,0,0,0,0,0,0,fully_open
0,1,0.0314,0.0748,56,1783,254,8,10,0,9,0.00566422865969482,0.01511630120932714,0,0,0.00521160261408722,0.00856740602121323,0,0,0.00872561520052911,0,0.00989284077468387,0,0,0,0,0.02923911758113703,0,0.01966896065047441,0,0,0,0.04218194716160239,0,0.00900215433206147,0,0.01118126351625835,0.02643712549087848,0,0,0,0.01217453072600922,0,0,0.02343396694415644,0,0,0.02823671965872028,0,0,0.02718058196504384,0,0,0,0.01031622316009714,0,0,0,0,4,0.0223625270325167,0,0,0,0,0,0.124175131932606,0,0,0,0,0.0118726173305944,0,0,0,0,0,0,0,0,fully_open
0,0,0.0246,0.1434,45,1829,244,6,20,0,15,0,0,0,0,0.0055072963794255,0,0,0.0066147107171963,0,0,0.01045413670516239,0,0.01256706980093528,0,0,0,0.00873050692704862,0.01039246502454144,0,0,1,0.01783009965128725,0,0,0,0,0.01862473616142266,0,0,0,0,0,0.01234124990124976,0,0.01050074496873143,0,0,1,0,0,0,0.05833564149210112,0,0.02180308157240389,0,0.02573056848475708,0,0,2,0,0.6667,0,0,0,0,0,0,0,0.01409769044790079,0,0,0,0,0,0,0,0,0,0,partially_open
0,0,0.1183,0.0896,51,431,67,8,3,0,3,0,0,0.04493349277274953,0,0,0.1160494088327974,0,0,0,0,0,0,0.0536956618767235,0,0,0,0,0,0,0,0,0.03809157652775004,0,0,0.12246124072423722,0,0,0,0,0,0,0,0,0,0.04486681941185248,0,0,0,0,0,0,0,0,0,0,0,0,0,3,0,0.3333,0,0,0,0,0,0,0,0,0.06301338005090412,0,0,0,0,0,0,0,0,0,fully_open
1,0,0.0578,0.1514,74,1280,185,9,17,0,11,0,0,0,0,0.04123161714153962,0.01129684510761744,0,0,0,0,0,0,0,0.01084847468773438,0,0.01927711734331601,0,0.01296758910141897,0,0,0,0,0,0.0118700973051076,0,0,0,0.01883744943248325,0,0,0.01605314228473783,0,0,0,0,0,0,1,0,0,0,0,0,0,0,0,0,0,4,0.04423030789174764,0,0.01618992333108023,0.015629130287429,0,0,0.01488503190503483,0,0,0,0,0,0,0,0,0,0,0,0,0,closed
0,1,0.06,0.1313,118,1967,259,16,22,0,12,0,0.0088326622752539,0,0.0065393972248045,0,0,0,0.0219452755558748,0.00764774508752257,0.01593877287130023,0,0,0,0,0.00790138159799672,0.06406806646455027,0.01448237031428065,0,0.00639807263899867,0,0,0.01478849441665589,0,0,0.0079239626350977,0,0.00772378764341351,0,0.00882696180895304,0,0,0,0,0,0,0,0,1,0.01028647046922122,0,0,0.03870741388417062,0,0,0,0,0,0,3,0,0.3333,0,0,0,0.0115653697433696,0,0,0.01994753660573543,0,0,0.02081199979127724,0,0,0.01102385124679344,0,0,0,0,0,fully_open
0,0,0.0462,0.1562,43,931,128,4,10,0,10,0,0,0,0,0,0,0,0.01313625649471379,0,0,0,0,0,0,0,0,0,0,0.01531932885394049,0,1,0.01770453556923593,0.02644108954351692,0.01889184500672055,0.01897286828121985,0,0,0,0,0,0,0.02309714253406773,0,0,0.02085359212100186,0,0,0,0,0,0.02306088895667093,0,0,0,0,0,0,0,4,0,0,0,0,0,0,0,0,0,0,0.02928790903774416,0,0,0,0,0,0,0,0,0,fully_open
0,0,0.0495,0.2229,55,1111,157,7,18,0,17,0,0.00872995689996025,0,0,0,0,0,0,0,0,0.01713992180730113,0,0,0,0,0,0,0.01703880893558539,0,0,0,0,0,0,0,0,0,0,0,0,0,0,0,0.02030035508534482,0,0,0,1,0,0,0,0,0,0.01787345640528458,0,0,0.02225496631630537,0,4,0,0,0,0,0,0,0,0,0,0,0,0,0,0,0,0,0,0,0,0,partially_open
0,0,0.049,0.2759,39,796,116,8,17,0,15,0.01455120810852636,0,0,0,0,0,0,0,0,0,0,0,0,0,0,0.0187785712051268,0,0,0,0,0,0,0,0,0,0,0,0,0,0,0,0,0,0,0,0,0,0,0,0,0,0,0,0,0,0,0,0,4,0,0,0,0,0,0,0,0,0,0,0,0,0,0,0,0,0,0,0,0,closed
0,0,0.2098,0.2333,90,429,60,12,7,0,7,0,0,0,0.058510396221935,0,0,0,0,0,0,0,0,0,0,0,0.02866202973414091,0.06478955140599238,0,0,0.04476329226209449,0,0,0,0,0,0,0,0,0,0,0,0,0,0,0,0,0,0,0,0,0.04308745041904305,0,0,0,0,0,0,0,2,0,0.6667,0,0,0,0,0,0.04906132005428658,0,0,0,0,0,0,0,0,0,0.11665302088173649,0,0,partially_open
0,1,0.0833,0.2313,84,1009,134,11,16,0,15,0.06751760562356232,0,0.01977073682000979,0.01482263370955687,0.0207074343866399,0,0,0,0,0.01806394258747359,0.0393075540114106,0,0,0.01634503519618648,0.01790979828879258,0,0,0,0.04350689394519101,0,0,0,0,0,0,0,0.01750725199173731,0,0,0,0,0,0,0,0,0,0,0,0,0,0,0,0,0.02049489667805966,0,0.04837346875134333,0.02551902804269683,0,4,0,0,0.02439281781882755,0,0,0,0,0,0,0,0,0,0,0,0,0,0,0,0,0,fully_open
0,0,0.0993,0.2113,127,1279,194,18,25,0,16,0.00819388417761678,0,0,0,0,0.0123936261860269,0,0,0,0,0,1,0,0,0,0,0,0,0.01055992571485218,0,0,0,0,0.01302253393667145,0.01307838493171465,0,0.01274799902310968,0,0,0,0.01761169978811043,0,0,0,0,0,0,1,0,0,0,0,0.01912321046330793,0,0,0,0,0,3,0,0.3333,0,0,0.02235519507761209,0.01908847433371682,0,0,0,0,0,0,0,0,0,0,0,0,0,0,partially_open
0,0,0.0725,0.2867,78,1076,150,8,24,0,19,0.01776779095356903,0.00790290835154296,0.01560847643684983,0,0.02452196177365251,0,0,0,0,0,0,1,0,0,0,0.04585924757462546,0,0,0,0,0,0,0,0,0,0,0,0,0,0,0,0,0,0,0,0,0.04428706556999287,1,0,0,0,0,0,0,0,0,0,0.02025419639235579,4,0,0,0,0,0,0,0,0,0.01784779591039486,0,0,0,0,0,0,0,0,0,0,0,partially_open
0,0,0.0978,0.2376,63,644,101,7,14,0,10,0,0,0,0,0,0.05006052930042241,0,0.01828772962989567,0,0,0,0,0,0,0,0,0,0.05746421837099386,0,0,0,0,0,0,0,0,0,0,0,0,0,0,0.03411992619757288,0,0.02903147138413984,0,0,0,0,0,0,0,0,0,0.15043984368369623,0,0,0,3,0,0.3333,0,0,0,0,0,0,0,0,0,0,0,0,0,0,0,0,0,0,partially_open
0,0,0.0404,0.0447,112,2774,403,14,9,0,9,0,0.00339717779817457,0,0,0.02810963943887769,0,0,0,0,0.02452118903276958,0.0400190029527936,0,0,0.00554695764576464,0.00607798584461286,0,0.01114028485713896,0,0.03445116036383903,0.03078742273230028,0,0,0.01698929735375295,0,0,0.00753849893177599,0,0,0,0.03675455996027485,0,0,0.02362148736755045,0,0,0,0.01269161758416085,1,0,0,0,0.00744373343926358,0,0,0,0.0082081677745492,0.00866030363439937,0,3,0.07538498931775994,0.3333,0,0,0,0,0.00761089866637527,0,0,0,0,0,0,0,0,0,0.00822206912765767,0,0,0.00909464017661188,fully_open
0,0,0.063,0.105,91,1445,200,13,12,0,9,0.02813233567648429,0,0.01235671051250611,0.00926414606847304,0.00647107324582496,0,0,0,0,0,0,1,0,0,0,0,0.01025834563928212,0,0.00906393623858146,0,0,0,0,0,0,0,0,0,0.01250486256268348,0,0.01511670898479478,0,0,0,0,0,0,0,0,0.01687461130329805,0,0,0,0,0,0,0,0,3,0,0.3333,0,0.01471743102066231,0,0,0.01401673837724113,0,0,0,0,0,0,0,0,0,0,0,0,0.01674929565859355,partially_open
0,0,0.0426,0.0644,134,3144,388,16,15,0.02168719899455834,10,0,0.00525018386990616,0,0.01166116288339264,0,0.00892687760252287,0,0,0.00454586246461132,0,0,0,0.01239130658693619,0,0.01408987627614801,0.00761648342585562,0,0,0,0,0,0,0,0,0,0,0,0.00744276848206506,0,0,0,0,0,0,0,0,0,1,0,0,0,0,0,0,0,0,0,0,1,0,1,0,0,0,0,0.0058811489694718,0,0,0.00695025997606298,0.00727077462125816,0,0.00728478868208872,0,0,0,0,0.00774967621242305,0,0.01405535300021836,partially_open
1,0,0.0218,0.1176,27,1239,170,4,11,0,9,0.00819388417761678,0.01457818045430255,0,0,0.02261734338346591,0,0,0.01811017885678988,0,0,0,0,0,0,0,0.02114868213392921,0,0.01422657833456644,0,0,0,0,0,0.01302253393667145,0,0,0.01274799902310968,0,0,0,0.01761169978811043,0,0,0.01694981104213257,0,0,0.01361576449562887,0,0,0,0,0,0.03824642092661586,0,0,0,0,0,4,0,0,0,0.0342930431549413,0,0,0.01633018063367898,0.01810029283556204,0,0.01929878012770885,0,0.03434990256812748,0.02022766566094538,0,0,0,0,0,0,0.03902748502973253,closed
0,0,0.0633,0.2185,75,1184,151,7,19,0.02131456670942847,14,0,0.00773996178759362,0,0.01146079925996665,0.0480327086288039,0,0,0,0,0,0,0,0,0,0,0,0,0,0.01121311699618325,0,1,0,0,0,0,0,0,0.02194465758629492,0,0.03349590825245667,0,0.01690615587545164,0,0,0,0.03677920205317274,0,0,0.01802783484296503,0,0,0,0,0.03169313919287576,0,0,0,0,4,0.01717534292703602,0,0,0,0,0,0.0346805897993595,0,0,0,0,0,0,0,0,0,0,0.04569912158253594,0,0,partially_open
0,0,0.0126,0.0173,80,6327,1041,12,9,0,9,0.00592953210979762,0,0.00347261185363169,0,0.00181856859367446,0,0,0.0021842487379969,0.02435815765580961,0,0.00345206856072107,0,0.01244934549366657,0.00287090782134422,0.03145749113956542,0.00255071927376429,0,0.00343170390740127,0,0,0,0.00294384549277693,0,0.00942380090499175,0,0.00390165869771076,0,0,0,0,0,0.00384050847756161,0.00407521366762579,0.00408859610618186,0.00346745911145464,0,0,0,0,0,0,0,0,0,0,0,0,0,4,0.00390165869771076,0,0,0,0,0.0184179190292537,0,0,0.00397082110418621,0,0,0,0.00975854596289168,0,0,0,0.00425545029792118,0,0.00472460456852548,0,fully_open
0,0,0.0434,0.0658,50,1151,152,7,5,0,5,0,0.03033439569279118,0,0.0112292679617855,0.00784372514645451,0,0,0,0,0,0,0,0,0,0,0.0660095230240821,0.012434358350645,0.01480138958040751,0.01098658938009874,0,0,0.01269719217591668,0,0,0.01360680452491524,0,0,0,0,0,0,0,0.05273079503261262,0,0,0,0.01416589639444216,0,0,0,0,0,0.01989586543152239,0,0,0.01832328361793308,0,0,2,0,0.6667,0,0,0,0,0,0.01883161779861505,0,0,0.02100446001696804,0,0,0,0,0,0,0,0.02037783990667054,0.02030217655587097,partially_open
0,0,0.0929,0.1975,98,1055,157,13,17,0,14,0,0,0,0,0,0,0,0,0.01494386971125101,0.0155723642995462,0,0,0.02036732002220546,0.02818109516583875,0.01543948128344187,0.01251904747008453,0,0,0,0,0,0,0,0,0,0,0,0,0.01724808629335653,0,0,0,0,0,0,0,0,0,0,0,0,0,0,0,0,0,0,0,2,0,0.6667,0,0,0,0,0,0,0,0,0,0,0,0,0,0,0,0,0,0,fully_open
0,0,0.084,0.2308,66,786,117,10,15,0,12,0,0,0,0,0.06953989159692503,0,0,0.02784102122760236,0,0,0.13200297988906545,0,0,0,0,0.01625607656563215,0,0,0,0,0,0.01876152276739927,0,0,0.06031673050596758,0,0,0,0,0,0,0,0,0,0,0,0,0,0,0.0302231844238174,0,0.02455321029966047,0.0587967366483796,0.02294204852021603,0,0.02707470265933395,0,0,4,0,0,0,0,0,0,0,0.02782582331437149,0.05061315258171677,0,0,0,0.0310962621354832,0,0,0,0,0,0,0,partially_open
1,0,0.0512,0.1376,88,1718,218,8,17,0,13,0.00537560554327725,0.01912805843048616,0,0.00708087597590296,0.00989208649043307,0,0,0,0,0,0,0,0,0,0,0,0.01568154747406185,0.0093333603086646,0.00692784935432977,0,0,0,0.09565948318928416,0,0,0,0,0.01355816424121406,0,0,0,0.02089040917094024,0,0,0,0.0113617280227954,0,1,0.01113821643164081,0,0,0,0,0,0,0,0,0.01225572393168026,4,0,0,0,0.0112489918629266,0.01466614708913405,0,0,0,0,0.01266098314110835,0,0,0,0,0,0,0,0,0.01284972070548014,0,closed
0,0,0.0429,0.1389,78,1818,252,11,20,0,15,0.06492077463804069,0.00481266854741398,0,0,0.00995549730126918,0,0,0.00597868084054281,0,0,0,1,0,0,0,0,0.00789103510714009,0,0.00697225864506266,0,0,0.00805783349625481,0.01203408562557501,0.00859821150946897,0.00863508748696544,0,0.00841694807295062,0,0,0,0.01162823768061137,0,0,0,0.00949105795250725,0,0.01797979157756121,0,0,0,0.01049566099951048,0,0.02525244458616303,0.0098533157106056,0,0,0,0,4,0,0,0,0,0,0.02520657508170298,0,0,0.02173770014727579,0,0.01332975347230664,0.01133987168114465,0,0,0.01201317123048003,0,0.01164793126418169,0,0,0,fully_open
1,0,0.0487,0.1719,65,1334,192,8,19,0,14,0,0,0,0,0,0.0119303130575773,0,0,0,0,0,0,0,0,0,0,0.01150468669826032,0,0.02033032427345374,0,0,0,0.10527013220129168,0,0,0,0.0122714383119654,0,0,0.0151827247686369,0.01695331848762032,0,0,0,0,0,0.0131067639537362,0,0,0,0.030604170391096,0,0.01840832409084782,0,0,0,0,0,3,0,0.3333,0,0.03301106023326125,0.08607794740164657,0,0.01571970659129846,0,0.01584617393913562,0,0,0,0,0,0.01751453001826995,0,0,0,0,0,closed
0,0,0.0671,0.1193,81,1207,176,13,13,0,8,0,0,0.01528665218041994,0.03438239777989995,0.00800545143813398,0.01316024223877083,0,0.01923039610566349,0,0.02793393183629937,0,1,0.01826759630857603,0.01263791381148439,0,0.01122842401956035,0,0.01510657287072519,0.01121311699618325,0.05260840533895641,0,0,0,0.01382805149976453,0,0,0,0,0,0,0,0,0,0,0.03052793898126045,0,0,0,0,0,0,0,0,0,0,0,0.01973120724950786,0,3,0,0.3333,0,0,0,0.02026920470487456,0,0,0,0,0,0,0,0,0,0,0,0,0,0,partially_open
0,0,0.0631,0.1946,69,1094,149,6,18,0,11,0.02693521500939985,0.00798698184464448,0,0.05913284724557261,0.0578266119839678,0,0,0,0,0,0.01568120505774359,0,0,0.013041251486319,0,0.01158677797763143,0,0,0,0,1,0,0,0,0,0,0,0,0,0,0,0,0.01851187485187464,0,0.01575111745309715,0.01897650318700934,0,0,0,0,0,0.01750069244763033,0,0,0,0,0,0,4,0,0,0,0,0,0,0,0,0,0,0,0,0,0,0,0,0,0,0,0.02138207956416197,fully_open
0,0,0.0639,0.1705,77,1205,176,9,16,0,14,0.00907494699241429,0.01614572673971143,0,0,0,0,0,0,0.02795949816943738,0,0,0,0,0,0.02888677143353642,0,0,0,0,0,0,0,0,0,0,0,0.01411875160623976,0,0,0.01746829623918439,0,0,0,0,0.01592048430743152,0,0,1,0,0,0.03521124980480938,0,0,0.01652814248230617,0,0,0,0,3,0,0.3333,0,0,0,0,0,0,0,0,0,0,0,0,0,0,0.15630772277095442,0,0.02169253925548799,0,fully_open
0,0,0.0657,0.1301,65,989,146,9,10,0,9,0,0,0,0,0,0.0177297707938996,0,0,0,0,0,0,0,0,0,0,0,0,0,0,0,0,0,0,0,0,0,0,0,0,0,0,0,0,0,0,0,0,0.02428749971899455,0,0,0,0,0,0,0,0,0,4,0,0,0,0,0,0,0,0,0,0,0,0,0,0,0,0,0,0,0,0,partially_open
0,0,0.0759,0.2333,83,1093,150,13,18,0,17,0.00981360546854103,0,0,0,0.00902940452905809,0.01484352903675315,0,0,0.01511763563812602,0.03150687660605859,0,0,0,0,0.01561901013557492,0,0,0,0.01264735289104389,0,0,0,0,0,0.04699094120813753,0,0,0,0,0.01889013430516451,0,0,0,0,0.03443267536258446,0,0,0,0.02033372069497218,0,0,0,0,0,0.1784286518108955,0,0,0,3,0,0.3333,0.02127280623734961,0,0,0.0228617773996841,0,0,0,0.0693409658076981,0,0,0,0,0,0,0,0,0,0,fully_open
0,0,0.0267,0.08,43,1613,250,8,11,0,9,0.10376681192145848,0.0246156161769371,0.01215414148771093,0,0,0.01046347128820304,0,0.04586922349793504,0,0.01110488273820098,0,0,0,0.0200963547494096,0,0,0,0,0,0,0,0,0,0,0,0,0,0,0,0,0,0,0,0,0,0,0,1,0,0,0,0,0,0,0,0,0,0,4,0,0,0,0,0,0,0,0,0,0,0,0,0,0,0,0,0,0,0,0,fully_open
0,0,0.0397,0.092,77,1941,261,9,13,0,11,0.00520969179194153,0,0,0,0.02876032553699986,0,0,0.02302899286727602,0.06420329209278214,0.00836293638308962,0.00909897083597467,0,0,0,0.06633258625478733,0,0,0,0,0,0,0,0,0,0,0.0102840016291512,0,0,0,0.01002809598916141,0,0,0,0,0,0,0,0,0,0.01249971207651707,0,0.03046416833476391,0,0,0.1105082802367892,0.0111975622109591,0,0,4,0,0,0,0,0,0,0,0.01150821087693142,0,0.02454042411301249,0,0,0.01286079977208256,0.01259395573164539,0,0,0,0,0.01245312438740977,0.02481377134606451,fully_open
0,0,0.0557,0.1111,76,1364,198,9,12,0,10,0,0,0,0,0,0,0,0,0,0,0,0,0,0,0,0.00999226724676472,0,0,0,0,0,0,0,0,0,0,0.02409254861248253,0,0,0.01490414266279035,0.01664224842362729,0,0,0,0.0271670649649749,0,0,0,0.01604311908043677,0,0,0,0,0,0,0,0,0,3,0,0.3333,0,0,0,0,0,0,0,0,0,0,0,0,0,0,0,0,0,0,closed
0,1,0.0226,0.0773,39,1727,233,5,10,0,8,0.01241132456315483,0,0,0.00817424653100562,0.00570977051102203,0.0187726984876584,0,0.00685789861121087,0.00955968135940322,0,0,0,0,0,0.0098767269974959,0,0.01810296289285081,0,0.01599518159749669,0,0,0.00924280901040993,0,0.00986265437850852,0,0,0,0,0.04413480904476524,0,0.01333827263364246,0,0,0.01283698924514452,0.01088680176905244,0,0,0,0,0,0.01203914055826203,0,0.01448301968912291,0.01130233272687113,0,0,0,0.02829630378343824,3,0,0.3333,0,0,0,0.014456712179212,0.02473542066571964,0,0.01246721037858464,0,0.01529001133588114,0.01300749986954827,0,0,0.0275596281169836,0.01555959945626049,0,0,0,0.02955758057398861,fully_open
0,1,0.0534,0.1647,64,1199,170,6,16,0,12,0.01758270979780268,0.02346175916864317,0.01544588814063265,0,0.03235536622912484,0.0132973280954247,0,0.00971535636588207,0.01354288192582123,0.01411245514646374,0.06141805314282906,0,0,0.01276955874702068,0.0139920299131192,0,0,0,0,0,0,0,0,0.01397209370288707,0.01403201716631884,0,0.04103262185563431,0,0,0,0.01889588623099348,0,0,0,0,0,0,1,0,0,0,0,0,0.0160116380297341,0,0.01889588623099348,0,0,4,0,0,0,0,0,0,0,0,0,0,0,0.01842729148186005,0,0.02125230029715161,0,0,0,0,0,0,fully_open
1,0,0.0545,0.1747,63,1156,166,9,18,0,11,0.04305969746400658,0.02298294775703821,0,0,0.02377128947445907,0,0,0.00951708378698652,0,0,0,0,0.07232476905844389,0.01250895550728557,0,0,0,0,0.02219739486999541,0,0,0.01282675536138521,0,0.0136869489334404,0,0,0.0267968142730673,0,0.01531207660736753,0,0,0.01673364408080417,0,0.0178145973197924,0,0,0.02862089271530151,0,0,0,0,0,0.02009888446653792,0.01568486990667831,0,0.01851025589974872,0,0,4,0,0,0,0.01802134410693344,0,0,0,0.01902377716390704,0.01730143481109706,0,0,0.01805122430876087,0,0.02081857988292402,0,0.02159291353113701,0,0,0,0,partially_open
0,0,0.0495,0.1895,59,1191,153,9,15,0,14,0,0.00708279522072246,0,0.02097542506069368,0.00732574329716034,0,0,0,0,0,0.01390597429648959,0,0,0,0,0.03082520178954777,0,0,0,0.01604721798075085,0,0,0,0,0,0,0,0,0.01415644818416998,0,0,0,0,0,0.02793594416209683,0,0.02646082534056178,0,0,0,0,0.01551948198186086,0,0,0,0,0,0,3,0,0.3333,0,0,0,0,0,0.03517604079363944,0,0,0.01961737303471543,0.01668886775715627,0,0.03849473261370857,0,0.01996325967973044,0,0,0,0,partially_open
0,0,0.0462,0.1523,69,1494,197,9,17,0,13,0.00634563962627465,0,0,0,0.01751568698118036,0,0,0,0,0,0.02216591391620898,0,0,0,0,0.01637830270522337,0.00925565020085605,0,0.00817798758368252,0,0,0,0,0,0,0,0,0,0.01128258276332344,0,0,0,0,0,0,0,0.01054453942142687,0,0,0,0,0,0,0,0,0.01363913592613063,0,0,3,0,0.3333,0,0,0,0,0.01264668124262357,0,0,0,0,0,0,0,0.01409063693199161,0,0,0.08332358634409749,0,0.01511214645888139,partially_open
0,0,0.1121,0.1676,163,1454,179,20,17,0.01476794979153258,13,0.00602835764496092,0,0,0.00794069663011975,0,0,0,0.01332391730178113,0,0.00967711210043228,0,0,0,0.00875626885509989,0,0,0.035171470763253,0,0,0,0,0,0,0,0,0,0,0,0,0,0,0,0,0,0,0,0,0,0,0,0,0,0.01406921912657654,0,0,0,0,0,4,0,0,0,0,0,0.07021831629902973,0,0,0,0,0,0,0,0,0,0,0,0,0.01441004393400273,0,partially_open
0,0,0.0238,0.1374,34,1427,211,5,16,0,13,0.01993630087309911,0,0,0,0,0.01005152359969111,0,0,0,0,0,0,0,0.01930515968053521,0,0,0,0,0,0,0,0,0,0,0,0,0,0,0.01181561816946471,0,0,0.01291257574739219,0,0,0,0,0,1,0,0,0,0,0,0,0,0,0,0,3,0,0.3333,0,0,0,0,0,0,0,0,0,0,0,0,0,0,0,0,0,0,closed
0,0,0.0496,0.2837,56,1130,141,6,23,0,17,0,0,0,0,0,0,0,0,0,0,0,0,0,0,0,0,0.01352748875509731,0,0.01195244339153599,0,0,0.01381342885072254,0,0,0,0,0.01442905383934393,0,0,0,0.01993412173819093,0,0.01912215644039798,0,0,0,0,1,0.01921648329414953,0,0.01799256171344655,0,0,0.01689139836103818,0,0,0.02103216596925563,0,3,0,0.3333,0,0,0,0.02160563578431684,0,0,0,0,0,0.0194397800248194,0,0,0,0,0,0,0,0,closed
1,0,0.0363,0.0417,73,2010,288,8,6,0,6,0.01029231793042108,0,0,0,0.00473493164328656,0,0,0,0,0,0,0,0,0,0,0.00664120201156923,0.00750610656532838,0,0,0.03111594706023641,0,0,0.01144705705847379,0,0,0,0,0.01297946210896712,0,0,0.01106100657424009,0,0,0,0,0,0.00855136428688886,0,0.01066280475468053,0,0,0,0,0.00937266616374679,0,0,0,0.01173261376386464,3,0,0.3333,0,0,0,0,0.01025615003212765,0,0.01033866226516775,0,0,0,0,0,0.03428148863332107,0.03870924742777001,0,0.01351467924849386,0,0.02451116437842958,closed
0,0,0.025,0.2383,40,1602,214,8,30,0,21,0,0.01072537561995116,0,0,0,0,0,0,0,0,0,0,0,0,0,0,0.00879286769081325,0,0,0,0,0,0,0,0.00962195462833292,0.02380011805603563,0,0,0.01071845362515727,0.01160393964460106,0.0129571791298241,0.01171355085656292,0,0,0,0,0,1,0,0.01446395254568404,0,0,0,0,0,0,0,0,4,0,0,0.0130675809743719,0,0,0,0,0,0.01211100436776794,0,0,0,0,0,0,0,0,0,0,0,partially_open
1,0,0.0833,0.2248,84,1009,129,13,16,0,13,0,0,0,0,0,0,0,0,0,0.01593877287130023,0,0,0,0,0,0,0,0,0.05118458111198942,0,0,0,0,0.03156049401122728,0.0158479252701954,0,0,0,0.01765392361790609,0,0,0,0,0,0.0174188828304839,0.02098577999504562,0,0,0.02057294093844244,0,0,0,0.02317283150259666,0,0,0.02134123621382793,0,0,3,0,0.3333,0,0,0.02708923638816524,0,0,0.02193329602426929,0,0,0,0,0,0,0.02204770249358688,0.02489535913001679,0,0,0,0.04729212891838178,closed
1,0,0.1148,0.1148,98,854,122,13,7,0,7,0.05480325131782655,0,0.03851442237664245,0,0.02016957894802588,0,0,0.0242253041850566,0.03376926402282697,0,0.03828657858254279,0,0,0,0.05233382616854975,0,0,0.01903035803195251,0,0,0,0.03264992273807146,0,0.01741975318801505,0.01749446296060532,0,0.06821007269508042,0,0,0,0,0,0.02259891215683398,0,0,0,0,0,0,0,0,0,0,0.01996256169940876,0,0,0,0.02498894360095845,4,0,0,0,0,0,0,0,0,0,0,0.05401146861506067,0.02297428548387747,0,0,0,0,0.04719681239512584,0,0,0,closed
0,0,0.068,0.25,79,1162,168,8,22,0.02297236634238402,20,0,0.01668391763103515,0,0,0,0,0,0.01036304679027421,0,0,0,0,0,0.01362086266348873,0,0,0,0,0,0,1,0,0,0,0,0,0,0,0,0,0,0,0,0,0,0,0,0,0,0,0,0,0,0,0,0,0.06379757010674209,0,4,0,0,0,0,0.02558427881104495,0,0,0,0,0,0,0,0,0,0,0,0,0,0,0,fully_open
1,0,0.1241,0.1469,157,1265,177,17,15,0,11,0,0.00715025041330077,0,0,0,0.01215755711581687,0,0,0,0,0,0,0,0,0,0.01037292504664147,0.011723823587751,0.01395559589009851,0,0,0,0.03591491501187861,0,0.02554897134242208,0.0384878185133317,0,0.0500207199763923,0,0.014291271500209691,0,0,0,0,0,0.05640400154632884,0,0.01335641660047404,1,0,0,0.01559355348498701,0,0,0,0,0,0.01822787717335488,0,2,0.01586674537069042,0.6667,0,0,0,0,0.01601912957398986,0,0,0,0.07921682063542232,0.03369561870968696,0.01984237679121309,0,0.0356962802277121,0,0,0,0,0.01914205218124977,fully_open
0,0,0.1248,0.34,82,657,100,11,18,0,16,0,0,0,0,0,0.02363969439186613,0,0.01727174465045702,0,0,0,0,0,0,0,0,0,0,0,0,0,0,0,0,0,0,0.02431562776630181,0,0.02778858347262996,0,0,0,0,0,0,0.03303317221442366,0,1,0,0,0,0,0,0.05693026855016572,0,0,0,0,4,0,0,0,0,0,0,0,0,0,0,0,0,0,0,0,0,0,0,0,0,closed
0,0,0.0388,0.1014,70,1806,276,9,15,0,13,0,0.01072537561995116,0,0.00794069663011975,0.00554663421070711,0,0,0.00666195865089056,0,0.01935422420086456,0,0,0,0,0,0,0,0,0,0,1,0,0,0,0,0.01190005902801781,0,0,0.01071845362515727,0.01160393964460106,0,0.0585677542828146,0,0,0,0,0,0,0.0249814282823944,0.01446395254568404,0,0.01175046492912322,0,0.01097940893467481,0,0,0,0,3,0,0.3333,0,0,0,0,0,0,0,0,0,0,0.01488178259340982,0,0,0.01511503947179591,0,0,0,0,fully_open
1,0,0.0462,0.1421,61,1319,183,9,16,0,10,0.02322853404480355,0.01377571180544186,0,0,0.04274470400911906,0,0,0,0.02385535164915299,0,0.013523241058971531,0,0,0,0,0.02997680174029416,0,0,0,0,0,0,0,0,0,0,0,0.01952873198046429,0,0,0,0.01504492770567714,0,0,0,0.01636505779430163,0.0643313643600814,0,0.01604311908043677,0,0,0,0,0,0,0,0.01755896424956204,0,4,0.01528447948552747,0,0,0,0,0,0,0,0,0.0182364619555414,0,0,0,0,0,0,0,0,0,0.01843959155074519,partially_open
1,0,0.0639,0.1183,83,1298,186,13,12,0,10,0,0.00708279522072246,0,0,0,0.01204286318076199,0,0.00879881331249697,0,0.01278109145340112,0,0,0,0.01156488339352816,0,0.02055013452636518,0,0,0,0,0,0,0,0.0126539716554449,0.02541648392389829,0.01571705909360844,0,0,0,0,0,0,0,0,0,0,0,0,0,0,0,0.07759740990930432,0.03716397505133428,0.0290022122802731,0,0,0.01805591606794587,0,4,0,0,0,0,0,0,0,0,0,0,0,0,0,0,0,0.01996325967973044,0,0,0,0,closed
0,0,0.0263,0.1391,41,1557,230,4,17,0.01654010376651649,15,0,0,0,0,0,0,0,0,0,0.01083836555248415,0,0,0,0.00980702111771188,0,0,0.00984801181371084,0,0,0,1,0,0,0,0,0,0,0,0,0,0.01451204062540299,0,0,0,0.01184484032472905,0,0,0,0,0,0,0,0,0,0,0,0,0,3,0,0.3333,0.01463569069129653,0,0,0,0.02691213768430297,0,0,0,0,0,0,0,0,0,0,0,0,0,partially_open
1,0,0.0558,0.0949,99,1774,253,12,13,0,11,0,0,0,0.01425253241303545,0,0.00818297113564597,0,0,0,0,0,0,0,0.00785818999816657,0,0,0.00789103510714009,0,0,0,0,0,0.02406817125115002,0,0,0,0,0,0,0,0,0.02102432205024114,0,0.01119122139320291,0,0,0.0089898957887806,0,0,0,0,0,0,0,0,0,0,0,3,0.03203862046004797,0.3333,0,0.01132110078512485,0,0,0,0,0.03260655022091369,0,0,0,0.01335544591716265,0,0,0,0,0,0,0,closed
1,0,0.056,0.1658,76,1356,193,11,18,0,14,0.01562907537582461,0,0.01372967834722902,0.01029349563163671,0.00719008138424996,0.01181984719593306,0,0.00863587232522851,0,0,0,0,0,0,0,0.01008478823979032,0,0,0,0,0,0.02327818565584724,0.01738256812583057,0,0.01247290414783897,0,0.0121578138831509,0,0.01389429173631498,0,0,0,0.03222437474215216,0,0.01370930593139936,0,0.01298540502823865,1,0.0161916664793297,0,0,0.03046416833476391,0.01823787664556219,0.01423256713754143,0,0,0,0,4,0,0,0,0,0,0,0.03114830750498029,0,0,0,0,0,0,0.03778186719493619,0.01735235844402671,0,0,0,0,0.01861032850954838,closed
0,0,0.0693,0.2011,100,1442,184,9,21,0,16,0,0.00595854201108398,0,0,0,0,0,0,0,0,0,0,0,0,0,0,0,0,0,0,0,0,0,0,0,0,0,0,0.01190939291684141,0,0,0,0,0.01385579791539408,0.01175083365548517,0,0,1,0.01387857126799688,0,0,0.02611214428694049,0,0,0,0,0,0,4,0.01322228780890868,0,0,0,0,0,0,0,0,0,0,0,0,0.01619222879782979,0,0,0,0,0,0,closed
0,0,0.0625,0.11,94,1503,200,11,11,0,11,0,0,0,0,0,0,0,0,0,0,0,0,0,0,0,0,0.00918657818443175,0,0,0,0,0.01876152276739927,0,0,0.01005278841766126,0,0,0,0,0,0,0,0,0,0,0,0,0,0.013049999849012,0,0,0,0,0,0,0,0,0,4,0,0,0,0,0,0,0,0,0.01265328814542919,0,0,0,0,0,0,0,0,0,0,0,partially_open
0,0,0.0289,0.1071,52,1800,252,9,16,0.0142587101435487,11,0,0,0,0.0076668795049432,0,0,0,0.01286447187758178,0,0,0,0,0.01222039201332327,0,0,0.02253428544615216,0,0.01010577633420926,0.00750118861123982,0,0,0,0,0.00925048962398041,0.00929016308942489,0,0,0,0,0,0.01251037984948534,0,0.02400160325622367,0.01204021060234245,0,0,0,1,0,0,0,0.01134527648329139,0.02716814727890644,0.01060080862658258,0,0,0,0,2,0,0.6667,0,0.06089971456825784,0,0,0,0.01285744939353717,0,0,0.07170488074758054,0.01220013780867976,0,0,0,0,0,0,0,0.01386148606228431,fully_open
0,1,0.0936,0.1412,109,1164,170,13,14,0,10,0.00981360546854103,0.00872995689996025,0,0,0.00902940452905809,0.02968705807350631,0,0,0,0,0,0,0,0.01425439115946495,0,0.01266461778950412,0.02862794131892686,0,0,0,0,0,0,0,0,0,0.03053590463675111,0,0,0,0,0,0,0,0,0,0.01630725282616016,1,0,0,0,0,0,0,0,0,0,0.1566167511734489,3,0,0.3333,0,0.02053595026138927,0,0,0.05867471878845125,0,0,0,0.02417955281023064,0,0,0,0.04358266771988105,0.04921175641980063,0,0,0,0,fully_open
0,0,0.0309,0.0595,40,1295,185,7,6,0,5,0,0,0,0,0.01669954386019347,0,0,0.01002875495832988,0.01397974908471869,0,0.03169964033178275,0,0.01905329937561156,0,0.01444338571676821,0,0,0,0,0,0,0,0,0,0,0,0.01411875160623976,0,0,0,0,0,0,0,0,0,0,0,0,0,0,0,0,0.01652814248230617,0.02749975637228856,0,0,0,4,0,0,0,0,0,0,0,0.06013968264719001,0,0,0,0.01902172023933941,0.0672080504218508,0,0.02015112593499877,0,0.0586153960391079,0,0,0,closed
1,0,0.0526,0.1436,75,1425,181,9,13,0,13,0,0.00595854201108398,0,0,0.01232585380157137,0,0,0,0,0,0,0,0,0.00972918761677766,0,0.01728820841106912,0,0,0.00863232022722043,0,0,0,0,0,0,0,0,0.01689390306246514,0,0,0,0.01301505650729213,0,0,0,0,0,1,0,0,0,0,0,0,0,0,0,0.04581306326842382,4,0.01322228780890868,0,0.01451953441596878,0,0,0,0.01334927464499155,0,0,0,0.01650350429904631,0.01403984112903623,0,0,0.01487345009488004,0,0,0,0,0,partially_open
0,0,0.043,0.1,80,1862,260,10,15,0,11,0.02360755441383297,0,0,0,0,0.00892687760252287,0,0,0.00909172492922264,0,0,1,0,0,0.00939325085076533,0,0.00860840193506192,0,0.00760610034006835,0,0,0.01758072762819232,0,0,0,0,0,0,0.01049359096169243,0,0.01268535019703059,0.02293562405480851,0,0,0,0,0,1,0,0,0,0.01150395167886189,0,0,0,0,0.01338410561679903,0,4,0,0,0,0,0,0,0,0,0,0,0.01454154924251633,0,0,0,0,0,0,0,0.01410773532000267,0,fully_open
0,1,0.0379,0.1164,49,1292,189,7,13,0,9,0,0.00715025041330077,0.01412195487143556,0.01058759550682633,0.02218653684282846,0.01215755711581687,0,0,0.01238206347503655,0,0,0,0.01687577944697024,0,0.01279271306342327,0.02074585009328294,0,0.01395559589009851,0,0,0,0.03591491501187861,0,0.02554897134242208,0,0,0,0,0.014291271500209691,0,0,0.01561806780875056,0.03314507116335651,0,0,0,0.04006924980142212,1,0,0,0,0,0.05627687650630619,0.01463921191289975,0,0,0,0.01832522530736953,3,0,0.3333,0,0,0,0,0,0,0.01614800582369059,0,0,0,0,0,0.01784814011385605,0,0.01730549787821281,0,0,0,fully_open
0,1,0.0391,0.1106,68,1741,235,8,13,0,13,0.01197120667084438,0,0,0.02365313889822904,0.01652188913827651,0.00905349997986362,0,0.01322942143439261,0,0,0.03136241011548718,0,0,0,0,0.02317355595526286,0,0.01039246502454144,0,0.04825546399885364,0,0.00891504982564362,0,0,0,0,0,0,0,0.02304328440062622,0,0,0.01234124990124976,0,0,0.01265100212467289,0,0,0,0.01436137132195578,0,0,0,0,0,0,0,0,3,0,0.3333,0,0,0,0,0,0,0,0,0,0,0,0,0.0132911681698928,0,0.01288707288803081,0.0157192013954113,0.01430784504085378,0,fully_open
0,1,0.0625,0.1381,93,1488,210,14,17,0,12,0,0.00610387230403725,0.01205532732927426,0,0.04419269533734125,0.04151360966376493,0,0.01516543432723055,0,0.02202919827740682,0,0,0,0,0,0.02656480804627694,0,0,0,0.01382930980454952,0,0.01021969126354269,0,0.02181009748743349,0.04380727310460518,0.01354478263351621,0,0,0.02439973182962631,0,0.01474800876565345,0,0.01414728647216436,0.01419374420601346,0.01203743935439944,0,0.01140181904918515,1,0,0,0.02662314009631929,0,0,0,0,0,0.03112076590572785,0.01564348501848618,3,0,0.3333,0,0.02871693857690207,0,0,0.01367486670950354,0,0.01378488302022367,0,0,0.01438227627852492,0,0,0.01523621717036492,0,0,0,0,0,fully_open
0,0,0.0148,0.0836,38,2572,347,5,15,0,14,0.0040771500980412,0,0.05014317309422773,0,0,0,0,0.00450567251751052,0,0,0,0,0,0.00592211420151684,0,0,0,0.00707892545149924,0,0.00821741597081927,0,0,0,0,0,0,0,0,0,0,0.01752661911280555,0,0,0,0,0,0,0,0,0,0,0,0,0,0,0.02628992866920832,0,0,4,0,0,0,0.00853184406994916,0,0,0,0,0,0,0,0,0,0,0,0,0.02633445329293253,0,0.01949184686725007,0,fully_open
1,0,0.0651,0.1384,77,1183,159,10,12,0,10,0,0.00736055189604491,0.02907461297060263,0,0.02283908204408812,0.0125151323251056,0,0.00914386481494783,0,0,0,0,0,0,0,0,0.0120686419285672,0.01436605459274846,0.03199036319499339,0,0,0.01232374534721324,0,0.01315020583801136,0.0132066043918295,0,0,0,0,0,0.01778436351152328,0,0,0.0342319713203854,0,0.01748814999587135,0.04124775714852277,0,0,0.019852483886233,0,0,0.01931069291883055,0,0,0.03556872702304656,0.01876399120786532,0,4,0.01633341435218132,0,0,0.01731462473019095,0,0,0,0,0.01662294717144619,0,0,0.0173433331593977,0,0,0,0,0,0.15210638997324466,0,0,partially_open
0,0,0.0558,0.105,92,1650,238,15,15,0,10,0,0,0,0.01807638257263033,0,0.02075680483188246,1,0.00758271716361527,0,0,0,0,0.02881230637287602,0.00996648487572346,0,0.00885493601542564,0,0,0,0,0,0,0,0.01090504874371674,0,0,0,0,0,0,0,0,0,0,0,0,0,1,0,0,0.01331157004815964,0,0,0,0.02079249872051086,0,0,0,4,0,0,0,0,0,0.01598465736888482,0,0,0,0,0,0,0.0169386143339624,0,0,0,0,0,0.01640167602244214,0,partially_open
0,0,0.0591,0.0885,95,1608,226,11,11,0.013692138879566631,9,0.00558920576353992,0.01988811373235978,0.00981990239404459,0.01472447057240748,0,0,0,0,0,0.00897215691430807,0,0,0,0,0,0.03606480562574022,0.01630465532071331,0.00970422230768439,0.02160938440986308,0,0,0,0.024865130564102,0,0,0,0,0,0,0,0,0,0.0230478971665724,0,0,0.01181318741442965,0,0,0,0,0,0,0,0,0,0,0.0126750139284918,0,2,0,0.6667,0.01211563798948388,0.02339194334409903,0,0,0,0,0,0,0,0,0.01379767922567797,0,0,0,0,0,0,0.01331069853663063,fully_open
0,0,0.1348,0.1828,177,1313,186,29,19,0.01950483934730718,15,0,0.00708279522072246,0,0,0.02197722989148103,0,0,0,0,0.02556218290680225,0,0,0,0,0,0,0,0.01382393932509758,0.01026105989273372,0,0,0,0,0,0,0,0,0,0.01415644818416998,0,0,0,0,0,0.02793594416209683,0,0,0,0,0,0,0,0.01858198752566714,0,0.04825428948344973,0,0,0,3,0,0.3333,0,0,0,0.03709646898816665,0,0,0,0,0,0,0,0,0,0,0,0,0,0,fully_open
1,0,0.0475,0.1458,70,1475,192,9,17,0,11,0,0.00573111674348535,0,0.00848624067341042,0,0.0097446068485555,0,0,0,0,0,0,0,0.00935784457796935,0,0,0.00939695783751034,0,0.01660568471190496,0,0,0,0,0,0,0,0,0,0,0.01240115687209273,0,0,0,0,0,0,0,0,0,0,0,0,0,0,0,0,0,0.04406447306733895,4,0.02543524067057243,0,0,0,0.03515397088540528,0,0,0,0,0,0,0,0,0,0.04291728347988286,0,0,0,0,0,closed
0,0,0.0401,0.2258,42,1047,155,5,22,0,13,0.03125815075164922,0.00926884312835286,0,0.01372466084218228,0.02876032553699986,0.03151959252248818,0,0.01151449643363801,0,0,0.01819794167194935,0,0,0.01513429184832081,0,0,0,0,0.01342805368678734,0,0,0.03103758087446299,0,0.01655951846268098,0,0,0,0,0,0,0,0,0.04296583298953621,0,0,0,0,0,0,0.02499942415303415,0,0,0,0,0,0,0,0,4,0,0,0,0,0,0,0,0,0,0,0,0,0,0,0.02313647792536895,0.02612475958088182,0.02243305280509067,0,0,0.02481377134606451,fully_open
0,0,0.0985,0.2456,79,802,114,9,15,0,13,0,0,0,0,0,0.02092694257640609,0,0.01528974116597834,0,0,0,0,0.02904847281855533,0,0,0,0,0,0,0,0,0,0,0.02198886877831409,0,0,0.02152530982590652,0,0,0,0,0,0,0,0,0,0,1,0,0,0,0,0,0.02519864345663073,0,0,0,0,4,0,0,0,0,0,0,0,0,0,0,0,0,0,0,0,0,0,0,0,0,fully_open
0,0,0.066,0.1367,128,1940,300,18,23,0,18,0,0,0,0,0.00566809335400727,0,0,0,0,0.00988901966467532,0.01075936697392625,0,0,0.00894801196871522,0,0,0.00898541223878726,0,0,0,0,0,0,0,0,0,0,0,0.01095316428848188,0,0,0,0,0,0,0,0,0,0,0,0,0,0,0,0,0,0,0,3,0,0.3333,0,0,0,0,0,0,0,0,0,0,0,0,0,0,0,0,0,0,fully_open
0,0,0.0793,0.1667,91,1147,186,12,16,0,15,0,0,0,0,0,0,0,0.04782944672434252,0.03333632474048303,0,0,1,0,0.0314327599926663,0.03444191978613958,0,0,0,0,0,0,0,0,0.01719642301893794,0,0,0.05050168843770377,0,0,0,0,0,0,0,0,0,0,1,0,0,0,0,0,0.01970663142121121,0.1311526842370685,0,0,0,4,0,0,0,0,0,0.02520657508170298,0,0,0,0,0,0,0,0,0,0,0,0,0,0,fully_open
1,0,0.0612,0.1361,79,1291,191,11,13,0,13,0,0.01416559044144493,0.02797745776416479,0,0,0,0,0.00879881331249697,0,0,0,0,0,0.01156488339352816,0,0.01027506726318259,0,0,0,0,0,0.04743479341191514,0,0,0.02541648392389829,0,0.07432323958756404,0,0,0,0,0,0,0.01647009940886467,0.01396797208104841,0.0168282198073479,0,0,0.01649716962044913,0,0.03089288897969124,0,0,0,0,0,0,0,4,0.03143411818721688,0,0,0,0,0,0.0476040171302529,0.03517604079363944,0,0,0,0,0,0.01924736630685428,0,0,0.0342844769285348,0,0,0,fully_open
0,0,0.0697,0.1688,85,1219,154,8,15,0,11,0.00843970070294529,0.02252328880189745,0,0,0.00776528789498996,0,0,0.01865348422249358,0.02600233329757676,0.01354795694060519,0,1,0,0,0.02686469743318887,0,0.01231001476713855,0,0.01087672348629775,0,0,0.07542132152494507,0,0.01341320995477159,0.01347073647966609,0,0,0,0,0,0,0,0.06960464944304866,0,0.01480605040591132,0,0,1,0,0,0,0,0,0,0,0.01814005078175374,0.01913927103202262,0,3,0,0.3333,0,0.01766091722479477,0,0,0,0,0,0,0,0,0,0,0,0.02116105526051427,0,0,0.02017406150760383,0,partially_open
0,0,0.0464,0.067,72,1553,209,8,7,0.01708688405631869,7,0,0,0,0,0,0,0,0,0,0,0,0,0,0,0,0,0,0,0.00898902767462624,0,1,0,0,0,0,0,0,0,0,0,0.0149917775055816,0,0,0,0,0.01474207685602378,0,1,0,0,0.01353159599936889,0,0,0,0,0,0,0,3,0,0.3333,0,0,0,0,0,0,0,0,0,0,0,0,0,0,0,0.01831741650209085,0,0,partially_open
0,0,0.0626,0.1575,65,1038,146,9,13,0.0249097948290911,10,0.01016831409993408,0.00904549751080219,0,0,0.01871153709636135,0.01538004213446712,1,0.01123703868824914,0,0.01632283968747614,0.03551887410669633,0,0,0,0,0.01312237505900427,0,0.01765466949952221,0.01310448612806958,0,0,0.03028968735941569,0.02261828141674339,0.01616049392141156,0,0,0.01581980601663009,0,0.01807931936773515,0,0,0,0,0,0,0.02149146144070937,0,0,0,0,0.01972678452920043,0,0.0474624259691739,0,0,0,0,0,2,0.02007238872195776,0.6667,0,0,0,0,0,0,0.02042820013840376,0,0.02505351255035947,0.02131349376215139,0.0502036039295753,0,0,0,0.02189249731581138,0,0,0,partially_open
0,0,0.0884,0.1229,118,1335,179,13,12,0.01914363861865335,10,0,0,0.01372967834722902,0,0,0.01181984719593306,1,0,0,0,0,0,0,0,0,0,0.02279632364284917,0,0,0,0,0,0,0,0.01247290414783897,0,0,0,0,0,0,0.01518423259184082,0.01611218737107608,0.01616509756795977,0.01370930593139936,0,0,0,0.0161916664793297,0.01874956811477561,0,0,0,0,0,0,0.0177215472518728,0,2,0,0.6667,0,0,0,0,0,0,0,0,0,0,0,0.01889093359746809,0,0,0,0,0,0,partially_open
0,0,0.0726,0.1404,93,1281,171,13,14,0,10,0.00746876168402238,0,0.01312217045575871,0.00983803122315721,0.02748774476102641,0.04518738043046978,0,0.01650750816149874,0,0.01198934242531433,0,0,0,0,0,0,0,0.01296758910141897,0,0,0,0,0,0.0118700973051076,0.04768402293687113,0,0,0,0.01327950006656653,0,0,0.04353709167926042,0,0,0.05241079789703122,0,0,0,0,0,0,0,0,0,0.09053017142027736,0,0,0,3,0,0.3333,0,0,0,0,0,0,0,0,0.01840213753698969,0,0,0,0,0,0,0,0,0,fully_open
0,0,0.0374,0.0329,110,2945,426,16,7,0,7,0.01091340608139477,0.0064722094258326,0.0063914019892273,0,0,0,0,0.0040201474617443,0.01120790228343826,0.01751890983698947,0,0,0,0,0.01157961096258141,0,0,0.00631611020888079,0.00468824288202489,0,0,0,0,0,0.00580635193089055,0,0.00565967198008749,0,0,0,0,0.00706852206861555,0.00750050101756989,0,0.00638191827841005,0,0.00604492992693868,0,0.00753749991279141,0,0.00705742722380877,0.01418159560411423,0,0,0.01102360923544325,0,0,0,3,0,0.3333,0,0,0,0,0,0.03214362348384293,0.00730836470468755,0.02570397870457774,0,0.00762508613042485,0,0,0,0.01824228901768472,0,0,0,0.00866342878892769,fully_open
0,0,0.0235,0.0597,68,2896,419,11,14,0,11,0,0,0,0.0091875828778245,0.01604398325411149,0,0,0,0.00537238291272247,0.02239331725719866,0,1,0.00732213571046229,0.00506561008146275,0.00555055732090679,0.03600519437677205,0.02034713184651,0.00605511391925761,0.00449451383731312,0,0,0,0.0077575097421062,0,0,0,0,0,0.00620075829554553,0,0.0074958887527908,0,0,0,0,0,0.02897569717044988,1,0,0,0,0,0,0,0,0,0,0.00795102750939587,4,0,0,0,0.01459579935933452,0,0.00812443329079683,0,0,0,0,0,0.00730999992668828,0,0,0,0,0,0,0,0,fully_open
0,0,0.0494,0.1403,77,1558,221,9,17,0,14,0.01430457746261913,0,0,0,0.00658075245338132,0,1,0,0.03305381351386877,0,0,0,0,0,0.03415003910998585,0,0,0.02483622997390413,0,0,0,0.01065272902894704,0,0,0.01141587837259838,0,0.03338247201814317,0,0,0,0.01537292439131673,0,0,0,0.01254750034399264,0,0.01188494697499808,1,0,0,0,0,0,0,0,0,0,0,3,0,0.3333,0,0,0,0,0,0,0.01436898823294501,0,0,0.01499169476490309,0,0,0,0,0.0153989599763758,0,0,0,partially_open
0,0,0.0363,0.1383,52,1433,188,7,14,0.01752129636283527,12,0,0.00636251096098798,0,0,0,0,0,0.00790401873834473,0,0,0,0,0,0,0,0,0,0,0,0,0,0.01065272902894704,0,0.02273425416062982,0,0,0.02225498134542878,0,0,0,0,0,0,0,0.01254750034399264,0,0,0,0,0,0.04162685887941448,0,0,0.02605283476024533,0,0,0.01621972121357849,0,4,0,0,0,0,0,0,0,0,0,0,0,0,0,0.01729000702141148,0,0.01793309767840192,0,0,0.01709666229457952,0,closed
0,0,0.1172,0.22,84,717,100,11,12,0,10,0,0.01365047806175603,0,0,0,0,0,0,0.04727696963195775,0,0,1,0.03221739712603409,0,0.04884490442397976,0,0,0.02664250124473351,0,0,0,0,0,0,0,0,0,0.03870239610673832,0.02728333650040033,0,0,0,0,0,0.02692009164711149,0,0,0,0,0,0.02976951119861156,0.05982054873008186,0,0,0,0,0,0,4,0,0,0,0,0,0,0,0.03389691203750709,0,0,0,0,0,0.03709492415502826,0,0,0,0,0,0,partially_open
1,0,0.0578,0.0648,101,1748,247,13,8,0,8,0.00586090326593422,0,0,0,0,0,0,0.00647690424392138,0.00902858795054748,0,0,0,0,0,0.00932801994207946,0,0,0.01017595533653016,0,0,0,0,0,0.00931472913525805,0.02806403433263769,0,0,0,0,0,0.01259725748732899,0,0,0,0,0,0,0,0,0,0.01137029941613636,0.01142406312553646,0.02735681496834328,0,0,0,0,0,4,0,0,0,0,0,0,0,0,0,0.01380398856356952,0,0,0,0,0,0,0,0,0,0,closed
0,0,0.05,0.1416,75,1499,233,9,19,0,14,0.01607562038656245,0,0,0.04235038202730534,0.01479102456188564,0,0,0.02664783460356226,0.02476412695007311,0,0.02807682429386471,0,0,0.0116750251401332,0.02558542612684654,0,0.011723823587751,0,0.01035878427266452,0,0,0,0,0,0,0,0,0,0,0,0,0,0,0,0,0,0,0,0,0,0.01559355348498701,0,0,0.01463921191289975,0,0,0,0,4,0,0,0,0,0,0,0,0.03551105070595982,0,0,0,0,0,0.01943067455739576,0,0.02015338596239455,0,0,0,0.01914205218124977,partially_open
1,0,0.0515,0.1919,66,1281,198,9,21,0,17,0.02301736555348715,0.00682523903087801,0,0.08085072932485564,0.01411870526361811,0,0,0,0,0,0,0,0,0,0,0,0,0,0.00988793044208886,0.03092736556290164,0,0.01142747295832501,0,0,0,0.04543658901606803,0,0.01935119805336916,0,0,0,0,0,0,0,0,0,1,0,0,0,0,0,0,0,0,0,0.01749226052067091,4,0,0,0.01663146669465514,0.01605537929526797,0,0,0,0,0,0,0,0,0.03788090114686136,0,0,0,0,0,0,0.0548158767008516,closed
0,0,0.045,0.3556,43,956,135,6,26,0,22,0,0,0,0,0,0,0,0.04055105265759475,0,0,0,0,0,0,0,0,0,0,0,0,0,0,0,0.01943943471706028,0.0195228064922697,0,0.03805924346029849,0,0.02174758706553649,0,0,0,0,0,0,0,0,1,0,0,0,0.04768304608919569,0,0.02227706160658658,0,0,0,0,4,0.04829009460644912,0,0,0,0,0,0,0,0,0,0,0,0,0,0,0,0,0,0,0,partially_open
0,0,0.0979,0.134,129,1318,194,15,13,0.01767105103260309,13,0.02164025821268023,0,0,0,0.01991099460253836,0.03273188454258388,0,0.00797157445405708,0,0,0.01259857500365724,0,0,0,0,0.05585421178960793,0,0,0,0,0,0.05371888997503211,0,0.01146428201262529,0.01151344998262059,0,0.01122259743060083,0,0.01282550006429075,0,0,0.02803242940032152,0.01487278834253176,0,0,0,0.02397305543674828,0,0,0,0,0,0,0,0,0,0.01635835130942104,0,2,0.01423938687113243,0.6667,0,0.03018960209366628,0,0,0.02875228385075104,0,0,0,0,0,0,0,0.01601756164064004,0.01808637201753356,0,0,0,0,fully_open
0,0,0.0709,0.1158,92,1298,190,14,12,0,10,0,0.00773996178759362,0,0.05730399629983325,0.0480327086288039,0,0,0.0096151980528317409,0,0,0,0,0,0,0,0.02245684803912071,0,0.01510657287072519,0,0,0,0,0,0,0,0,0,0,0,0,0,0.01690615587545164,0.05381802791988299,0,0,0,0.0867478603948314,0,0,0,0,0,0.08122435784415327,0,0,0,0.01973120724950786,0,3,0,0.3333,0,0,0,0,0,0,0.01747980011842796,0,0,0.01823731940472748,0,0,0,0.02181552088712812,0,0,0,0.02072077813434253,partially_open
0,1,0.0714,0.1429,107,1499,203,14,16,0,13,0,0.01182324871490679,0.01167563198032074,0,0.00611439991731493,0,0,0,0.02047427818706831,0,0,0,0,0,0.02115330506550304,0,0,0,0,0.0133937409918078,0,0.03959124489498429,0.02956405287542837,0.01056158264155243,0,0,0.0206778566831543,0,0.01181561816946471,0,0,0,0.01370170264626942,0,0,0,0.01104270663818719,1,0,0,0,0,0.01550937541512375,0,0,0,0,0.03030155365785513,3,0,0.3333,0,0,0,0.01548120359348687,0.01324416224621209,0.0146797650556133,0.01335071347627962,0,0.01637355544629792,0,0,0,0,0,0.01430769509616019,0,0.01588508780126285,0,fully_open
0,0,0.0504,0.0968,78,1547,217,11,11,0,10,0.02637406469670403,0,0,0.00868513693919347,0,0.00997299607156852,0,0,0,0,0,0,0,0,0,0.00850904007732308,0,0.01144794975359643,0.00849744022367011,0,0,0,0,0,0,0.05206275824757796,0,0,0,0,0,0,0,0,0,0.01393586952795998,0,0,0,0,0,0,0,0,0,0,0.02990511098753535,0,2,0,0.6667,0,0,0,0,0,0,0,0,0.01624563704437371,0,0,0,0,0,0,0,0,0,partially_open
0,0,0.046,0.1739,47,1021,138,6,12,0,12,0,0,0,0,0,0,0,0,0,0,0,1,0.02036732002220546,0,0,0,0,0,0,0,0,0,0,0.01541748270663401,0,0,0.01509245861356664,0,0,0,0,0,0,0,0,0,0,1,0,0,0.01881980593015674,0,0,0,0,0,0,0,2,0,0.6667,0.0210282912231272,0,0,0,0,0,0,0,0,0,0,0,0,0,0,0,0,0,fully_open
0,0,0.0556,0.1429,74,1330,175,7,16,0,9,0.01654843275087311,0,0.01453730648530131,0.04359598149869667,0.02283908204408812,0,0,0.03657545925979134,0,0,0,0,0,0,0,0,0,0,0.02132690879666226,0,0,0.01232374534721324,0,0.01315020583801136,0.05282641756731802,0,0,0,0,0.01592697598278577,0.01778436351152328,0,0,0.05134795698057809,0.01451573569206992,0,0,0,0,0,0,0,0.03862138583766111,0.01506977696916151,0,0,0,0,3,0.01633341435218132,0.3333,0,0,0.02257436365680437,0,0,0,0.01662294717144619,0,0,0,0,0,0,0.02074613260834732,0,0,0,0,closed
0,0,0.0298,0.0482,130,4360,602,15,16,0.0060988583209869,13,0.00248958722800746,0.00221467933155333,0,0,0.04123161714153962,0.00376561503587248,0,0.00550250272049958,0.00767030480754476,0.00799289495020955,0.00434818075347462,0,0.04181609066505901,0.00361615822924479,0.03169875803326121,0,0.01815636396333119,0,0,0,0,0,0,0.00791339820340507,0,0,0,0,0,0,0,0,0,0,0.00436756649141926,0,0.00413694319483709,0,0.00515840701996344,0,0.00482986169888978,0.00485269938075885,0,0,0.00754418095168978,0,0.00564580266431345,0,2,0,0.6667,0,0,0,0.01159948587830579,0,0,0.00500159472415195,0,0,0,0,0,0.01105636998203472,0.00624219919189211,0,0,0.00595105059221352,0,partially_open
0,0,0.0864,0.1289,112,1297,194,14,14,0,11,0,0,0,0,0.03106115157995985,0,0,0.00932674211124679,0.02600233329757676,0,0,0,0,0,0.02686469743318887,0,0,0,0,0,0,0,0,0,0,0,0,0.02128631785870607,0,0,0,0,0,0.01745830537339655,0.01480605040591132,0,0,0,0,0,0.01637323115923636,0,0,0,0.05114954685245672,0,0.01913927103202262,0,3,0,0.3333,0,0,0,0,0,0,0,0,0,0,0,0.02040220828526554,0,0,0,0,0,0,fully_open
0,0,0.0578,0.1593,75,1298,182,9,17,0,12,0.03246038731902034,0,0,0.03206819792932976,0.02239986892785566,0,0,0.00896802126081422,0,0,0.0425201906373432,0,0,0,0,0,0.02367310532142029,0.01408978431211869,0.02091677593518798,0,0,0.01208675024438222,0,0,0.01295263123044816,0,0,0,0,0,0,0,0,0,0,0,0.0134848436831709,1,0,0,0.01574349149926573,0,0,0,0,0,0,0,4,0,0,0,0,0,0,0.01617315966604746,0,0,0,0.01999463020845996,0,0.02003316887574398,0.01961750796660149,0,0,0.01747189689627255,0.0213116095841634,0,0,closed
1,0,0.1018,0.1705,122,1198,176,15,22,0,8,0.02506841792954046,0.02230028594247272,0,0,0,0.01263904452634427,0,0,0,0,0,0,0,0.0121374023734058,0,0.03235120187813924,0.0243762668656209,0,0.01076903315475025,0,0,0,0,0,0,0,0,0.02107556223634265,0,0,0.01796044631856806,0,0,0,0,0,0,0,0,0.02004904313263135,0,0,0,0,0,0,0,0.01905097680469109,4,0.09897078795579176,0,0,0,0,0,0.0999213032833031,0,0.01678753080680705,0,0.02058853011564193,0,0,0,0,0.08380615944758128,0,0,0,0,closed
0,0,0.0521,0.2874,64,1229,167,8,26,0,22,0,0.04080305942372726,0.0483523454837196,0,0,0,0,0,0,0,0,0,0,0,0,0,0,0,0,0,0,0,0,0,0,0.01810878547741842,0,0,0.01631069029915237,0,0,0.01782496869476966,0,0,0,0,0,1,0,0,0,0,0,0,0,0,0,0,3,0,0.3333,0,0,0,0,0,0,0,0,0,0,0.04529238180602989,0,0,0,0,0,0,0,fully_open
0,0,0.0253,0.0845,34,1346,213,4,9,0.0237645169059145,9,0,0,0,0,0,0,1,0.01072039323131815,0.02988773942250203,0.0311447285990924,0,0,0.04073464004441093,0,0.04631844385032564,0,0,0,0,0,0,0,0,0.01541748270663401,0.01548360514904148,0.0191495202749712,0,0,0,0,0,0,0,0,0,0,0,0,0,0,0.03763961186031348,0.01890879413881898,0,0,0.02939629129451535,0,0,0,4,0,0,0,0,0,0,0,0.02142908232256196,0,0,0,0,0,0,0,0,0,0,0,0,fully_open
1,0,0.0795,0.2286,77,969,140,10,18,0,14,0.02978717895157161,0,0,0.05231517779843601,0.00913563281763525,0,0,0,0,0,0,0,0,0,0,0,0,0,0.01279614527799735,0,0,0,0,0,0,0.03920019444523517,0,0,0,0,0,0.01929290729316245,0,0,0,0,0,0,0,0.0476459613269592,0,0.03870741388417062,0,0,0,0,0,0,4,0.03920019444523517,0,0,0,0,0,0.03957667306515143,0,0,0,0.02446401813740983,0,0,0,0,0,0,0,0,0,partially_open
0,0,0.0264,0.1832,39,1480,202,6,21,0,16,0,0,0,0,0,0,0,0.02042352287134334,0.00948990266334918,0.00988901966467532,0,0,0,0,0.00980463409970396,0,0,0.02139178932058895,0,0.01241609566393861,0,0,0,0.01958132840112641,0.00983265436471977,0.01216064426220799,0,0,0,0,0,0.01197005197021028,0,0.01274328859372011,0.01080733606270899,0,0,1,0,0.01478068143354573,0,0.01200777438012592,0,0.01121983394784287,0,0,0,0,3,0,0.3333,0,0,0,0,0,0,0,0,0,0,0,0.01489212283596025,0,0.01544602573760165,0,0,0,0,fully_open
0,0,0.0544,0.1356,92,1691,236,11,18,0,14,0,0.00528715699575057,0,0.01565771166502486,0,0,0,0.00656812824735689,0,0,0,0,0,0,0,0,0.00866902448390039,0,0.01531932885394049,0,0,0.00885226778461796,0,0,0.00948643414060992,0.02346490512566893,0,0.01499036468922963,0,0.01144050387495879,0.01277468364912235,0,0,0,0,0.01256191056041463,0,0,0,0,0,0,0,0,0,0,0,0,4,0.04692981025133787,0,0,0.02487453130252785,0,0,0.01184513102302067,0.01312908564833021,0,0.01399841093770431,0,0,0,0,0,0,0,0.04682550838210549,0,0.01415433435937483,partially_open
0,0,0.0478,0.1132,80,1672,265,12,17,0,13,0,0,0,0,0,0,0,0,0,0,0,0,0,0,0,0,0,0,0,0,0,0,0,0,0,0,0,0,0,0,0,0,0,0,0,0,0,0,0,0,0,0.01255774877921566,0,0,0,0,0,0,4,0,0,0,0,0,0,0,0,0,0,0,0,0,0,0,0,0,0,0,0,partially_open
0,0,0.099,0.1892,116,1172,148,12,15,0,13,0,0.00664403799466001,0.01312217045575871,0,0,0,0,0,0.01150545721131715,0,0.01304454226042387,0,0.01568103399939712,0,0.01188703426247295,0,0.01089381837799871,0,0,0,1,0,0,0,0,0,0,0.01883744943248325,0,0,0,0,0,0,0,0,0,1,0,0,0,0,0,0,0,0,0,0,4,0,0,0,0,0,0.01739922881745869,0,0,0,0,0.01840213753698969,0.01565504409078376,0,0,0,0,0,0,0,0,fully_open
0,0,0.0793,0.0837,130,1639,227,22,10,0,9,0,0,0,0,0,0,0,0,0.0104009333190307,0.03251509665745247,0,0,0.02835130947091,0.01961404223542377,0.01074587897327554,0,0,0,0,0,0,0,0,0,0.01077658918373287,0,0,0,0,0,0,0,0,0,0,0,0,0,0,0,0,0,0,0,0,0,0,0,4,0,0,0,0,0,0,0,0,0.01356432489190009,0,0,0,0,0,0,0,0,0,0,0,closed
0,0,0.0192,0.1354,32,1670,229,5,19,0,12,0.01383557492286113,0,0,0,0,0.01046347128820304,0,0.01528974116597834,0,0.02220976547640196,0,0,0,0.0100481773747048,0,0,0,0.01201096367590445,0,0,0,0.01030345922471927,0.1384906247402239,0,0,0.05462322176795065,0,0,0,0,0,0,0.0285264956733806,0,0,0,0,1,0,0,0,0,0,0,0,0.02973778816680942,0,0,4,0,0,0,0.01447616165966784,0,0,0,0,0,0,0,0.02900032757800927,0,0,0,0,0.0744703802136207,0,0,0,closed
0,0,0.0612,0.2384,67,1095,151,8,23,0,13,0,0.01564117277909545,0,0,0,0,0,0,0,0,0,1,0,0,0,0.0113453867697641,0,0,0.03398976089468047,0,0,0,0,0.01397209370288707,0,0,0,0,0,0,0,0,0,0,0,0,0,1,0,0,0,0,0,0,0,0.01889588623099348,0,0,4,0,0,0.01905688892095902,0,0,0.06144102676165102,0,0,0,0,0,0,0,0,0,0,0,0,0,0,partially_open
0,0,0.0475,0.1632,58,1221,190,9,18,0,13,0,0,0.01704373863793947,0,0,0,0,0.03216117969395445,0.01494386971125101,0,0,0,0,0,0.01543948128344187,0,0,0.01684296055701544,0,0,0,0.01444852902776725,0.02157836043206553,0.01541748270663401,0,0,0.03018491722713328,0,0,0,0.02085063308247557,0,0,0,0.0170184487424268,0,0,0,0,0,0,0,0,0.01766801437763763,0,0,0,0,4,0,0,0,0.02029990485608594,0,0,0,0.02142908232256196,0,0,0,0.02033356301446627,0,0,0.02154085875810213,0,0,0,0,0,closed
0,1,0.0922,0.146,94,1019,137,11,11,0,9,0.0087007223741704,0,0,0,0.00800545143813398,0.01316024223877083,0,0.0096151980528317409,0,0.02793393183629937,0.01519621933430822,0,0,0,0,0.01122842401956035,0,0.01510657287072519,0,0,0,0.0259179799054794,0.0193537871916464,0.01382805149976453,0,0.01717534292703602,0.04060960513547313,0,0.0154699330672373,0,0,0,0,0,0,0,0,0,0,0,0.01687961975179006,0,0,0.01584656959643788,0,0,0,0,2,0,0.6667,0,0,0,0,0.05202088469903925,0,0.01747980011842796,0,0.04287508333360486,0.05471195821418244,0,0.02103320441779953,0,0.02181552088712812,0,0,0,0,fully_open
0,0,0.0858,0.1774,72,839,124,9,12,0,10,0,0,0,0.01462759905548375,0.04086993628942086,0,0,0,0,0,0.07758069870673144,0,0,0,0,0.01433101486707045,0,0,0,0.02238164613104724,0,0,0,0,0,0,0,0,0,0,0,0,0,0,0.01948164527093594,0,0,0,0,0,0,0,0,0,0,0,0,0,3,0,0.3333,0,0,0,0,0,0,0,0,0,0,0,0,0,0,0,0,0.02654481777316293,0,partially_open
0,0,0.0234,0.1401,43,1841,257,6,24,0,12,0.01623019365951017,0,0.00950516193269701,0,0.00995549730126918,0,0,0,0,0,0.01889786250548586,0,0,0,0,0.00698177647370099,0,0.00939318954141245,0.01394451729012532,0,0,0.01611566699250963,0,0.00859821150946897,0.00863508748696544,0,0.00841694807295062,0,0,0,0,0,0.01115459125689882,0,0.00949105795250725,0,0,1,0,0.01298047023330619,0,0.07381702327269718,0,0.0098533157106056,0,0.02325647536122275,0,0,4,0,0,0.0117273162590517,0,0,0,0,0,0.02173770014727579,0,0,0,0,0,0,0,0.02329586252836339,0.01420773972277559,0,0,partially_open
0,0,0.0751,0.0905,110,1464,210,12,11,0,8,0,0.00641689139655198,0.01267354924359602,0,0,0,0,0,0,0,0,0,0,0,0,0,0.02104276028570693,0,0,0,0,0,0,0,0.01151344998262059,0,0,0,0,0,0,0,0,0,0,0,0,0,0.01494615367322742,0,0,0.01406038538527565,0,0,0,0,0,0,4,0,0,0,0,0,0,0,0,0,0.01698952438593173,0,0,0,0,0,0,0,0,0,0,closed
0,0,0.1474,0.1796,153,1038,167,24,15,0,15,0.02583581847840395,0.0076609825856794,0,0,0.00792376315815302,0.01302595405266093,0,0,0,0,0,0,0,0.02501791101457114,0,0,0.02512247911660929,0,0,0,0,0,0,0,0,0,0,0,0,0,0.03702051179949744,0,0,0,0,0,0.01431044635765075,1,0.03568775468913485,0,0,0,0,0,0,0,0,0,2,0.08500042162869871,0.6667,0,0,0,0,0.06865341245995656,0,0,0,0,0,0,0,0,0,0,0.0226164020076836,0.02058577704857533,0,fully_open
1,0,0.0447,0.1195,73,1633,226,10,15,0,12,0,0.00514230337942864,0,0.03045746652648671,0,0.00874344861069021,0,0,0,0,0,0,0,0.00839642218982182,0,0.0074599803417627,0,0,0.00744981060705325,0,0,0,0,0,0,0,0,0.01457966976623703,0,0.0222541308252623,0,0.03369651616271525,0,0,0,0,0.00960564207568338,0,0,0,0,0,0,0,0,0.01242469231626968,0.0131090897479607,0.09225370274600414,3,0,0.3333,0,0.0120965186471197,0,0,0,0,0,0,0,0,0,0,0.01283599117777318,0.043481620398317,0,0,0,0,closed
0,1,0.0391,0.1174,71,1815,281,9,19,0,14,0,0.00544040792316363,0,0.00805577918997656,0,0.01850063039363437,0,0,0,0,0,0,0.03852080091156251,0,0,0,0,0,0,0.03697837186868676,0,0,0.08162249380824789,0,0,0.01207252365161228,0,0,0,0.03531633804878584,0,0.03564993738953932,0,0.01265094592275112,0,0.01292602390999187,0.01016249089166503,1,0,0,0,0,0,0,0,0,0,0,3,0.02414504730322456,0.3333,0,0.01279776610492374,0,0.02849438922279467,0,0,0,0,0,0,0,0,0,0,0,0,0.01461888515043755,0,fully_open
0,0,0.0474,0.136,79,1666,228,12,16,0,15,0.01834717544118541,0,0,0.00805577918997656,0.00562702021376084,0,0,0.00675850877626579,0,0,0.01068140054657896,0,0,0,0,0.00789244297027068,0,0,0,0.02465224791245783,0,0,0,0,0,0,0,0,0,0,0,0.02376662492635955,0,0,0,0,0,0,0,0,0.0118646602603162,0,0,0,0,0,0,0,3,0,0.3333,0.01325696620588453,0,0,0,0,0,0,0.0144041619793769,0,0,0.03019492120401992,0,0,0,0,0.01606092316487676,0,0,partially_open
0,0,0.1168,0.4667,64,548,75,9,18,0,17,0,0,0,0,0,0,0,0,0,0,0,0,0,0,0,0,0,0,0,0,0,0,0,0,0.02806403433263769,0,0.02735508123708954,0,0,0,0,0,0,0,0,0,0,0,0,0,0.03411089824840908,0,0,0,0,0.03779177246198697,0,0,3,0,0.3333,0,0,0.04797052277070929,0.04096068450776734,0,0,0,0,0,0,0,0,0,0,0,0,0,0,partially_open
0,1,0.109,0.1481,87,798,108,13,8,0,8,0,0.01950068294536576,0.01925721118832122,0,0.04033915789605176,0.01657848697611391,0,0,0,0,0,0,0.06903727955578735,0,0,0,0,0,0.0141256149172698,0,0,0.03264992273807146,0,0.01741975318801505,0.01749446296060532,0,0.0170525181737701,0,0.01948809750028595,0,0,0,0,0.02267312386155396,0,0,0.07285318145713114,0,0,0,0,0,0,0,0,0,0,0,4,0,0,0,0,0,0,0,0,0,0,0,0.02297428548387747,0,0,0,0,0,0,0.02620007988000497,0,fully_open
0,0,0.0782,0.1456,97,1240,158,13,17,0,6,0,0.00721900282112097,0,0,0,0,0,0,0.02500224355536227,0,0,0,0,0.01178728499724986,0.02583143983960468,0,0.01183655266071014,0,0,0,1,0,0,0,0,0,0,0,0,0,0,0,0,0,0,0,0,1,0,0,0.01574349149926573,0,0,0,0,0.01744235652091706,0,0,4,0,0,0,0,0,0,0,0,0,0,0,0,0,0,0,0,0.05241569068881764,0,0,0,partially_open
0,0,0.0909,0.1702,86,946,141,12,15,0,9,0.02136633089353238,0,0.01876968685443967,0,0.03931791339235424,0,0,0,0,0,0.07463459622419734,1,0,0,0,0,0,0.01854857681595371,0,0,0,0,0,0,0,0,0.08310404426457582,0,0.01899472794331668,0,0,0,0.08810715119373248,0,0,0,0,1,0,0,0,0,0,0,0,0,0,0,4,0,0,0,0,0,0,0,0,0,0,0,0,0,0,0,0,0,0.02805578983231637,0,0,partially_open
0,0,0.0159,0.2121,14,883,132,4,16,0.04398963767690557,12,0,0,0,0,0,0,0,0.01984413215158892,0,0,0,0,0,0,0,0,0.02619152078114585,0,0,0,0,0,0,0,0,0,0,0,0,0,0,0,0,0,0,0,0,0,0,0,0,0,0,0,0,0,0,0,4,0,0,0,0,0,0,0,0,0,0,0,0,0,0,0,0,0,0,0,0,partially_open
0,0,0.0653,0.1181,134,2051,271,18,17,0,15,0,0,0,0.00699180835356456,0,0.04014287726920665,0,0.01759762662499394,0,0.00852072763560075,0,0,0,0,0,0,0,0,0,0,0,0.00790579890198585,0,0.00843598110362993,0.01694432261593219,0,0.00825813773195156,0,0,0,0,0,0,0,0.02793594416209683,0,0,0,0.01099811308029942,0,0.01029762965989708,0,0,0,0,0,0,0,4,0,0,0.01150604614095639,0,0,0.01236548966272222,0,0,0,0,0,0.01112591183810418,0.01310345637155581,0,0,0,0,0,0,0,partially_open
0,0,0.0979,0.0867,119,1216,173,14,8,0,7,0,0.00790290835154296,0,0,0,0.01343729997011338,0,0.04908811637498311,0.02737087715534396,0,0,1,0,0,0.04241794331556137,0.01146481189365636,0,0.01542460598379309,0,0,0,0.02646362158770002,0,0.01411916837344378,0.04253916783052451,0,0,0,0,0,0,0,0,0,0,0,0,0,0,0.04263059697675297,0,0.01731647463239212,0,0,0,0,0,0,2,0,0.6667,0,0,0,0,0,0,0.01784779591039486,0,0,0.01862126297114279,0,0.02147600872133215,0,0,0,0,0,0,partially_open
0,0,0.0288,0.0909,62,2155,319,9,16,0.01209071912757053,13,0,0.00878100927949218,0,0.00650115513577055,0.00908220806431574,0.00746516665006299,1,0,0,0,0,0,0,0.0071688750860467,0,0.0063693399409202,0.02159651713533079,0,0,0.02984219484139632,0,0.00735100599658334,0,0,0,0.00974273838551166,0,0.01244813909865852,0,0.00950030146341607,0,0,0,0,0,0,0.0246039253166627,0,0,0,0,0,0,0.00898898977107879,0,0,0,0,3,0.01948547677102333,0.3333,0,0.04131208707554332,0.01346540990054997,0,0.02950892289945501,0,0,0,0,0,0,0,0,0,0.04250473163069812,0,0.02359539357614483,0.05876945845120542,partially_open
0,0,0.0996,0.2752,101,1014,149,15,22,0.0246132496525543,19,0.10047262741601534,0,0,0,0,0,0,0,0,0,0,0,0,0,0,0,0,0,0,0,0,0,0,0,0,0,0,0,0,0,0,0.0195225847609382,0,0,0,0,0,1,0,0,0,0,0,0,0,0,0,0.06871959490263574,4,0,0,0,0,0,0,0,0,0,0,0,0,0,0,0,0,0,0,0,0,fully_open
1,0,0.0528,0.1275,78,1478,204,10,15,0,11,0,0.00568769919239834,0,0,0,0,0,0,0,0,0,0,0,0,0,0,0,0,0.00823994203507405,0.01288640231787568,0,0,0,0,0,0,0,0.03225199675561527,0,0,0.0137424627134498,0.03727038908906384,0,0.01322598891923981,0,0,0,0,0,0,0,0,0,0,0,0,0.01449944775153229,0.01457688376722576,4,0.02524254945337113,0,0,0.01337948274605664,0.03488765292415221,0,0.01274248943385557,0,0,0.01505889661480312,0,0,0,0,0,0,0,0,0,0,closed
0,0,0.0944,0.252,83,879,123,8,17,0,14,0.08439700702945291,0,0,0.01389621910270956,0.07765287894989964,0,0,0,0,0,0.07370166377139488,0,0,0,0,0,0,0,0,0,0,0.01571277531769689,0,0,0,0,0,0,0,0,0,0,0.02175145295095271,0,0,0,0,1,0,0,0.02046653894904545,0,0,0,0,0,0,0,4,0,0,0,0.02207614653099346,0,0,0,0,0,0,0,0,0,0,0,0,0,0,0,0.02512394348789032,fully_open
0,0,0.1064,0.1553,170,1597,219,20,18,0,16,0,0.00560280815967598,0,0,0,0,0,0.02784102122760236,0.01940472634147519,0.08088332501853847,0,0,0,0,0.02004828166655885,0,0,0,0,0,0,0.01876152276739927,0,0,0.04021115367064506,0,0,0,0.01119838438449267,0,0,0,0,0.02605717219909933,0.03314787404308504,0,0,0,0.013049999849012,0,0,0.01227660514983023,0,0,0,0,0,0,3,0,0.3333,0.01365269654038855,0,0,0,0,0,0,0,0,0,0,0,0,0,0,0,0,0,partially_open
1,0,0.0447,0.1467,59,1319,184,8,15,0,12,0.00803781019328122,0,0,0,0.00739551228094282,0,0,0,0.01238206347503655,0,0,0,0,0,0.01279271306342327,0.02074585009328294,0.023447647175502,0.02791119178019702,0.04143513709065811,0,0,0,0,0,0,0,0,0,0.014291271500209691,0,0,0,0.03314507116335651,0.0166269574984729,0,0,0.04006924980142212,0,0,0,0,0,0.0375179176708708,0,0,0,0.01822787717335488,0,4,0,0,0,0.01681992116647121,0,0,0.03203825914797973,0,0,0,0,0.01684780935484348,0,0,0.01784814011385605,0,0.01730549787821281,0,0,0,closed
0,0,0.0889,0.1613,115,1293,186,15,17,0,13,0,0,0,0,0,0,0,0,0,0.02605376334731768,0,0,0,0,0,0,0,0,0,0,0,0.01208675024438222,0,0,0,0,0,0,0,0,0,0,0,0,0,0,0,0,0,0,0,0,0,0,0,0,0,0,4,0,0,0,0,0,0,0,0,0,0,0,0,0,0,0,0,0,0,0,0,closed
0,0,0.0776,0.236,97,1250,161,11,20,0,18,0,0.00664403799466001,0,0,0,0,0,0,0,0,0,0,0,0,0,0,0,0,0.00962541901442278,0.01505314253061584,1,0,0,0,0,0,0,0,0,0,0,0,0,0,0,0,0,1,0,0,0,0,0,0,0,0,0,0,4,0,0,0,0,0.0203768592300358,0,0,0,0,0,0,0,0.01843760675289712,0,0,0,0,0,0.01785315177664056,0,partially_open
0,0,0.06,0.1007,121,2016,278,16,16,0,12,0.03106638295562683,0.00460598953004037,0,0,0.00476398030367482,0.01566311039461069,1,0,0.00797617585815238,0,0,0,0,0,0.00824070473410701,0,0.03020862519543203,0.00898980103349904,0,0,0,0,0.02303456880478161,0.01645792632487312,0.01652851101799521,0.01022090959461653,0.0080554840452779,0,0.00920603378847863,0,0,0,0,0.01071061679349481,0,0,0,0,0,0.01242302672635439,0,0.04036969546201844,0.02416798377571431,0,0,0,0,0,4,0,0,0,0,0,0,0,0,0,0,0,0.02170576665347933,0.01278189915998389,0.02503338439909883,0.02299453634300472,0,0,0,0.03713017455387208,0,partially_open
0,0,0.063,0.1405,103,1636,185,13,15,0.01640883310170287,11,0,0.01787562603325194,0,0,0.00616292690078568,0.01013129759651405,1,0,0,0,0,0,0,0,0,0,0.0293095589693775,0,0,0,0,0.00997636528107739,0.10429540875498342,0,0,0,0,0.05068170918739542,0,0.01289326627177895,0,0,0,0,0,0,0,0,0,0,0,0,0,0,0,0,0,0,4,0,0,0,0,0.01827448486503211,0,0.01334927464499155,0,0,0.03155197385958749,0,0,0,0,0,0.01679448830199545,0,0,0,0,partially_open
1,0,0.0289,0.0904,40,1382,188,5,10,0,7,0.01480649246130752,0.01975727087885741,0,0,0.04086993628942086,0,0,0.0163627054583277,0,0,0,0,0,0,0,0,0.01079825856766539,0,0,0,0,0.01102650899487501,0,0.01176597364453648,0.01181643550847903,0,0.01151792894193243,0,0.01316301322387735,0,0.0159123252471524,0,0.01526417750944049,0.01531430295911978,0.01298776351395729,0,0.01230196265833135,0,0.0153394735067334,0,0,0,0.01727798840105892,0,0,0.04773697574145723,0.01678883423861633,0,4,0,0,0,0.01549203265332874,0,0,0,0,0.01487316325866238,0.01743661713292993,0.01824071527789329,0.01551771914261899,0,0,0.03287815284131377,0,0,0,0,0,partially_open
0,0,0.0407,0.123,97,2386,317,12,21,0,18,0.01361242048862143,0.00807286336985571,0.00797207129839104,0.02390747372509172,0.00417488596504836,0,0,0,0.01397974908471869,0,0,0,0.00952664968780578,0.00659073999846229,0.01444338571676821,0.00585568349407179,0,0,0.00584770079908481,0,0,0,0,0,0,0,0.01411875160623976,0,0,0,0,0.00881665118235918,0.0280663909044551,0.0093861856846218,0,0,0,1,0,0,0.00880281245120234,0,0,0,0,0,0,0.01034488525416021,4,0,0,0,0.01899023357504814,0,0,0,0,0,0,0,0,0,0,0,0,0,0.01191616879974727,0,0,fully_open
0,0,0.021,0.1263,54,2575,372,7,27,0,20,0.00419885607111705,0,0.01475428120896253,0.02212333389486099,0,0,0,0,0.00646824211382506,0.0067402770848782,0,1,0,0.01829668118976098,0.00668276055551961,0.0108373843770881,0.01837315636886351,0,0.00541130521706355,0.05923898378963749,0,0,0,0,0,0,0,0,0,0,0,0,0,0,0,0,0,1,0.00869999989934133,0,0,0,0,0,0,0,0.00952202538906598,0,3,0,0.3333,0,0,0.01145564722882609,0.00978165600185489,0,0,0,0,0,0,0,0,0.00932365528335763,0,0.00904018545876788,0,0.01003684652119593,0,fully_open
0,0,0.0597,0.1747,67,1123,166,7,16,0,13,0,0,0,0.02646898876706583,0.00924439035117852,0.01519694639477108,0,0,0,0.01612852016738713,0.01754801518366544,0,0,0,0,0.02593231261660368,0,0,0,0,0,0,0,0,0,0,0,0,0.01786408937526212,0,0,0,0,0,0.01762625048322776,0,0,0,0,0,0,0,0,0,0,0,0,0,4,0.01983343171336303,0,0,0,0.02741172729754816,0,0.06007173590246199,0,0,0,0,0,0,0,0,0.02519173245299318,0,0.02638580234229753,0,0.0239275652265622,partially_open
0,0,0.0549,0.2101,56,1020,138,6,15,0,14,0,0,0,0,0,0,0,0.01165842763905849,0,0,0,0,0,0,0,0.01361446412371693,0,0,0,0,0,0,0,0,0,0,0,0,0,0,0,0,0,0,0.01850756300738915,0,0,1,0,0.02531191695494708,0,0,0,0,0,0,0,0,4,0,0,0,0,0,0,0,0,0,0,0,0,0.02604311953846718,0,0,0,0,0,0,0,partially_open
1,0,0.073,0.139,112,1535,223,14,19,0,12,0,0,0,0,0,0,0,0,0,0,0,0,0,0.0096525798402676,0,0,0.02907877504048477,0,0.00856434920180925,0,0,0,0.1034741850639993,0,0,0,0,0,0,0.03837523347033422,0,0.01291257574739219,0,0,0.01165830740622938,0.02809120156817131,0,1,0,0,0,0,0,0,0,0,0,0,4,0.01311817530647633,0,0.01440520737332335,0.01390623403527147,0.01813059128341768,0,0,0.0146797650556133,0.01335071347627962,0.03130353312053562,0,0,0,0.01606473093327995,0,0.01666224823662541,0,0,0.03177017560252571,0,partially_open
0,0,0.0701,0.177,55,785,113,7,11,0,9,0,0.01104082784406737,0,0,0.0913563281763525,0,0,0,0.01911936271880644,0,0,1,0.10423275540775738,0,0.05926036198497545,0.01601701661613756,0,0.0215490818891227,0.01599518159749669,0,0,0,0,0,0,0,0.01930946910853379,0,0,0,0,0,0,0,0,0,0.08249551429704555,0,0,0,0,0.02419213367760664,0,0.04520933090748454,0,0,0,0,4,0,0,0,0,0,0,0,0,0,0,0,0.02601499973909655,0,0,0,0,0.02672172466488742,0,0,0,partially_open
0,0,0.0494,0.1163,82,1659,258,11,16,0,14,0,0.00548011892990205,0.01082339606934842,0.00811458049793259,0.01700428006202182,0.00931783574569906,0,0,0,0,0.04303746789570503,1,0.01293399154694799,0,0,0,0,0,0,0.01241609566393861,0,0,0.01370304640576424,0,0,0,0,0,0,0.01185804051273101,0.01324091297938229,0,0,0,0,0,0,1,0,0,0,0,0,0,0,0.02648182595876459,0,0.01404488071002774,4,0.01216064426220799,0,0,0,0,0,0.01227743507495573,0,0.01237620884297454,0,0.01517840541372142,0,0,0,0,0,0.01326333778987113,0,0.01472559234131666,0,fully_open
0,0,0.0868,0.1116,151,1740,242,17,16,0,11,0,0,0,0,0.00485330493436872,0,0,0,0.00812572915549274,0.00846747308787824,0,1,0,0,0.00839521794787152,0.00680723206185846,0.01538751845892319,0,0,0,0,0.00785638765884844,0,0,0,0,0,0.01330394866169129,0.00937864692201261,0.01015344718902593,0,0.01024935699949255,0,0,0,0,0,0,0,0,0,0,0,0,0,0.01133753173859609,0,0.01202592910796125,3,0,0.3333,0,0.01103807326549673,0,0,0,0,0,0,0,0,0,0,0,0,0,0,0,0,partially_open
1,0,0.0581,0.0482,76,1308,166,9,4,0,4,0,0,0,0,0,0.01119774997509448,0,0.00818135272916385,0.01140453214805998,0,0,0,0.01554348106957785,0,0.02356552406420076,0,0,0,0,0,0,0.01102650899487501,0,0,0.01181643550847903,0,0,0,0.01316301322387735,0,0,0,0,0,0.02597552702791459,0,0,0,0,0.01776274874031374,0.01436248347301435,0.0432911865809803,0.05183396520317675,0,0,0,0,0,1,0,1,0,0,0,0,0,0,0,0.01743661713292993,0,0.03103543828523798,0,0,0,0,0,0,0,0,fully_open
0,0,0.0308,0.0353,91,2954,425,11,8,0.00887344622667194,7,0,0,0.02545588431760917,0,0.04665838220165642,0.00547872745562562,0,0.00800578721995432,0.0111597996985308,0.02907286897125578,0,0,0.01520992997366416,0.00526127742366517,0.0230598261229089,0,0,0,0,0,0,0,0,0.00575674246985905,0,0,0,0,0,0,0,0,0,0,0,0,0,0,0,0,0,0,0,0.01319413949231308,0.06585778564693998,0,0,0,3,0,0.3333,0,0,0,0,0,0,0,0,0,0,0,0,0,0.00908199796588595,0,0,0.01731679099365135,0,partially_open
0,1,0.0618,0.1371,106,1714,248,17,21,0,13,0,0,0,0,0,0,0,0.01528974116597834,0,0,0.01208223996252375,0,0.07262118204638833,0,0,0.00892751745817503,0,0.01201096367590445,0,0,0,0,0,0,0.01104158727841483,0,0.02152530982590652,0,0,0,0,0,0,0,0,0,0,1,0.02866721278307554,0,0.01342068127806259,0.05393656033040169,0,0,0,0,0,0,4,0,0,0,0,0,0,0,0,0,0.04887969720870522,0,0,0,0,0,0,0,0,0.0165361159898392,0,fully_open
0,0,0.029,0.0814,61,2104,295,8,14,0,10,0,0.00536268780997558,0,0,0,0,0,0.01332391730178113,0,0,0,1,0,0,0,0,0,0,0,0,0,0,0,0.01916172850681656,0.00962195462833292,0,0.00937888499557355,0,0.02143690725031454,0,0,0.01171355085656292,0.01242940168625869,0,0,0,0,0,0,0,0.02339033022748051,0.01175046492912322,0,0.02195881786934963,0,0,0.04101272364004848,0,4,0,0,0,0,0,0.02808732651961189,0,0.02663328802946986,0.01211100436776794,0.01419838823681437,0,0.02527171403226522,0.02976356518681964,0,0,0,0,0,0,0,partially_open
0,0,0.0352,0.0682,44,1249,176,5,6,0,6,0.00861193949280131,0.03830491292839703,0,0.0794069663011975,0.07131386842337721,0,0,0,0.0132664965803963,0,0,0,0,0,0.01370647828223922,0,0,0,0,0,0,0,0,0,0.01374564946904703,0,0,0,0.03062415321473506,0,0,0,0,0,0.0151082146999095,0,0,0,0,0.0206627893509772,0,0,0.0803955378661517,0,0,0.03702051179949744,0,0,3,0,0.3333,0,0,0,0,0,0,0,0,0,0,0.02125968941915688,0,0,0,0,0,0,0,partially_open
1,0,0.0548,0.2316,65,1187,177,9,24,0,17,0.00888389547678451,0.01580581670308593,0,0,0,0,0,0.01963524654999324,0,0,0,0,0,0,0,0,0,0.01542460598379309,0.01144918261715552,0,0,0.02646362158770002,0,0.01411916837344378,0.01417972261017483,0.01753692909392099,0.01382151473031892,0,0,0,0.01909479029658289,0,0.01831701301132859,0,0,0,0,1,0,0.04263059697675297,0,0.01731647463239212,0.0207335860812707,0.01618018158794183,0,0,0,0,4,0.01753692909392099,0,0,0,0,0,0,0.03924905604342926,0,0,0,0,0,0,0,0,0,0,0,0,closed
0,0,0.0349,0.1526,50,1433,190,7,16,0,13,0.04803081700863173,0,0.01205532732927426,0,0,0,1,0.00758271716361527,0,0,0,0,0,0,0,0,0.01000814208710451,0,0,0,0,0,0,0,0,0,0,0.03461189895724566,0,0,0,0,0,0,0,0,0,0,0,0,0,0,0,0,0,0,0.01556038295286392,0,4,0,0,0,0,0,0.01598465736888482,0,0.01515715578912919,0,0.01616076709881311,0,0.01438227627852492,0,0,0,0,0,0,0,0,partially_open
1,0,0.0718,0.1585,94,1310,183,12,17,0,12,0,0,0,0,0,0,0,0.00896802126081422,0.01250112177768113,0,0,0,0,0,0.01291571991980234,0.01047266471055148,0,0,0,0,0,0.03626025073314667,0,0.02579463452840691,0.01295263123044816,0,0.01262542210942594,0,0,0,0,0,0,0,0.04270976078628265,0,0,1,0,0,0,0,0.01893933343962228,0,0,0,0,0,3,0,0.3333,0,0,0,0.01890493131127724,0,0.01792625155829702,0,0,0,0.01700980752171697,0,0,0,0,0,0,0,0,fully_open
0,0,0.0323,0.0691,58,1798,275,8,11,0,8,0.0123207309532048,0.01096023785980411,0.01082339606934842,0.01622916099586518,0.01700428006202182,0,0,0.02723136382845778,0,0,0.03227810092177878,0,0,0,0,0.05565036430132469,0,0.01069589466029447,0.007939214223575,0,0,0.00917534325120986,0,0.01958132840112641,0,0,0,0,0.01095316428848188,0.01185804051273101,0,0,0,0,0,0,0,0,0,0,0,0,0.07188652108469769,0.02243966789568575,0,0,0,0.01404488071002774,4,0,0,0,0,0,0,0,0.01360824935812328,0,0,0,0.01291255461502602,0,0,0,0,0,0,0,0,partially_open
0,1,0.0554,0.2273,65,1174,176,9,23,0,17,0,0,0.01611744849457319,0,0,0.01387547279522577,0,0.01013776316439868,0,0.01472604015283173,0,0,0,0,0,0,0,0,0.01182252552858451,0.01848918593434338,0,0,0.04081124690412394,0.01457957603779521,0.01464210486920227,0,0.01427221629761193,0,0,0.01765816902439292,0,0,0,0,0,0,0,1,0,0,0.0177969903904743,0.01788114228344838,0,0,0,0.01971744650190624,0,0,4,0,0,0.0198854493088268,0,0,0.04274158383419201,0,0,0,0,0,0,0,0,0,0,0,0,0,0,fully_open
0,0,0.0305,0.2251,50,1640,231,9,27,0.01654010376651649,25,0.00675176056235623,0.0120124206943453,0.02372488418401175,0,0,0,0,0,0,0,0,0,0.02835130947091,0,0,0,0,0.01172270054768274,0,0,1,0,0,0,0,0,0,0,0.01200466806017614,0,0,0,0,0,0,0,0,1,0,0,0,0,0,0,0,0,0,0,4,0,0,0,0,0.01842068074395236,0,0,0,0,0,0,0.01415215985806852,0,0,0,0,0,0,0,0,partially_open
1,0,0.0394,0.1467,68,1728,225,7,17,0,16,0,0,0,0.01492211447270825,0,0,0,0,0,0,0,0,0,0.00822736670948983,0,0.01461955879056851,0.00826175487727419,0,0.00729981442033406,0,0,0,0,0,0,0,0,0.01428611936825911,0,0.01090303053855133,0,0,0,0.01171698347207822,0,0.01197175368844884,0,0,0,0,0,0,0,0,0,0,0,0.05165499751070605,4,0,0,0,0,0.01545359122814795,0,0,0,0,0,0,0.0118726173305944,0,0,0,0,0,0,0,0,closed
1,0,0.0542,0.1005,75,1384,199,10,12,0,8,0,0.0122077446080745,0.03616598198782279,0,0,0,0,0,0,0,0,0,0,0,0,0.00885493601542564,0.01000814208710451,0.01191331356471824,0.0088428646230063,0,0,0,0,0.01090504874371674,0.02190363655230259,0,0.02135030730699672,0,0.01219986591481315,0,0.01474800876565345,0.01333249690990901,0.01414728647216436,0.01419374420601346,0.01203743935439944,0,0,1,0,0,0,0.01337451292745733,0.0320274906946458,0.02499377643665812,0,0,0,0,4,0,0,0,0,0,0,0,0,0,0,0,0,0,0,0.07618108585182459,0,0,0,0,0,closed
0,0,0.0513,0.129,83,1619,248,11,18,0.01627962969145324,14,0.00664543362436636,0,0,0,0.02445759966925972,0.02010304719938223,0,0,0,0.04267073052159116,0,0,0.02790483215640748,0.01930515968053521,0,0.00857604039289255,0,0,0,0,0,0,0,0,0,0,0,0,0,0,0,0,0,0,0,0,0,0,0.0137692911792725,0,0.01289230799939871,0,0,0,0.02013761687104595,0,0,0,3,0,0.3333,0.01440520737332335,0,0,0,0,0,0,0,0,0,0,0,0,0,0,0,0,0,fully_open
0,0,0.1064,0.1005,153,1438,199,20,11,0,9,0.01318703234835201,0,0.01158441610547448,0.0781662324527413,0.0060666311679609,0,0,0,0.02031432288873184,0,0.01151588496428045,0,0,0,0.0209880448696788,0.01701808015464616,0,0,0.00849744022367011,0,0,0,0,0,0,0,0,0,0.01172330865251576,0,0,0,0.02718931618869088,0,0,0,0,0,0,0,0.03837476052946022,0,0,0,0,0,0,0,1,0,1,0,0,0,0,0,0.01456507939111633,0,0,0,0,0,0,0,0,0.01419591622822144,0.12120977950992932,0,0,partially_open
0,0,0.1172,0.2963,68,580,81,11,12,0,12,0,0,0,0,0,0.02775094559045155,0,0,0,0,0,1,0,0,0,0,0,0,0,0,0,0,0,0,0,0,0,0,0,0,0,0,0,0,0,0,0,0,0,0,0,0.07152456913379354,0,0,0,0,0,0,3,0,0.3333,0,0,0,0,0,0,0,0,0,0,0,0,0,0,0,0,0,0,fully_open
0,0,0.0522,0.0613,116,2223,310,15,10,0,9,0,0.00436497844998012,0,0,0,0,0,0.00542252448328301,0,0.00787671915151464,0,0,0,0.00712719557973247,0,0,0.01431397065946343,0,0,0,0,0,0,0,0,0.00968609455768892,0,0,0,0,0,0,0,0,0,0,0,1,0.01016686034748609,0,0,0,0.03435506996024506,0,0,0,0,0,2,0,0.6667,0,0,0,0,0,0,0,0,0,0,0,0,0,0,0,0,0,0,partially_open
0,0,0.0333,0.1418,34,1021,141,3,12,0.02521357281481173,8,0.01029231793042108,0.00915580845605587,0,0,0,0,1,0,0.04756524383703067,0,0.01797601555399875,0,0,0,0.04914273920705281,0.01328240402313847,0,0.01786997034707736,0,0,0,0,0,0,0.01642772741422694,0,0,0,0,0,0,0,0.02122092970824654,0,0.01805615903159917,0,0.01710272857377773,0,0,0,0,0,0,0.01874533232749359,0,0,0,0,3,0,0.3333,0,0,0,0,0,0.02273573368369378,0.02067732453033551,0,0.02535904319121751,0.02157341441778738,0,0,0.04570865151109476,0,0,0,0,0,partially_open
1,0,0.0285,0.1016,63,2211,305,8,18,0,13,0.01414474978147255,0.00419428096869598,0.02485148482962124,0.00621060071629477,0.01301444898601669,0,0,0.00521047045321049,0.00726322159150189,0.01513738205654211,0.00823482276775361,0,0,0,0.00750410542826504,0.04259273692336023,0,0,0,0,0,0.00702246941573045,0,0,0.01505110221191742,0.00930730873699717,0.00733544077866088,0,0,0.02722712095381254,0,0,0,0,0.00827153653961526,0.00996531452278702,0.00783476951424455,1,0,0.02262517716643314,0,0,0.0110038585347526,0.00858724721147751,0,0,0,0.01074943383951844,4,0,0,0,0,0,0,0,0.01041525230202732,0,0,0,0,0.02327876606790363,0,0,0,0,0.0247643284553407,0,0,fully_open
0,0,0.0993,0.2196,150,1510,214,16,25,0,22,0,0,0.01123337319318738,0,0,0,0,0,0,0,0,1,0,0.00928695181601504,0,0,0,0,0,0,0,0,0,0,0,0,0,0,0,0,0,0,0,0,0,0,0,1,0,0,0,0,0,0,0,0,0,0,4,0,0,0,0,0.13955061169660885,0,0,0,0,0,0,0,0,0,0,0,0,0,0,0,partially_open
1,0,0.0844,0.1917,65,770,120,9,13,0,10,0,0,0,0.03222311675990624,0.03376212128256505,0.01850063039363437,0,0,0,0,0.04272560218631587,0,0,0,0,0,0.03568120222359001,0,0.03152673474289203,0,0,0.03643542102654352,0,0,0,0.02414504730322456,0.03805924346029849,0,0,0,0,0,0,0,0,0.02585204781998374,0.02032498178333006,0,0,0,0,0,0,0,0,0,0.02773807395945307,0,4,0,0,0,0,0,0,0,0,0,0,0,0,0,0,0,0,0,0,0,0,fully_open
1,0,0.037,0.1391,69,1864,230,9,19,0,13,0,0.00938470366745727,0,0,0.00485330493436872,0.00797839685725482,0,0,0,0,0,0,0,0.00766173524821241,0,0.00680723206185846,0,0,0.00679795217893609,0,0,0.00785638765884844,0,0,0,0,0,0,0.00937864692201261,0,0,0.05124678499746278,0,0,0,0.01114869562236798,0,0,0,0.01265595847747354,0,0,0,0.00960698281784046,0,0,0.01196204439501414,0.12025929107961254,4,0.01041255164951559,0,0.02286826670515083,0.01103807326549673,0.04317347049363836,0,0.01051255378293085,0,0,0,0.01299650963549897,0,0,0,0.01171284194971803,0.02645131907564284,0,0,0,0,closed
0,0,0.0833,0.0877,132,1585,228,17,12,0,8,0.04842451223001395,0,0,0.00911227482144889,0.03818994046716375,0.01046347128820304,0,0,0,0.02220976547640196,0,1,0,0.0100481773747048,0,0.02678255237452511,0.03027052811591447,0,0.06240742983941334,0,0,0,0,0,0,0,0.01076265491295326,0,0,0,0,0,0,0,0,0,0,0,0,0,0.01342068127806259,0,0,0,0,0,0,0,3,0,0.3333,0,0.04342848497900353,0,0,0,0,0,0.01629323240290174,0,0,0,0.01672312154529963,0,0,0,0,0.0165361159898392,0,partially_open
1,0,0.0798,0.093,95,1191,172,10,8,0,8,0.0087007223741704,0,0,0,0,0,0,0,0,0,0,0,0,0,0,0,0,0,0,0,0,0.0129589899527397,0,0,0,0,0,0,0,0,0,0,0,0,0,0,0,0,0,0,0,0,0,0,0,0,0,0,4,0,0,0,0,0,0.04053840940974913,0,0,0,0,0.0643126250004073,0,0,0,0,0,0.03746551087035763,0,0.02079800155423075,0,partially_open
1,0,0.0277,0.0683,52,1875,249,5,9,0,8,0.04328051642536046,0.01443800564224195,0,0,0,0.00818297113564597,0,0,0,0,0,0,0,0,0,0,0,0,0.02091677593518798,0,0,0.01611566699250963,0,0,0,0,0,0,0,0.03124137596623362,0,0,0,0.022382442786405828,0,0.01143455961268511,0,0,0,0,0,0,0,0.01970663142121121,0,0,0.01226876348206578,0,4,0,0,0,0.01132110078512485,0,0,0.02156421288806328,0,0,0.06371071644724398,0,0.01133987168114465,0,0,0.01201317123048003,0.01356477901315017,0,0,0,0,closed
0,0,0.0533,0.1575,65,1219,146,8,13,0,10,0.02322853404480355,0,0.01360371799541958,0,0,0,0,0,0,0,0,0,0.03251296957673166,0,0,0.00999226724676472,0,0,0,0,1,0,0,0,0,0,0,0,0,0,0,0,0,0,0,0,0,1,0,0,0,0.03018468055187617,0,0.01410199312710527,0,0,0,0,4,0,0,0,0,0,0,0,0,0,0,0,0.01622954112163821,0,0,0,0,0,0,0,0,partially_open
1,0,0.0768,0.0986,80,1042,142,9,8,0,6,0,0,0.01925721118832122,0,0,0.01657848697611391,0,0,0,0,0,0,0,0,0,0,0,0.05709107409585754,0.04237684475180942,0,0,0.03264992273807146,0,0.01741975318801505,0,0,0.0170525181737701,0,0,0,0.0235585075087711,0,0.04519782431366796,0,0,0,0.01821329536428278,0,0,0,0,0,0,0,0,0.0235585075087711,0,0,3,0,0.3333,0,0,0,0,0.02184426760089527,0,0,0,0,0.02297428548387747,0,0.02649637439644876,0.02433837288253098,0,0,0,0,0.07830839528693087,closed
0,1,0.1007,0.1145,88,874,131,14,8,0,7,0,0,0.02003790893919911,0,0,0,0,0,0.0175691441199843,0.01830804991973675,0,0,0,0.016565914050189,0.01815182258999248,0,0,0,0,0,0,0,0,0,0,0,0,0,0,0,0,0,0,0,0.02000817622420448,0,0,0,0,0,0,0,0,0,0,0,0,0,3,0,0.3333,0,0,0,0.02656909265368693,0,0,0,0,0,0,0,0,0,0,0,0,0,0,fully_open
0,0,0.0108,0.1224,17,1574,237,4,16,0,13,0.00715228873130956,0,0.01256614628390452,0,0.00658075245338132,0,0,0.00790401873834473,0.01101793783795625,0.01148131944119084,0.01249180741888048,1,0,0,0.01138334636999528,0.00923014516862164,0,0,0,0,0,0.01065272902894704,0,0.01136712708031491,0.01141587837259838,0,0,0,0.02543361877155963,0.0137673860190182,0.01537292439131673,0,0,0,0.02509500068798528,0,0,0,0,0.0171606216643709,0.01387561962647149,0,0.03338458775797825,0,0,0.01537292439131673,0,0,3,0.01411871410103809,0.3333,0.01550390963061073,0,0,0.0166619733590918,0,0.01579940815307534,0.02873797646589003,0,0,0,0,0,0,0,0.03079791995275161,0,0,0,fully_open
1,0,0.057,0.2256,80,1403,195,9,26,0,18,0,0.02657615197864006,0,0.01967606244631442,0,0,0,0,0,0,0,0,0,0,0,0.01927711734331601,0,0,0.01925083802884557,0.01505314253061584,0,0,0,0,0,0,0,0,0,0.01437656239154113,0,0,0,0,0,0,0,0,0.01547522105989033,0,0,0,0,0.02720561505937123,0,0,0,0,4,0.02948687192783176,0,0,0.031258260574858,0.04075371846007161,0,0,0,0,0,0,0,0,0,0,0,0,0,0,0.01778686264629403,closed
0,0,0.0128,0.2092,13,1018,153,1,19,0,13,0,0,0,0.02678789224618711,0,0,0,0,0,0,0,0,0,0,0,0.03936712517701282,0,0,0.01310448612806958,0,0,0,0,0,0,0,0,0,0,0,0,0,0,0.02103410285951392,0,0.04298292288141875,0,0,0,0,0,0,0,0,0,0,0,0.09273005577223135,4,0,0,0.02204170284833815,0,0.02774198907221742,0,0,0,0,0,0,0,0,0,0.02257897243319138,0,0,0,0,0.04843169828990906,closed
0,0,0.065,0.0957,102,1570,230,12,11,0.01627962969145324,11,0,0.00591162435745339,0,0,0.01222879983462986,0,0,0.01468778285235715,0.02047427818706831,0,0,0,0,0,0.02115330506550304,0,0,0.01153809109023892,0,0,0,0,0,0,0,0,0.01033892834157715,0,0.02363123633892942,0,0,0,0,0,0.02331661481245877,0,0,1,0,0,0,0,0,0.01210328543979901,0.10068808435522976,0,0.01507029215119891,0,3,0,0.3333,0,0,0,0.01548120359348687,0,0,0,0.03130353312053562,0,0,0,0,0,0,0,0,0,0,partially_open
0,0,0.1138,0.2658,134,1178,158,18,22,0.02088396940216729,20,0,0,0,0,0,0,0,0,0,0,0,0,0,0,0,0,0,0,0,0,0,0,0,0,0.01360680452491524,0,0,0.02150133117041018,0,0,0,0,0,0,0,0,0,0,0.01766363615926876,0,0.01653861733256198,0,0,0,0,0,0,0,4,0.01682836630224742,0,0,0,0,0,0,0,0,0,0,0,0,0.02060829119723792,0,0,0,0,0,0,closed
1,0,0.0439,0.2655,39,888,113,6,18,0,12,0.01125293427059372,0,0,0,0,0,0,0,0.01733488886505117,0,0,0,0.04725218245151668,0,0.01790979828879258,0.05808838026119225,0,0.01953783424613791,0,0,0,0.01676029367221002,0,0.01788427993969546,0,0,0,0,0,0,0,0,0,0,0,0,0.01869898324066365,0,0,0,0,0,0.05252508473921911,0,0,0.02418673437567166,0,0,2,0,0.6667,0,0,0,0,0,0,0,0,0,0.02358693309678087,0,0,0,0,0,0,0,0,closed
0,0,0.0394,0.0429,61,1548,210,8,5,0,4,0,0.00605464752739178,0.01195810694758656,0,0,0.01029470562226428,0,0,0.02096962362707803,0.01092577172629451,0,1,0.01428997453170867,0,0.02166507857515231,0.04391762620553849,0,0.01181723845532535,0.02631465359588165,0,0,0.0405490975940565,0,0,0.02172699432204208,0,0.02117812740935964,0,0,0,0,0,0,0,0.02388072646114729,0,0,1,0,0,0,0.01326665395223589,0,0,0,0.01462907321109173,0,0,2,0,0.6667,0,0,0,0,0,0,0,0,0,0,0,0,0,0,0,0,0,0,partially_open
1,0,0.0182,0.0818,31,1705,220,5,10,0,8,0.01993630087309911,0.00591162435745339,0,0.00875352384422649,0,0,0,0.00734389142617857,0,0,0,0,0,0,0,0,0.00969292501349492,0,0.00856434920180925,0,0,0,0.01478202643771418,0.01056158264155243,0,0,0,0,0,0.0127917444901114,0.014283504552562,0,0,0.01374669714440673,0,0,0,0,0,0,0,0,0.0310187508302475,0,0,0,0.01507029215119891,0,3,0,0.3333,0,0,0,0,0.01324416224621209,0,0.02670142695255924,0,0.01637355544629792,0,0,0.01606473093327995,0.04426900894381618,0.01666224823662541,0,0,0,0.01582610613410414,closed
0,0,0.0305,0.1007,58,1901,288,7,16,0,13,0,0.02310080902758713,0,0,0.02389319352304604,0.00981956536277516,0,0,0,0,0,0,0,0,0,0,0,0.01127182744969495,0.01673342074815038,0,0,0,0,0.01031785381136276,0.01036210498435853,0,0,0.01637409066054313,0.01154295005786167,0,0.01395388521673365,0,0,0,0,0,0.01078787494653672,0,0,0,0,0.03796304054024427,0.04545440025509346,0,0,0,0,0,4,0,0,0,0,0,0,0,0,0.03912786026509643,0.01529057194733855,0,0,0.01602653510059519,0,0,0,0.04193255255105412,0.01704928766733071,0,0,closed
0,0,0.9859,0.9375,140,142,16,15,9,0,6,0,0.03003105173586327,0,0.08893580225734121,0,0,0,0,0.10400933319030706,0.05419182776242078,0,0,0,0,0.10745878973275548,0,0,0,0,0,0,0,0,0,0,0,0,0,0,0,0,0,0,0,0,0,0,1,0,0,0,0,0,0,0,0,0,0,3,0,0.3333,0,0,0,0,0,0,0,0,0,0,0,0,0,0,0,0,0,0,partially_open
0,0,0.0738,0.1127,68,921,142,10,9,0,7,0.03164887763604483,0,0,0,0,0.01595679371450964,0,0,0,0,0,0,0,0.01532347049642482,0,0,0.01538751845892319,0,0,0.02126256382449488,0,0,0,0,0,0,0,0,0,0,0,0,0,0,0,0.02229739124473597,0,0,0,0.02531191695494708,0,0,0,0,0,0,0,0,4,0,0,0.02286826670515083,0,0,0,0,0,0,0,0,0,0,0,0,0,0,0,0,0,partially_open
0,0,0.1147,0.1774,159,1386,186,22,18,0,15,0,0.00591162435745339,0,0.00875352384422649,0.01222879983462986,0,0,0.01468778285235715,0,0.01066768263039779,0.02321312244768342,1,0,0,0,0.00857604039289255,0.00969292501349492,0.01153809109023892,0,0.0267874819836156,0,0,0,0,0,0,0,0,0,0,0,0,0.01370170264626942,0,0,0.01404560078408565,0,0,0,0,0,0,0,0,0,0,0,0,4,0,0,0.02881041474664671,0,0,0,0,0,0,0,0,0,0,0,0,0,0.04292308528848058,0.03490405349217312,0,0,fully_open
0,0,0.0697,0.0886,126,1808,237,16,11,0,10,0,0.0098786354394287,0,0.05119659669419313,0,0.01679662496264173,0,0.03681608728123733,0,0,0,0,0,0.01612996894360507,0,0.02866202973414091,0,0,0,0.02238164613104724,0,0,0,0.00882448023340236,0,0,0,0,0,0.02137567829268616,0,0,0,0,0,0.01173546907617682,0,0,0.01150460513005005,0,0.01077186260476076,0,0,0.01011261349246364,0,0,0,0,4,0,0,0.01203592984481622,0,0,0,0,0,0,0,0,0,0,0.01342250545083259,0,0,0,0.02916325522043412,0,0,closed
0,1,0.0637,0.1784,109,1711,241,16,24,0,19,0,0,0,0,0.1010551164416502,0,0,0.00638817952825122,0,0.0185588451241167,0,0,0,0,0,0,0,0,0,0,0,0,0,0.00918713010600794,0,0,0.00899345136561848,0,0,0,0,0,0,0,0.01014113041500775,0.01221774862725258,0,0,0.02395479424339188,0,0,0.02253513822023632,0,0.01052820034831831,0.05255090430046923,0.04969876926507875,0,0,3,0,0.3333,0.01253055709871278,0,0,0.0269330528270251,0,0,0.02322658371900701,0.027229785659644,0,0,0,0,0,0,0,0,0,0,fully_open
0,0,0.0621,0.1749,80,1288,183,10,19,0,13,0.04777189077138844,0,0.02797745776416479,0,0,0,0,0,0,0,0,0,0,0.02312976678705633,0,0,0,0,0,0,0,0,0,0,0,0,0,0,0,0,0,0,0,0,0,0,0,0,0,0,0,0,0,0,0,0,0,0,4,0,0,0,0,0,0,0,0,0,0,0,0,0,0,0,0,0,0,0,0,fully_open
0,0,0.0623,0.2441,56,899,127,7,16,0,15,0,0,0,0,0.0207074343866399,0,0,0,0,0,0,0,0,0,0,0,0,0,0.01450229798173033,0,0,0,0,0,0,0,0,0,0,0,0,0,0,0,0,0,0.03739796648132731,1,0.02331599973023477,0,0,0,0,0,0,0.02418673437567166,0,0,4,0.02221344351896659,0,0.04878563563765511,0,0,0,0,0,0,0,0,0,0,0,0,0,0,0,0,0,partially_open
0,0,0.0637,0.0913,118,1851,230,12,11,0,10,0,0,0.00938484342721983,0,0,0,0,0.01770900400869644,0,0,0,1,0.02242983344217563,0,0,0,0,0,0.00688400220651756,0,0,0,0.03564526628334876,0.00848937338909594,0.00852578258206714,0,0.03324161770583032,0,0.01899472794331668,0,0,0,0,0.01104956036290921,0.00937091797842488,0,0,1,0,0,0.01036280453116225,0,0,0.00972859019528148,0.0161865654596382,0,0.01211346267849533,0,2,0,0.6667,0,0,0,0,0,0,0,0,0,0.02239265800327298,0,0,0,0,0,0,0.01276839335924293,0,fully_open
1,0,0.0491,0.0541,55,1120,148,6,4,0,4,0,0,0.01629456331319488,0,0,0,0,0,0,0,0,0,0,0,0,0.0239375193384034,0,0.01610261064242136,0,0,0,0,0.0206298610724143,0.01473979115908966,0.04440902136153658,0,0,0,0.01648992865408811,0,0,0,0.01912215644039798,0,0,0,0,0,0,0,0,0.01807763835249727,0.02164495250242546,0,0,0.01993412173819093,0,0,2,0,0.6667,0,0.01940760134592832,0.02530313289004446,0,0,0,0.01863231441195068,0.0436873484209673,0,0.0194397800248194,0,0,0.02059400782368006,0,0.01996788216716862,0.02435612523904388,0,0.02208698328605742,closed
0,1,0.087,0.1988,112,1287,161,12,18,0,14,0,0,0,0,0.05401939405210409,0.02220075647236124,0,0.00811021053151895,0.02261072460658849,0,0,0,0,0,0.0233606064636425,0,0,0,0,0,0,0,0,0.01166366083023616,0.01171368389536182,0,0,0,0,0,0,0.01425997495581573,0.01513144553109753,0,0.01287482643992288,0,0,0,0.01520608678058789,0,0.02847518462475888,0.0143049138267587,0,0,0.08895573365644646,0,0,0,2,0,0.6667,0,0,0,0,0,0,0,0.01728499437525228,0.01808210036243335,0,0,0,0,0,0,0,0,0,fully_open
0,0,0.061,0.1667,66,1082,162,10,17,0,10,0,0,0,0,0.02806730564454203,0.01538004213446712,0,0.03371111606474743,0,0,0,0,0,0,0,0.03936712517701282,0,0,0.01310448612806958,0,0,0,0,0.01616049392141156,0.01622980298754951,0,0,0,0,0.0195729102439054,0.02185548286958283,0,0.02096525585633996,0,0,0,0.05069001480902799,1,0,0,0,0,0.07119363895376085,0,0,0.02185548286958283,0,0,4,0,0,0,0.04255642704769825,0,0,0,0,0,0,0.02505351255035947,0.04262698752430279,0,0,0,0,0,0,0,0,closed
0,0,0.1169,0.1465,119,1018,157,14,14,0,9,0,0,0,0,0.01991099460253836,0.03273188454258388,0,0.02391472336217126,0.03333632474048303,0,0.03779572501097173,1,0,0,0.03444191978613958,0.05585421178960793,0.01578207021428019,0,0,0,0,0.03223133398501926,0,0,0.03454034994786178,0,0.03366779229180251,0,0,0,0,0,0.04461836502759529,0,0.01898211590501451,0,0,0,0,0,0,0.04218115615582696,0,0.01970663142121121,0,0,0,0,4,0,0,0,0,0,0,0,0,0.02173770014727579,0,0,0,0,0,0,0,0,0,0.02586418142000491,0,fully_open
0,0,0.0566,0.166,100,1768,247,11,24,0.01342540890139326,17,0,0.00487517073634144,0,0,0.01008478947401294,0,0,0,0.02532694801712022,0.00879737463675662,0,0,0.01150621325929789,0.00796024441372718,0.02616691308427487,0,0,0,0,0,0,0.03264992273807146,0,0.00870987659400752,0.04373615740151329,0.0108182354800162,0.03410503634754021,0,0.00974404875014297,0,0,0,0.01129945607841699,0,0,0,0,1,0,0,0,0.03204672253397243,0,0,0,0.01177925375438555,0,0,3,0,0.3333,0,0,0,0,0,0.01210604001339539,0,0,0,0.01148714274193873,0,0.01324818719822438,0,0,0,0,0,0,partially_open
0,0,0.0639,0.1638,108,1690,232,14,23,0,15,0.01665730401897096,0,0,0,0,0,0,0,0,0,0,0,0,0,0,0,0,0.00964037873987068,0.01431147827144441,0,0,0.00826988174615625,0,0,0,0,0,0,0,0,0,0,0,0.01148572721933983,0,0,0,1,0,0,0,0,0,0,0,0,0,0,3,0,0.3333,0,0,0,0,0,0,0,0,0,0,0,0.01342250545083259,0,0,0,0,0,0,fully_open
0,0,0.0456,0.1988,53,1163,161,7,17,0,15,0,0,0,0,0,0.02775094559045155,0,0.01013776316439868,0.02826340575823561,0,0,0,0.01926040045578125,0,0.02920075807955312,0.04735465782162411,0,0,0,0,0,0.02732656576990763,0,0,0,0,0,0,0.01631069029915237,0,0,0,0,0,0.03218706609980722,0,0,0,0.01900760847573486,0,0,0,0,0,0,0,0,0,3,0,0.3333,0.0198854493088268,0,0,0.021370791917096,0,0,0,0,0,0,0,0.0221763133535495,0,0,0,0,0,0,partially_open
0,0,0.0653,0.2162,85,1301,185,12,25,0,15,0,0.01352750078192039,0.02671721191893215,0,0,0,0,0,0,0,0,0,0.01596357515253942,0,0,0,0,0,0.01959769997531126,0,0,0,0,0.01208397293222666,0,0,0.01182922431874142,0,0,0,0.01634238809167004,0,0,0.01572820303909599,0.01333878414946965,0,0,1,0,0,0.04425197610604422,0,0,0,0,0,0.0172425865153357,0.01733467258805226,3,0,0.3333,0,0,0,0,0,0.0167957672257918,0,0,0.03746741516540244,0,0,0.01838036782456355,0.01688337578337734,0.15251210998568843,0,0,0,0,fully_open
0,0,0.0324,0.1154,24,740,104,2,6,0,6,0.01430457746261913,0,0,0,0.0789690294405759,0,0,0.03161607495337895,0,0,0,0,0,0,0,0,0,0,0.01843512455304704,0,0,0.02130545805789409,0,0,0.02283175674519677,0,0,0,0,0,0,0,0.02949349552671553,0,0,0,0.14261936369997708,0,0,0,0,0,0,0,0,0,0,0,4,0,0,0.03100781926122146,0.02993375800812673,0.03902686598294993,0,0,0,0,0,0.03524477189287857,0,0,0.03458001404282296,0,0,0,0,0,0,closed
0,0,0.0766,0.1483,116,1515,209,17,18,0,13,0.00594345119925724,0,0,0.06263084666009945,0,0,0,0.00656812824735689,0,0,0,0,0,0.00863294112474638,0,0.00767012063307996,0,0.01031927865112918,0.00765966442697024,0.02395781839379705,0,0,0,0,0,0.01173245256283446,0,0,0,0.01144050387495879,0,0.04619428506813546,0,0,0,0,0,1,0,0.02852046980839107,0,0,0,0,0,0,0.02695671976341214,0,3,0,0.3333,0,0,0,0,0,0,0.01194042684146135,0,0,0,0,0,0,0,0,0,0,0,fully_open
0,0,0.1217,0.2688,79,649,93,9,13,0,12,0.02910241621705272,0,0,0,0,0,0,0,0,0,0,0,0,0,0,0,0,0.02526444083552316,0,0,0,0,0,0,0,0,0,0,0,0,0,0,0,0,0,0,0,0,0,0,0,0,0,0,0,0,0,0,4,0.08617284123737042,0,0,0,0,0,0,0,0,0,0,0,0,0,0,0,0,0,0,0,partially_open
0,0,0.0382,0.0488,65,1703,246,9,6,0,6,0.03444775797120526,0,0.02017422124490795,0,0.02113003508840806,0,0,0.00634472252465768,0,0,0.0401097489912353,0,0,0,0,0,0.00837415970553643,0.00996828277864179,0.0147982632466636,0.01157146330584755,1,0,0,0.0091246326222936,0,0.01133338955049316,0.0267968142730673,0,0.01020805107157835,0,0,0.01115576272053611,0,0,0,0,0,0,0,0,0,0,0,0,0,0.01234017059983248,0,0,4,0,0,0.01244531521368752,0,0,0,0,0,0.02306857974812941,0,0,0,0,0,0,0,0,0.03015520267691147,0.02744770273143378,0,fully_open
0,0,0.0408,0.0775,125,3063,387,15,16,0,14,0.00654240364569402,0.00290998563332008,0,0.00861781029625399,0,0,0,0.00361501632218867,0.00503921187937534,0,0,0,0.00686804977492975,0.00475146371982165,0.0052063367118583,0.00422153926316804,0,0.00567960297852846,0.00421578429701463,0,0,0.0048721783930843,0,0,0,0,0,0,0,0,0,0,0,0,0.02295511690838964,0,0,1,0,0.00784865642013863,0.00634621362761099,0.01275244255873838,0,0,0,0,0,0,2,0,0.6667,0,0,0.00892474842245754,0.01524118493312273,0,0.01445217179893713,0,0,0,0.00685666659790141,0,0.01581566533741515,0,0,0,0,0.00781940368511776,0,fully_open
0,0,0.035,0.0385,38,1085,156,6,3,0,3,0,0,0,0,0.03982198920507673,0,0,0.01195736168108563,0,0,0.0566935875164576,0,0,0,0,0,0,0.01878637908282491,0.01394451729012532,0,0,0,0,0,0.01727017497393089,0,0,0,0,0,0,0,0,0,0,0.02286911922537023,0,0,0,0,0,0.02109057807791348,0.02525244458616303,0,0,0.06976942608366826,0.02453752696413157,0,3,0,0.3333,0,0,0,0,0,0.04780333748879206,0,0.02548428657889759,0.07997852083383984,0,0,0,0,0,0,0,0,0,partially_open
1,0,0.0508,0.1451,66,1299,193,9,16,0,12,0.02434529048926526,0,0,0,0.01493324595190377,0,0,0.00896802126081422,0.01250112177768113,0,0,0,0,0,0.01291571991980234,0.03141799413165446,0,0.01408978431211869,0,0,0,0,0,0.01289731726420345,0.01295263123044816,0,0.01262542210942594,0,0,0,0.01744235652091706,0,0.01673188688534823,0.01678683208980437,0,0,0,0,0.01681442288238084,0,0,0.01581793355843511,0.01893933343962228,0,0,0,0,0,4,0,0,0,0,0,0,0,0.01792625155829702,0,0,0,0.01700980752171697,0,0,0,0,0,0,0,0.0386522207506005,closed
0,0,0.4788,1.2368,113,236,38,13,25,0,22,0,0,0,0,0,0,0,0,0,0,0,0,0,0,0,0,0,0,0,0,0,0,0,0,0,0,0,0,0,0,0,0,0,0,0,0,0,0,0,0,0,0,0,0,0,0,0,0,4,0,0,0,0,0,0,0,0,0,0,0,0,0,0,0,0,0,0,0,0,closed
1,0,0.0786,0.1765,100,1273,170,10,17,0,13,0.01520666793323475,0.02705500156384078,0,0.03004587914099365,0.01399150972070263,0,0,0,0,0,0.01327957905790898,0,0.01596357515253942,0,0,0,0.02218020678763703,0,0,0.01532437032396027,0,0.01132452275149325,0,0,0,0,0,0.01917686293577124,0,0.01463559955174908,0,0,0.03135344569506696,0,0.01333878414946965,0,0.01263444813558355,0,0.01575405387178025,0,0,0,0,0,0,0,0,0,4,0.04502725037628364,0,0,0,0,0.01771272843579128,0,0.0167957672257918,0,0,0,0,0,0,0,0.05719204124463317,0,0,0,0,closed
0,0,0.0456,0.1429,59,1294,182,6,14,0,12,0,0,0,0,0,0,0,0.01846879625989463,0.03861732667956945,0,0,0,0.1403530171827228,0,0.03989806549483495,0,0,0,0,0,0,0,0,0,0.06668681425577275,0,0,0,0.01485726245071305,0,0,0,0,0,0,0,0,0,0.0173138611858179,0,0.01621111995963996,0,0,0,0,0,0,0,3,0,0.3333,0.01811347857833729,0,0,0,0,0,0.01678753080680705,0,0,0,0,0,0,0,0,0,0,0,partially_open
0,0,0.1261,0.2784,87,690,97,10,15,0,12,0.01339635032213538,0,0.11768295726196304,0,0,0,0,0.01480435255753459,0,0,0,0,0,0,0,0.01728820841106912,0,0.02325932648349751,0.03452928090888175,0,0,0,0,0,0,0,0,0,0,0,0,0,0,0,0,0,0,1,0,0,0,0,0,0,0,0,0,0,3,0.15866745370690424,0.3333,0,0,0,0,0,0.02959254225496651,0,0,0,0,0,0,0,0,0,0,0,0,fully_open
0,0,0.0598,0.1751,91,1523,217,13,21,0,17,0.00675176056235623,0.00600621034717265,0,0,0.01863669094797591,0.01021234797728617,0,0.02984557475598973,0,0.02167673110496831,0.01179226620342318,0,0,0.00980702111771188,0,0.00871325703917883,0,0,0.0087013787890382,0.01360804084767672,0,0,0.06007415544287045,0,0.0431063567349315,0.01332806611137995,0.01050435119504238,0,0,0,0,0,0.02784185977721946,0,0.01184484032472905,0.01427033039663102,0.02243877988879639,1,0,0,0,0,0,0.02459387601367159,0,0,0.0153114168256181,0,3,0,0.3333,0,0,0,0,0,0,0.01356432489190009,0,0,0.01415215985806852,0.016667596504619,0,0,0,0,0,0,0,fully_open
1,0,0.0411,0.1297,69,1679,239,8,19,0,12,0,0,0,0.01622916099586518,0,0.00931783574569906,0,0,0,0,0,0,0,0.00894801196871522,0,0.01590010408609276,0.02695623671636179,0,0,0,0,0,0.01370304640576424,0,0,0,0,0,0,0.02371608102546202,0,0.01197005197021028,0,0,0.01080733606270899,0,0,1,0,0,0,0,0,0,0,0,0,0.04213464213008323,3,0.01216064426220799,0.3333,0,0.02578236091210915,0,0,0.01227743507495573,0,0,0,0,0,0,0,0.0273584629482465,0.03089205147520331,0,0,0.01472559234131666,0,closed
0,0,0.044,0.1444,56,1272,187,8,14,0,13,0.00843970070294529,0,0.02965610523001468,0.01111697528216765,0,0,0,0,0,0.02709591388121039,0,0,0,0.01225877639713986,0,0,0,0,0,0,0,0,0,0,0.02694147295933219,0,0,0,0,0,0,0,0,0,0,0.03567582599157756,0,0,0,0,0,0,0,0,0.02557477342622836,0,0,0,3,0,0.3333,0,0,0,0.01966112856372832,0,0,0,0,0,0,0,0,0,0,0,0,0,0,closed
0,0,0.0235,0.08,53,2258,300,7,14,0,10,0,0.00408030594237272,0.0725285182255794,0,0.01688106064128252,0,0,0.01013776316439868,0,0.00736302007641586,0,0,0,0.01332475695341289,0,0.01183866445540602,0,0,0.00591126276429225,0.00924459296717169,0,0.0068316414424769,0,0.0072897880188976,0.00732105243460113,0.00905439273870921,0.01427221629761193,0,0,0.00882908451219646,0,0,0.03782861382774383,0.00948820944206334,0,0,0.03048747267499509,1,0,0.01100518128475959,0,0,0,0.00835389810246996,0,0.00985872325095312,0,0.08365863727277394,3,0,0.3333,0,0.01919664915738562,0,0,0.01828270223118408,0,0.00921489462764952,0,0,0,0,0,0,0,0.0197508399696994,0,0,0,fully_open
0,0,0.0324,0.1772,34,1048,158,4,15,0,13,0,0,0,0,0.07575890629258501,0.03113520724782369,0,0,0,0.03304379741611023,0.14380812443199,0,0.02160922977965701,0,0,0.02656480804627694,0,0,0,0,0,0.01532953689531404,0,0,0,0,0.03202546096049507,0,0,0,0,0,0,0,0,0,0,0,0,0,0,0,0,0,0,0,0,0.02346522752772928,3,0,0.3333,0,0,0,0.02397698605332723,0,0,0.06203197359100653,0,0.02535904319121751,0,0,0,0,0,0.1772758319231556,0,0,0,partially_open
0,0,0.0764,0.1435,119,1557,216,18,18,0,13,0,0.00568769919239834,0,0.01684390194267826,0.02353117543936352,0,0,0,0,0.02052720748576544,0,0,0,0.00928695181601504,0,0,0,0,0,0,0,0,0,0,0,0,0,0,0.0113680568751668,0,0,0.02484692605937589,0,0,0.01121670485296312,0,0,0,0,0,0,0,0,0,0,0,0,0,3,0,0.3333,0,0,0,0.04468438309938256,0,0,0,0,0,0,0,0,0,0,0,0,0,0,closed
1,0,0.0816,0.2374,83,1017,139,11,20,0,13,0,0,0,0,0,0,0,0.01047948551825482,0,0,0,0,0,0.01377390606420208,0,0,0.01383147726644781,0,0,0,0,0.0282476859643989,0,0,0,0.1871919397665724,0,0,0,0,0.02038207953006039,0.01842581033616639,0,0,0,0,0,0,0,0,0,0.05545163224979499,0,0,0,0,0,0,4,0,0,0,0,0,0,0,0,0.01905101810660126,0,0,0,0,0.02292382953400623,0,0,0,0,0,0,closed
1,0,0.0626,0.1026,90,1437,195,12,10,0,10,0.02482264912630967,0.00552041392203368,0,0,0.03425862306613219,0,0,0.00685789861121087,0,0,0,0,0,0,0,0,0,0.0215490818891227,0.02399277239624504,0,0,0,0,0.00986265437850852,0,0,0,0,0.01103370226119131,0.01194523198708932,0.01333827263364246,0,0,0.02567397849028904,0.01088680176905244,0,0.02062387857426138,0,0.01285808808652653,0,0,0,0.02896603937824583,0.04520933090748454,0,0,0,0,3,0,0.3333,0,0,0,0,0.03710313099857947,0,0,0,0,0.01300749986954827,0,0.01500162373916584,0.0137798140584918,0,0,0,0,0,closed
0,0,0.0531,0.0645,89,1676,248,15,8,0.01615244508448876,8,0.01978054852252802,0,0.01158441610547448,0,0,0.00997299607156852,0,0,0,0,0,0,0,0.00957716906026551,0,0,0.00961719903682699,0,0.00849744022367011,0.0132891023903093,0,0,0.01466654185616954,0.0104790702771653,0,0,0,0,0,0,0.02834382934649023,0,0,0,0,0,0,0,0,0,0,0.01285207101622852,0.0153882084196931,0,0,0,0,0,4,0,0,0,0,0,0,0,0,0.03973923308173856,0,0.01624563704437371,0,0,0,0,0,0,0,0,0,fully_open
0,0,0.0886,0.191,110,1241,178,17,19,0,15,0.01577514150083231,0,0,0,0,0,0,0.01743316282476035,0.01215062303625082,0.05064656800226241,0,0,0,0,0.01255359693139666,0,0,0,0,0,0,0.01174786939640889,0,0.01253571023810429,0,0,0,0,0,0,0,0.01532614130765242,0,0,0,0,0,0,0.01634299046511783,0,0,0,0,0,0,0,0,0,3,0,0.3333,0.01709776949917819,0,0,0,0,0,0,0,0,0,0,0,0,0,0,0,0,0,fully_open
1,0,0.0644,0.1184,108,1676,228,12,16,0,11,0.01082012910634011,0.00962533709482797,0,0,0,0.00818297113564597,0,0,0,0,0,0,0,0,0,0,0,0,0.01394451729012532,0,0,0,0,0,0,0,0,0.01364507555045261,0,0.01041379198874454,0.01162823768061137,0.03153648307536171,0,0.022382442786405828,0,0.02286911922537023,0.01797979157756121,0,0,0,0,0,0,0,0,0,0,0.08634000385202951,4,0.01067954015334932,0,0,0.01132110078512485,0,0,0,0,0,0,0,0,0,0,0,0,0,0,0,0,closed
1,0,0.0559,0.1716,72,1288,169,8,17,0,12,0,0.00652848950779636,0,0,0,0,0,0,0,0,0,0,0,0,0,0.02841279469297446,0.021408721334154,0,0,0,0,0,0,0,0,0,0,0.01850984161626615,0,0,0,0,0,0,0,0.01551122869199024,0,1,0,0,0,0,0,0,0,0,0,0.10039036472732872,3,0,0.3333,0.01590835944706144,0.01535731932590849,0,0,0,0,0,0,0,0,0.01811695272241195,0,0,0,0,0,0.01754266218052507,0.01747752590461935,closed
1,0,0.0744,0.1204,108,1451,216,17,13,0,13,0.00715228873130956,0.01272502192197596,0,0,0,0,0,0,0,0,0,0,0,0,0,0,0,0,0.00921756227652352,0,0,0.02130545805789409,0,0,0,0,0,0,0,0,0,0,0,0,0,0,0,0,0,0.0171606216643709,0,0.01394122957692585,0,0,0,0,0,0,3,0,0.3333,0.03100781926122146,0.01496687900406336,0,0,0,0,0,0,0,0,0.01765635222946927,0,0,0,0,0,0,0,closed
0,0,0.0296,0.1205,48,1621,224,7,15,0.01542920127473553,12,0,0.01120561631935196,0.01106571090672189,0,0,0.00952644400866247,1,0.02088076592070177,0.00970236317073759,0.02022083125463461,0.01100024832408878,0,0.02644711704375933,0,0.01002414083327942,0.00812803828281607,0.00918657818443175,0,0,0.01269406795492231,0,0,0.0840589861607329,0,0,0,0,0,0,0,0,0,0.02597188412054054,0.01302858609954966,0.01104929134769501,0,0,0,0,0,0,0.01227660514983023,0,0.01147102426010801,0,0,0.01428303808359897,0,3,0,0.3333,0,0,0,0,0,0,0.01265328814542919,0,0,0.01320164165864601,0,0,0,0,0,0,0,0,fully_open
0,0,0.0382,0.1371,52,1363,197,8,15,0,12,0,0.02973371458996363,0,0,0,0.02527808905268854,0,0.02770319438984195,0.01287244222652315,0,0,0,0.01754412714784035,0,0.01329935516494498,0,0,0.0145082927570331,0,0,0,0,0,0.02656081179162692,0.01333736285115455,0,0.03900130394198905,0,0,0,0,0,0.03445774724903399,0.01728545086474906,0.0293189116948739,0,0,0,0,0,0,0,0,0.01521898268172746,0,0,0,0,4,0,0,0,0,0,0.01946646392448349,0,0,0,0,0,0,0,0,0,0,0,0,0,0,partially_open
0,0,0.0511,0.2228,65,1272,193,9,22,0,21,0.05626467135296859,0,0,0.01058759550682633,0.02958204912377129,0,0,0,0,0.01290281613390971,0.04211523644079707,0,0,0.0116750251401332,0,0,0.011723823587751,0.01395559589009851,0.01035878427266452,0,1,0.01197163833729287,0,0,0,0,0,0,0,0,0,0,0,0,0.01410100038658221,0,0,0,0,0,0,0,0,0,0,0,0,0,4,0.01586674537069042,0,0,0,0,0,0.01601912957398986,0,0.01614800582369059,0,0,0.01684780935484348,0.01984237679121309,0.01943067455739576,0,0,0,0,0,0.1339943652687484,fully_open
0,0,0.0325,0.1634,44,1354,202,7,22,0.01879557246195056,11,0,0.00682523903087801,0,0,0.00705935263180905,0,0,0,0,0,0.01340030250388997,0,0.01610869856301704,0,0,0,0,0.01332125062236675,0.04943965221044433,0,0,0.01142747295832501,0,0,0,0.01514552967202267,0.02387352544327814,0,0.01364166825020016,0,0.01649095525613977,0,0.01581923850978378,0,0,0,0,1,0,0,0,0,0,0.01397379318958613,0,0,0,0.01749226052067091,4,0,0,0,0,0,0,0.12232789856501353,0,0.04624201667693214,0,0,0,0,0,0,0,0,0,0,0,closed
0,0,0.0276,0.06,61,2213,300,8,9,0,9,0.02256604466028152,0,0,0.04161434597602864,0.00415256037165238,0,0,0,0.00695249553411143,0,0,0,0,0,0.00718307417999702,0.01164873935719095,0.01974868679220089,0,0.00581642967181697,0,0,0.00672204291666177,0,0.0143456790960124,0,0,0,0,0.00802451073541186,0,0.00970056191537633,0,0,0,0.00791767401385632,0,0,1,0,0.01082862757430891,0.04377869293913465,0,0,0,0,0,0.01023490429519926,0,2,0,0.6667,0,0,0,0,0,0,0,0,0,0,0,0.01091027181030243,0,0,0.00971699078723179,0,0,0.01074821111781404,fully_open
0,0,0.0207,0.066,68,3286,470,9,18,0,13,0.00376772352810057,0,0.00661966634598542,0.00496293539382484,0,0,0,0.0041637241568066,0.00580409225392338,0.01209639012554035,0,0,0,0.00547266803443743,0.00599658424847965,0,0,0,0,0.06075018235569966,0,0,0,0,0,0.01487507378502227,0,0,0.00669903351572329,0,0,0.02196290785605547,0,0,0.00660984393121041,0,0,1,0.00780669633824824,0,0.00730947819608766,0,0,0.00686213058417176,0,0,0,0,3,0,0.3333,0,0,0.02055879547316112,0,0,0,0,0,0.00928322116821355,0.00789741063508288,0,0,0,0,0,0,0,0,fully_open
1,0,0.0417,0.1156,52,1246,173,7,12,0,8,0.01776779095356903,0.00790290835154296,0,0,0,0,0,0.00981762327499662,0,0,0,0,0,0,0,0,0,0,0,0,0,0,0,0,0.02835944522034967,0,0,0,0,0,0,0,0,0,0,0,0,0,0,0,0.01723498016761722,0,0,0,0,0.03818958059316578,0,0,4,0,0,0,0,0,0,0,0.01962452802171463,0.01784779591039486,0,0.02188885833347195,0,0,0,0,0,0,0,0,0,partially_open
1,0,0.0464,0.1854,64,1380,178,7,20,0,13,0.00760333396661737,0,0,0.02003058609399577,0.01399150972070263,0,0,0,0,0,0,0,0,0.01104394270012599,0,0,0,0.01320123935549859,0,0.03064874064792055,0,0,0,0,0,0,0,0.01917686293577124,0,0.02927119910349817,0,0,0,0.01572820303909599,0,0,0,0,0,0,0,0,0,0,0,0,0,0,4,0,0,0,0,0,0,0,0,0,0.01790787705544155,0,0,0,0,0.01688337578337734,0,0.01637006556047157,0,0,0,closed
1,0,0.0696,0.05,81,1164,160,10,4,0,4,0.0261021671225112,0,0,0,0.03202180575253593,0.01316024223877083,0,0.01923039610566349,0,0,0,0,0.01826759630857603,0,0,0,0.01269073687333871,0.01510657287072519,0.01121311699618325,0,0,0.0259179799054794,0,0.01382805149976453,0,0.01717534292703602,0.01353653504515771,0,0,0,0,0,0,0,0,0,0.0144579767324719,0,0,0,0.01687961975179006,0,0.02030608946103831,0,0,0,0.01973120724950786,0.01983658409560619,2,0,0.6667,0,0,0,0,0,0,0,0,0.04287508333360486,0.01823731940472748,0.02147886147502448,0.02103320441779953,0,0.02181552088712812,0.07493102174071525,0,0,0,closed
0,0,0.0888,0.3214,90,1014,140,12,25,0,20,0,0,0,0,0.00844053032064126,0,0,0,0,0.01472604015283173,0,0,0.01926040045578125,0,0,0.04735465782162411,0,0.03185516453174659,0,0,1,0,0,0,0,0,0,0,0,0,0,0,0,0,0,0,0.04573120901249264,1,0,0,0,0,0,0,0,0,0,0,4,0,0,0,0,0,0,0.01828270223118408,0,0,0.02160624296906535,0.02260262545304169,0,0.02264619090301494,0,0,0,0,0.04818276949463029,0,0,partially_open
0,0,0.0471,0.1202,79,1676,233,8,17,0.01590394592934278,11,0,0.00577520225689678,0,0,0.01791989514228453,0,0,0,0,0,0.01133871750329152,0,0.02726087449125962,0.00942982799779989,0,0,0,0,0,0,1,0,0,0,0,0.01281544818401919,0,0,0,0,0,0,0,0,0,0,0.01078787494653672,0,0,0,0,0.01265434684674808,0,0,0,0,0,0,4,0,0,0.01407277951086205,0,0,0,0.01293852773283797,0,0.01304262008836547,0,0,0,0.01602653510059519,0,0,0,0.1118201401361443,0,0,0,partially_open
0,0,0.0857,0.0787,104,1214,178,12,7,0.04219414226152167,7,0.01722387898560263,0,0.04539199780104289,0,0,0.01302595405266093,0,0.00951708378698652,0,0.0138244458577604,0,0,0,0,0,0,0.02512247911660929,0,0.03329609230499312,0,0,0,0,0.0136869489334404,0.01374564946904703,0,0.0267968142730673,0,0,0,0,0,0.0532688643696801,0.0356291946395848,0.0151082146999095,0.01820195203651916,0.01431044635765075,0,0,0,0,0.01678637847017603,0,0,0,0,0,0,2,0,0.6667,0,0,0,0,0,0,0,0,0,0.05415367292628261,0,0,0,0,0,0,0,0,fully_open
0,1,0.0465,0.1055,82,1762,237,12,14,0,11,0.0277621733649516,0.0098786354394287,0,0,0.0051087420361776,0.00839831248132086,0,0,0.00855339911104498,0,0,0,0,0,0.00883707152407528,0,0.00809869392574904,0,0,0.02238164613104724,0,0,0,0.00882448023340236,0.00886232663135927,0.01096058068370062,0.02591534011934798,0,0,0,0.0119342439353643,0,0,0,0,0,0,1,0,0.0133220615552353,0.01077186260476076,0,0,0.02022522698492729,0,0,0.01259162567896225,0,3,0,0.3333,0,0,0,0.06467476501226423,0,0,0,0,0.02736107291683994,0,0,0,0,0.01392174688191728,0,0,0,0,fully_open
0,0,0.0545,0.0375,96,1761,240,11,5,0,4,0.01140500094992606,0,0,0.00751146978524841,0.01049363229052697,0.00862529389973494,0,0.00630185277786945,0.0175691441199843,0.01830804991973675,0.00995968429343174,0,0,0,0.01815182258999248,0,0,0,0.00734913749074172,0,0,0.00849339206361994,0,0.00906297969916999,0.02730554691824208,0.01125681259407091,0.0266157547171682,0,0.01013907775352715,0,0,0,0.01175754213565011,0.01179615227932199,0.02000817622420448,0,0,0,0,0.01368211727294436,0.01106299402651105,0.05557652331342066,0,0,0,0,0,0,2,0,0.6667,0,0,0,0,0.01136492300857389,0,0.01145635548302373,0,0,0.01195283771796328,0,0.01378527586842266,0,0,0.01227754917035368,0,0.01363112264027286,0,partially_open
0,0,0.09,0.2656,81,900,128,9,19,0,15,0,0,0,0,0,0,0,0,0,0,0,0,0,0,0,0,0,0,0,0,0,0,0,0,0,0,0,0,0,0,0,0,0,0,0,0,0,0,0,0,0,0,0,0,0,0,0,0,3,0,0.3333,0,0,0,0,0,0,0,0,0,0,0,0,0,0,0,0,0,0,partially_open
0,0,0.0889,0.088,154,1733,250,20,11,0,11,0,0.00521372425969848,0,0.00772012172372753,0.00539256103818747,0,0,0.00647690424392138,0,0.00940830343097583,0.01023634219047151,1,0,0,0,0,0.02564586409820531,0,0,0.01181253545805271,0,0,0,0.00931472913525805,0,0,0.05471016247417908,0,0,0,0,0,0,0,0.02056395889709905,0.02477487916081774,0,0,0.0485749994379891,0,0.01137029941613636,0,0,0,0,0.01259725748732899,0,0,3,0,0.3333,0,0,0,0,0,0.03884021170964354,0.01177458757977438,0,0,0.0122848609879067,0.01446839974359288,0.02833640039620214,0,0,0,0.01539171803300689,0,0,fully_open
1,0,0.0774,0.1812,85,1098,149,11,15,0,12,0,0.01706309757719503,0,0,0.01764838157952264,0,0,0,0,0,0.01675037812986247,0,0,0,0,0,0,0,0,0,0,0,0,0,0.01530765509052965,0,0,0,0,0.03692162614191247,0,0,0,0.01983898337885972,0,0.04054071135406541,0.03187326688749487,0,0,0,0,0,0,0,0,0,0,0,4,0.03786382418005669,0,0,0,0,0,0.03822746830156672,0.02118557002344193,0,0,0,0,0,0,0,0,0,0,0,0.02283994862535484,partially_open
0,0,0.0619,0.2671,76,1228,161,10,23,0,20,0,0,0,0.02077939305078065,0.00725727840653267,0,0,0,0.01215062303625082,0,0,0,0.03312068863424066,0.01145680037115874,0,0.03053711579151461,0,0,0,0,1,0,0,0,0,0,0,0,0.01402414493011232,0,0,0.01532614130765242,0,0,0,0,0,1,0,0,0,0,0,0,0,0,0,0,3,0,0.3333,0,0,0,0,0,0,0,0,0,0,0,0,0,0,0,0,0.01885426309121853,0,partially_open
0,0,0.0783,0.2282,84,1073,149,12,19,0,15,0,0,0,0.0222339505643353,0.00776528789498996,0,0,0,0,0,0,0,0.01771956841931875,0.01225877639713986,0,0.02178314259794709,0,0,0.01087672348629775,0.0170100510595959,1,0,0,0,0,0,0,0,0,0,0,0,0,0.01745830537339655,0,0,0.04207271229149323,1,0,0,0,0,0,0.01537117250854474,0,0,0,0,3,0,0.3333,0.03658922672824133,0.01766091722479477,0,0,0,0,0,0,0,0,0,0,0,0,0,0.04432814793505987,0,0,partially_open
0,1,0.0386,0.15310000000000001,76,1970,294,10,25,0,20,0.02740162565891327,0.00487517073634144,0.02888581678248183,0,0.01008478947401294,0.00828924348805695,0,0.0242253041850566,0.00844231600570674,0,0.03828657858254279,0,0.02301242651859578,0,0.00872230436142496,0,0,0,0,0,0,0,0,0,0,0,0,0,0,0,0,0,0.02259891215683398,0,0,0.01158306038687583,0,1,0,0,0,0,0,0.00998128084970438,0,0,0,0,4,0,0,0,0,0,0,0,0,0,0,0,0,0,0,0,0,0,0,0,0,fully_open
0,0,0.0796,0.1542,143,1796,253,20,21,0,18,0,0.01553330262199824,0.04090497273105474,0.03066751801977283,0.00535537096206204,0.00880374825628118,0,0,0.0089663218267506,0.06540393005809404,0,1,0,0,0,0,0.01697933071329455,0,0,0,0,0,0,0,0,0,0,0,0,0,0,0,0,0,0,0,0.02901566364930567,0,0,0,0,0,0,0,0,0,0.01319949726346387,0,4,0.01148971216498272,0,0.02523394946775264,0,0,0.02711879801893562,0.01160005934668231,0,0,0.01370878864244146,0,0,0,0,0,0,0,0,0,0,fully_open
0,0,0.056,0.4457,38,678,92,6,23,0,18,0.02813233567648429,0,0.09885368410004897,0,0,0,0,0.04663371055623396,0,0,0,0,0,0,0,0,0,0,0,0,0,0,0,0,0.02245122746611015,0,0,0,0,0,0,0,0,0,0,0.0594597099859626,0,0,0,0,0,0,0,0,0,0,0,0,4,0,0,0.03049102227353444,0,0,0,0,0,0,0,0,0,0,0,0,0,0,0,0,0,fully_open
1,0,0.067,0.194,96,1432,201,12,24,0,15,0,0.01146223348697071,0,0,0,0,0,0,0,0,0,0,0,0,0,0.02494252969230583,0.00939695783751034,0,0.02490852706785745,0.01298477180121824,0,0,0,0,0,0.05087048134114487,0,0,0,0.01240115687209273,0,0.02503659725066884,0,0.01332695066671492,0,0.02723345495540271,0.05352762378052574,1,0,0.04637297762738396,0,0,0,0.01173371947217155,0,0,0.01461013055879589,0,4,0,0,0,0,0.01757698544270264,0,0,0,0,0,0,0,0,0,0,0,0,0,0,0,closed
1,0,0.0472,0.0913,85,1799,252,11,12,0,11,0.05559084295353185,0.00899133285504888,0,0.00665687142644769,0.02324936495505977,0,0,0,0,0.00811254906623065,0,0,0,0.00734058466894602,0,0,0.02211379898288362,0,0.01953902422688219,0,0,0,0,0,0,0,0,0.01274629811898567,0,0.01945570718855268,0,0,0,0,0,0.01068138502741843,0.0083977469643699,0,0,0,0.00980433003547087,0,0,0,0,0,0,0,2,0.02992829216627236,0.6667,0,0.0211507990716105,0,0.01177313087648403,0.01007190781598165,0,0.03045881338001518,0,0.02490349151712378,0,0,0,0,0,0,0,0.01208027635185858,0.0120354220301271,closed
0,0,0.0693,0.1465,132,1906,273,17,23,0,17,0,0.01925067418965594,0,0,0,0,0,0,0.02500224355536227,0,0,0,0.01135869770469151,0,0.02583143983960468,0,0.01578207021428019,0,0,0,0,0,0,0,0,0,0,0,0,0,0,0,0,0,0,0,0,1,0,0.01298047023330619,0,0.05272644519478369,0,0,0,0,0,0,4,0,0,0,0,0.02952032170505187,0,0,0,0,0,0,0,0.02671089183432531,0,0,0,0,0,0,0,partially_open
0,0,0.0367,0.1479,38,1036,142,5,11,0,10,0,0,0.07233196397564558,0.01355728692947274,0.00946986328657312,0.01556760362391184,0,0,0,0,0,1,0,0,0,0,0,0.01786997034707736,0,0,0,0.04598861068594212,0.02289411411694758,0,0.01642772741422694,0,0.03202546096049507,0,0.03659959774443946,0,0,0,0.02122092970824654,0,0,0,0,0,0,0,0,0,0,0,0,0,0,0.14079136516637566,4,0,0,0,0,0,0,0,0,0.04135464906067102,0,0.02535904319121751,0.02157341441778738,0,0,0,0.02580616495184667,0,0,0,0,fully_open
0,0,0.0428,0.1435,70,1634,230,8,19,0.01531491089492268,14,0.01250326030065968,0.00556130587701171,0,0.01646959301061874,0,0,0,0,0,0,0,0,0,0.00908057510899248,0,0.04840698355099353,0,0.0108543523589655,0,0,1,0,0,0,0,0.01234080195498144,0,0,0,0,0,0,0,0.01293207805436781,0.02193488949023899,0,0,1,0,0,0.02425663875442424,0,0,0.01138605371003314,0,0,0,0,3,0,0.3333,0.02710313090980839,0,0.01705618587402997,0,0,0,0,0,0.03080654135821979,0,0,0,0.02776377351044274,0,0,0.09850699541124416,0,0.0148882628076387,partially_open
0,0,0.0846,0.2571,86,1017,140,8,18,0,18,0.0087007223741704,0,0,0.01146079925996665,0.00800545143813398,0,0,0,0,0,0.01519621933430822,0,0,0.02527582762296878,0,0,0,0,0.01121311699618325,0.01753613511298547,0,0,0,0,0,0,0,0,0,0,0,0,0,0,0,0,0,0,0,0,0,0,0,0,0,0,0,0,4,0,0,0,0,0,0,0.0346805897993595,0,0,0,0,0,0,0,0,0,0,0,0,0,partially_open
0,0,0.0412,0.1139,64,1553,202,8,12,0,11,0,0,0,0,0,0,0,0.00728651727441155,0,0,0,0,0,0,0,0,0,0.01144794975359643,0,0,0,0.00982048457356055,0,0.0104790702771653,0.01052401287473913,0,0.03077446639172573,0,0.01172330865251576,0,0,0,0,0,0,0,0,0,0.02732343718386887,0,0,0,0,0.01200872852230058,0,0.01417191467324511,0.01495255549376767,0,2,0,0.6667,0,0,0.01798894603901598,0,0,0,0,0,0,0.01382046861139504,0,0.0159392252228637,0,0.03306414884455355,0,0,0,0,closed
0,0,0.0925,0.1221,119,1286,172,19,12,0,9,0.00767245518449571,0.00682523903087801,0,0,0,0,0,0,0.01181924240798943,0,0,1,0.01610869856301704,0,0.01221122610599494,0.01980285690722463,0,0,0,0,0,0.02285494591665002,0,0,0,0,0,0,0.01364166825020016,0,0,0.01490815563562553,0,0,0.01346004582355574,0,0,1,0.03179454508668378,0,0.01488475559930578,0,0,0,0,0,0,0,3,0,0.3333,0,0,0.02093259175449132,0.03574750647950605,0,0,0,0.01807067593776374,0,0,0,0,0,0.01923732296410388,0,0,0,0,fully_open
1,0,0.0908,0.2214,89,980,140,10,18,0,13,0,0.00816061188474545,0,0,0,0,0,0,0,0,0,0,0,0,0,0,0,0,0,0,0,0,0,0,0,0.0905439273870921,0,0,0,0.03531633804878584,0.01971744650190624,0,0,0,0,0,0,0,0,0,0,0.03576228456689677,0,0,0,0.01971744650190624,0,0,4,0.01810878547741842,0,0,0,0,0,0.03656540446236817,0.02026445828329228,0,0,0,0,0,0,0,0,0,0,0,0,closed
1,0,0.0805,0.1928,91,1131,166,11,18,0,14,0.00888389547678451,0,0,0,0,0,0,0,0,0,0,0,0,0,0,0,0,0.01542460598379309,0,0,0,0,0,0,0,0,0,0,0,0.01710054263414893,0.01909479029658289,0.01726207494651378,0,0,0,0,0,0,0,0,0,0,0,0,0,0,0,0,4,0,0,0,0,0,0,0,0.01962452802171463,0,0,0,0,0.04386209606478684,0,0,0,0,0,0,0,closed
0,0,0.0417,0.0349,53,1271,172,8,3,0,3,0,0.00676375039096019,0,0,0,0.01150039186631325,0,0,0,0,0,1,0,0.02208788540025199,0,0.00981222639547166,0,0,0.00979884998765563,0,0,0,0,0,0,0.01500908345876121,0,0.01917686293577124,0.01351877033803619,0,0.01634238809167004,0,0,0.01572820303909599,0,0.016070191888098,0,0,0.01575405387178025,0,0,0,0,0,0,0,0,0,4,0,0,0,0,0,0,0,0,0,0,0,0,0,0,0.06753350313350938,0,0,0,0,0,fully_open
0,1,0.0412,0.0683,86,2086,322,12,11,0,11,0.01368600113991128,0.00405825023457611,0,0.01201835165639746,0.00419745291621079,0,0,0,0,0,0,0,0,0,0,0.00588733583728299,0,0.00792074361329915,0.00587930999259338,0.00919462219437616,0,0,0.04059064556950706,0,0,0.00900545007525672,0,0,0,0.00878135973104945,0,0,0.00940603370852009,0,0.00800327048968179,0.0096421151328588,0.00758066888135013,1,0,0,0.00885039522120884,0,0,0,0,0.00980543285500202,0,0.01040080355283135,3,0.00900545007525672,0.3333,0,0,0.01244640590807592,0,0,0,0.00916508438641898,0.01074472623326493,0,0,0,0,0,0.02287681649785327,0,0,0.02180979622443657,0.01086440799476338,fully_open
0,0,0.034,0.1105,40,1178,172,6,11,0,8,0.01004726274160153,0,0,0.02646898876706583,0.01848878070235705,0.01519694639477108,0,0,0,0,0.03509603036733089,0,0,0.01459378142516649,0,0.02593231261660368,0,0,0,0,0,0,0,0,0,0,0,0,0,0,0.02159529854970684,0,0,0,0,0,0,0,0,0,0,0,0,0.01829901489112469,0,0,0,0,4,0,0,0,0,0,0,0,0,0,0,0,0,0,0,0,0,0,0.02638580234229753,0,0,fully_open
0,0,0.0292,0.0706,68,2327,326,8,12,0,11,0.01767476587004249,0,0,0,0,0,0,0,0.01361378706679412,0,0,0,0.0092772609525229,0.00641820753776956,0.01406528661423501,0.00570239335024793,0,0,0.0056946196263339,0,0,0,0,0,0.00705274161239062,0,0,0.01114466903597176,0,0.00850550549866046,0,0,0,0,0,0,0,1,0.0091554972762702,0,0,0,0,0,0,0,0.01002056074975006,0,3,0,0.3333,0.00957833160425165,0,0,0.01029378458833943,0,0,0,0.01040719556625137,0,0,0.01090811289569306,0.0106817844425474,0,0,0.00951349359797039,0,0,0,fully_open
1,0,0.0935,0.1846,124,1326,195,16,22,0,14,0.00703308391912107,0.01876940733491454,0,0,0,0,0,0,0,0,0,0,0,0.03064694099284964,0,0.00907630941581128,0.02051669127856425,0,0.00906393623858146,0,0,0,0,0,0,0,0,0,0,0.0270758591707358,0.01511670898479478,0,0,0.02909717562232758,0,0,0,1,0.01457249983139673,0,0,0.05483550300257504,0,0,0,0,0,0,4,0.01388340219935412,0,0.01524551113676722,0,0,0,0,0.01553608468385741,0,0,0,0,0,0,0,0,0,0,0,0,closed
0,0,0.0856,0.1793,111,1296,184,13,19,0,14,0.00774284468160118,0.00688785590272093,0.04081115398625874,0,0,0,0,0.02566993241627557,0,0,0,1,0,0,0,0,0.01129359152948491,0,0,0,0,0,0,0.01230569720621247,0,0,0.02409254861248253,0,0,0,0,0,0.01596436913831391,0,0,0,0,1,0,0.03715510745680305,0,0,0,0,0,0,0,0,4,0,0,0.01678404895790886,0,0,0,0,0.0342078928818879,0,0,0,0.01622954112163821,0,0.01871762228006013,0,0,0,0.02033401281424764,0,0,partially_open
0,0,0.0664,0.132,111,1671,250,14,17,0,16,0.01861698684473226,0.02208165568813475,0,0,0.02283908204408812,0.0093863492438292,0,0,0,0.00996173304456264,0.0325154398991448,1,0,0.02704141852310263,0,0.04004254154034391,0,0,0.00799759079874834,0,0,0,0,0,0,0,0,0,0,0,0,0,0.01279497232408982,0,0.01088680176905244,0,0,0,0,0,0,0,0,0,0,0,0,0,4,0,0,0,0.01298596854764321,0,0.014456712179212,0,0,0,0,0,0,0,0,0,0,0,0.01629711321141906,0,0,partially_open
0,0,0.1142,0.1582,145,1270,177,18,15,0,13,0.01548568936320236,0.00688785590272093,0,0,0,0,0,0,0.03578302747372949,0,0,0,0,0,0.03696976710989294,0,0,0,0,0,0,0.01153231215977753,0,0.01230569720621247,0,0,0,0,0.01376682116992677,0,0.01664224842362729,0.01504492770567714,0,0.01601679392054729,0,0,0,0,0.03208623816087354,0,0.0300426259802502,0.06036936110375235,0,0.02820398625421054,0,0,0,0,4,0,0,0,0,0,0.03607546525454739,0,0,0,0,0,0,0,0,0,0,0.01667043373589307,0,0,0,fully_open
0,0,0.0438,0.1518,81,1850,257,9,22,0,17,0.01172180653186845,0,0,0,0,0.0177297707938996,0,0,0,0,0,1,0,0,0,0,0,0,0,0,0,0.01745863924188543,0,0,0,0,0,0,0,0,0.01259725748732899,0,0.01208414052830706,0,0,0,0,1,0,0,0,0.01142406312553646,0,0,0,0,0.0265823208778092,0,4,0.0115695018327951,0,0,0,0,0.02730712300517823,0,0,0,0,0,0.0122848609879067,0,0,0,0,0,0,0,0,fully_open
1,0,0.0375,0.1086,59,1575,221,8,13,0,11,0,0,0,0.00842195097133913,0,0.00967078406939978,0,0.0070657137206415,0,0.02052720748576544,0,0,0,0,0,0,0,0,0,0,0,0.01904578826387502,0,0,0,0,0,0,0,0,0,0,0.01318269875815315,0,0,0,0,0,0.02649545423890315,0,0,0,0,0,0,0,0,0,2,0,0.6667,0,0,0,0,0,0,0,0,0,0,0,0,0.05678953672590561,0,0,0,0,0,fully_open
0,1,0.0886,0.1889,53,598,90,8,9,0,8,0.01361242048862143,0.03632788516435072,0,0.01793060529381879,0,0,0,0,0,0,0,0,0,0.01977221999538686,0,0,0,0,0,0.02743556622515468,0,0,0.1816758733151324,0,0,0.02687110103100798,0,0,0,0.05240488871755318,0,0,0,0,0,0.0575416548251251,0,0,0,0.03266053800638333,0,0,0,0,0,0,0,0,4,0.02687110103100798,0,0,0,0,0,0,0,0,0,0,0,0,0,0,0,0,0,0.03253880888323198,0,fully_open
0,0,0.0496,0.1314,108,2177,312,14,23,0,18,0.00502363137080076,0.00446890650831298,0.01765244358929445,0.01323449438353291,0,0.01519694639477108,0,0.00555163220907547,0,0.0241927802510807,0,0,0,0.00729689071258324,0,0,0,0,0,0,0,0,0,0.0239521606335207,0,0,0,0,0.00893204468763106,0,0,0.0097612923804691,0,0,0.00881312524161388,0.01061780535463617,0,0,0.01040892845099766,0.01205329378807003,0,0,0,0,0,0,0,0,4,0,0,0.03266895243592976,0,0.01370586364877408,0.01170305271650495,0,0,0,0,0,0,0.01240148549450818,0,0,0,0,0,0.01200836994500228,0,partially_open
1,0,0.073,0.1676,91,1246,173,15,16,0,13,0.00767245518449571,0.02730095612351206,0.01348004783182485,0,0,0,0,0.00847885646476981,0.01181924240798943,0,0,0,0,0,0.01221122610599494,0,0,0.01332125062236675,0.00988793044208886,0,0,0.03428241887497504,0,0.01219382723161054,0.02449224814484744,0,0,0,0,0,0,0,0,0.01587118670308777,0,0,0,1,0,0,0,0.01495513718252046,0.01790627888837015,0,0,0,0,0,4,0,0,0,0,0,0,0,0.03389691203750709,0,0,0,0.01608199983871423,0.01894045057343068,0,0,0,0,0,0,0,partially_open
0,0,0.0302,0.0401,90,2980,449,15,10,0,8,0,0.00336670983585911,0.00664935094843378,0.00997038141898444,0,0,0,0,0.0058301195734477,0.02430126805489721,0,0,0.02383798442060819,0.01649162744009846,0.00602347476080468,0,0,0,0.00487745447816042,0,0,0.00563687006912892,0,0,0,0,0,0,0,0,0,0.00735379874403053,0,0,0.00663948448695574,0,0,0,0,0,0,0,0.03533077448826398,0,0,0,0.01716526549957186,0,3,0,0.3333,0,0,0,0.0528998974808834,0,0,0,0,0,0,0,0,0,0,0,0,0,0,fully_open
0,0,0.0691,0.1306,102,1476,222,12,18,0.01640883310170287,11,0.01339635032213538,0,0,0,0.02465170760314274,0,0,0.02220652883630188,0,0.05376173389129045,0,0,0,0.02918756285033299,0,0,0,0,0,0,0,0,0,0,0,0,0,0,0,0,0,0,0.01381044631806521,0,0,0,0,1,0,0,0.03898388371246752,0,0,0,0,0,0.0151898976444624,0,3,0,0.3333,0.05807813766387512,0,0,0,0,0,0,0,0,0,0,0,0,0,0,0,0,0,fully_open
0,0,0.0501,0.125,57,1137,160,9,11,0,9,0.01671227861969364,0.0074334286474909,0,0,0.03075361542570282,0,0,0.01846879625989463,0,0.01341381875307445,0,0,0,0,0,0.03235120187813924,0,0,0,0,0,0.01244576262787872,0.13011110399136547,0,0.01333736285115455,0.09897078795579176,0,0,0.01485726245071305,0,0.01796044631856806,0,0.01722887362451699,0,0,0,0.08331230156731333,0,0,0,0,0,0.03900377579644984,0.01521898268172746,0,0,0,0,2,0,0.6667,0,0,0,0,0,0,0,0,0,0.01751504932929272,0,0.02020020622303519,0,0,0,0,0,0,partially_open
0,0,0.0688,0.2793,89,1293,179,12,30,0,20,0.00746876168402238,0.00664403799466001,0,0.02951409366947164,0.0068719361902566,0.01129684510761744,0,0,0,0,0,1,0,0,0,0,0.02178763675599743,0,0.01925083802884557,0,0,0,0,0,0.01192100573421778,0,0,0.01883744943248325,0,0.04312968717462341,0,0.02902472778617361,0,0.01544982776406774,0,0,0.01241082958451127,0,0.01547522105989033,0,0,0,0,0,0,0,0,0.03405572844732391,3,0.02948687192783176,0.3333,0,0.015629130287429,0,0,0.01488503190503483,0,0.01500478417245585,0,0,0,0,0,0,0.05617979272702905,0,0,0,0,partially_open
0,0,0.0725,0.2168,72,993,143,10,16,0,15,0,0,0.01629456331319488,0,0,0,0,0,0,0.01488786476989582,0,0,0.05841615962412776,0,0,0,0,0,0,0,0,0,0,0,0,0,0,0,0.01648992865408811,0,0,0,0,0,0,0,0,1,0,0,0,0,0,0,0,0,0,0,4,0,0,0,0,0,0,0,0,0,0,0,0,0,0,0,0,0,0,0,0,partially_open
1,0,0.0425,0.0798,71,1669,238,10,10,0,9,0,0.00507281279322014,0,0,0.00524681614526348,0,0,0,0,0,0,0,0,0.016565914050189,0,0,0,0,0.00734913749074172,0,0,0,0,0,0,0,0,0.01438264720182843,0,0.03293009899143544,0,0.04432154378158944,0,0.01179615227932199,0,0.0361579317482205,0.00947583610168766,0,0.01181554040383518,0,0,0,0,0,0,0.01225679106875253,0.01293193988650177,0.11700903996935276,4,0.01125681259407091,0,0,0.01193305217891538,0,0,0,0,0,0,0,0,0,0,0.012662531837533,0,0,0,0.01363112264027286,0,closed
0,0,0.0924,0.2378,91,985,143,14,19,0,15,0.02058463586084217,0.00915580845605587,0.01808299099391139,0,0,0,0,0,0,0,0,0,0,0,0,0,0,0,0,0,1,0,0,0,0,0,0,0,0,0,0,0,0,0,0,0,0.01710272857377773,0,0,0,0,0,0,0,0,0,0,0,4,0.02031717395027432,0,0,0,0,0.02397698605332723,0.02051230006425531,0,0,0,0.02535904319121751,0,0,0,0,0,0.02215947899039445,0,0,0,fully_open
1,0,0.0479,0.1184,86,1794,245,11,16,0,13,0,0.00455015935391867,0,0.0134751215541426,0,0,0,0,0,0.00821088299430617,0,0,0,0.01485912290562407,0,0,0,0,0,0,0,0,0,0,0,0,0,0,0,0,0,0.00993877042375035,0,0.01058079113539185,0,0.01081085636108411,0,0,0.01059818169556126,0,0,0,0,0,0,0,0,0.1166150701378061,4,0.04038807912539381,0,0,0,0,0,0,0,0,0.01204711729184249,0,0,0,0,0.04543162938072449,0.01282488197606925,0.01101258955886269,0,0,0,closed
0,0,0.0398,0.0785,80,2008,293,11,12,0,11,0.03811477736814001,0,0.00956648555806925,0.00717224211752751,0,0.00823576449781142,0,0,0.00838784945083121,0,0,1,0,0.00790888799815474,0.00866603143006092,0,0,0.01890758152852056,0,0,0,0.02432945855643389,0,0,0,0,0,0,0.00968118391949689,0,0.01170325856887338,0.01057998141883102,0,0,0,0,0,1,0,0,0,0.01061332316178871,0,0,0,0,0.02469583358970661,0,3,0,0.3333,0,0,0,0.01268459907337311,0,0,0,0,0.01341575188180539,0,0,0,0.01209067556099926,0,0,0,0,0,partially_open
1,0,0.0419,0.0997,95,2267,301,10,17,0,13,0,0.01687137737969846,0,0.01873647519466458,0,0,0,0,0.00730402620718448,0.00761121176438494,0,0,0,0.02066085909630313,0,0.00611886028032221,0.02074721589967172,0,0.01222103762505365,0.00955620846044713,0,0,0,0,0,0,0,0,0,0.02738008230748564,0,0,0,0,0,0.01002129943583639,0,0,0,0.0113761424516616,0,0,0,0,0,0,0,0.01080982391726854,4,0.00935959698832862,0,0,0,0,0,0.00944948654645469,0,0,0,0,0,0,0,0,0,0.01020829931018171,0,0,0,fully_open
1,0,0.0486,0.1042,77,1583,240,10,13,0,12,0,0.01120561631935196,0,0,0,0,0,0,0,0,0,0,0,0.00914834059488049,0,0,0,0,0.00811695782559533,0,0,0,0.02801966205357763,0,0,0.01243289749195891,0,0,0,0.01212351903167275,0,0.03671411462504796,0,0,0,0,0,0,0.013049999849012,0,0,0,0,0.01147102426010801,0,0,0,0.02871863667572836,4,0.03729869247587674,0,0,0.01317978897372744,0,0,0.01255230302439504,0.01391291165718574,0.01265328814542919,0,0,0,0.0310962621354832,0,0.01398548292503645,0,0,0,0,0,closed
0,0,0.5366,0.3913,88,164,23,12,5,0,4,0,0,0,0.11116975282167652,0,0,0,0,0.13001166648788384,0.06773978470302598,0,0,0,0,0.13432348716594436,0,0,0,0,0.1701005105959591,0,0,0,0,0,0,0,0,0,0,0,0,0,0,0,0,0,1,0,0,0,0,0,0,0,0,0,0,3,0,0.3333,0,0,0,0,0,0,0,0,0,0,0,0,0,0,0,0,0,0,partially_open
0,0,0.2028,0.5926,88,434,54,7,18,0.05743091585596005,14,0,0,0,0,0,0,0,0.05181523395137106,0,0,0,0,0,0,0,0,0,0,0,0,0,0,0,0,0,0,0,0,0,0,0,0,0,0,0,0,0,0,0,0,0,0,0,0,0,0.05038902994931596,0,0,3,0,0.3333,0,0,0,0,0,0,0,0,0,0,0,0,0,0,0,0,0,0,partially_open
0,0,0.0501,0.339,42,839,118,6,22,0,18,0.01259656821335117,0,0,0,0,0.01905288801732494,0,0,0,0,0,1,0,0,0,0,0,0.02187070997702005,0,0,0,0,0,0,0,0,0,0,0,0,0.02707470265933395,0,0,0,0,0,0,0,0,0,0,0,0.0587967366483796,0,0,0,0,0,4,0,0,0,0,0,0,0,0,0.02530657629085838,0,0,0,0,0,0,0,0,0,0.0301105395635878,0,partially_open
0,0,0.046,0.1179,60,1305,195,8,13,0,10,0,0,0,0,0,0,0,0.01013776316439868,0,0,0,0,0,0,0,0,0,0,0,0,0,0.01366328288495381,0,0,0.01464210486920227,0,0.01427221629761193,0,0,0,0,0,0,0,0.01609353304990361,0,0,0,0,0.02201036256951919,0,0.03576228456689677,0,0,0,0,0,0,4,0,0,0,0,0,0,0,0,0.01842978925529904,0,0,0,0,0,0,0,0,0,0,0,partially_open
0,0,0.0243,0.1547,34,1400,181,3,16,0,12,0,0,0,0.00950168827535696,0,0,0,0.00797157445405708,0,0.01157945037658563,0,0,0,0,0,0,0,0,0,0,0,0,0,0,0,0,0,0,0,0,0,0,0,0,0,0,0,0,0,0,0,0,0,0,0,0,0,0,4,0,0,0.01563642167873561,0,0,0,0,0,0,0,0,0,0,0,0,0,0,0,0,0,partially_open
0,0,0.0384,0.1667,57,1486,204,8,25,0,9,0,0.02909985633320084,0,0.02585343088876198,0,0.0098956860245021,0,0,0,0,0,0,0,0.0095029274396433,0,0.02532923557900824,0,0.01135920595705692,0,0,0,0,0,0.01039783717424154,0,0,0,0.01650102159589618,0,0,0,0.01271238077456441,0,0,0,0,0,1,0,0,0.01269242725522198,0.01275244255873838,0,0,0,0,0,0.07457940532068995,1,0,1,0.01418187082489974,0.02738126701518569,0,0,0,0,0,0,0,0.01371333319580283,0,0,0.01452755590662701,0,0,0,0,0,closed
0,0,0.0843,0.2329,88,1044,146,11,19,0,15,0.01795681000626657,0,0.01577452405851845,0.05913284724557261,0,0,0,0,0.01383102834977487,0,0,0,0,0,0.01428973267722812,0.01158677797763143,0.02619152078114585,0,0,0,1,0.02674514947693088,0.03994292250190854,0,0,0,0,0,0,0,0,0,0,0,0,0,0,1,0,0,0,0.01750069244763033,0,0,0,0,0,0,2,0,0.6667,0,0,0,0,0,0,0,0,0,0,0,0,0,0,0,0.02357880209311695,0,0.04276415912832395,partially_open
0,0,0.0481,0.0879,64,1330,182,9,9,0,7,0.0150708941124023,0.00670335976246947,0,0,0.00693329276338389,0.02279541959215663,0,0.0083274483136132,0.02321636901569353,0,0.01316101138774908,1,0,0,0.02398633699391863,0,0,0.01308337114696735,0,0,0,0.01122341094121206,0,0,0.01202744328541615,0,0,0,0,0,0,0,0,0,0.02643937572484164,0,0,1,0,0,0.01461895639217532,0,0,0,0,0,0,0,3,0,0.3333,0,0,0,0,0,0,0,0,0.0185664423364271,0,0,0,0,0,0,0,0,0,fully_open
0,1,0.0683,0.21,50,732,100,8,12,0,9,0,0,0,0,0.01232585380157137,0,0,0.01480435255753459,0.04127354491678851,0,0.02339735357822059,0,0.02812629907828373,0,0.04264237687807757,0,0,0.02325932648349751,0.01726464045444087,0,0,0,0,0.0212908094520184,0.04276424279259077,0,0.02084196665683012,0,0,0,0,0,0,0,0,0,0,0,0,0,0,0.02611214428694049,0.06252986278478466,0.04879737304299918,0,0,0,0,4,0,0,0,0,0,0,0,0,0,0,0.06601401719618526,0,0,0.03238445759565959,0,0,0.02884249646368801,0,0,0,fully_open
0,0,0.1187,0.2667,142,1196,150,19,22,0.01829657496296072,18,0.00746876168402238,0,0,0.00983803122315721,0,0,0,0,0,0.02397868485062866,0,0,0.06272413599758851,0.01084847468773438,0,0,0.04357527351199487,0,0,0,0,0,0,0,0,0,0,0,0,0.01437656239154113,0,0,0,0,0,0,0,1,0,0,0,0,0,0,0,0,0,0,4,0,0,0,0,0,0,0,0,0,0,0,0,0,0,0,0,0,0,0,0,partially_open
0,0,0.0316,0.0696,116,3673,474,12,18,0,15,0,0.00758359892319779,0,0,0,0,0,0.00942095162752201,0,0,0,0,0,0,0,0,0,0,0,0,0,0.00846479478394445,0,0.0045162323080039,0.00907120301661016,0,0,0,0.01010493944459271,0,0,0,0,0,0,0,0,0,0.00588787871975625,0,0.01653861733256198,0,0,0,0,0,0,0,4,0,0,0,0,0,0,0,0,0.0057088909477694,0.00669284293991249,0,0,0,0,0,0,0,0,0,0,closed
0,0,0.0526,0.1923,57,1083,156,9,18,0.02271992275620397,12,0,0,0,0.02443291270806077,0.00853328340108787,0,1,0.01024916715521625,0,0,0,0,0,0,0,0.0119687596692017,0,0,0,0.03738472760350749,0,0,0.0412597221448286,0,0,0.03661556624005483,0,0,0,0,0,0,0,0,0,0,0,1,0,0.04450446937133552,0,0,0,0,0,0,0,0,4,0.01830778312002741,0,0,0,0,0,0,0,0,0,0,0,0.02289505014370741,0,0.06178202347104017,0,0,0,0,0.02208698328605742,partially_open
0,0,0.0843,0.18,144,1708,250,20,26,0,19,0,0,0,0,0,0,0,0.04872178714830413,0.00970236317073759,0.0101104156273173,0,0,0,0,0.01002414083327942,0,0,0,0,0,0,0.00938076138369963,0,0.01000985817520268,0,0,0.00979883507000222,0,0,0,0,0,0,0,0.01104929134769501,0.01331187536999162,0,1,0,0,0,0,0,0,0,0,0,0,3,0,0.3333,0,0,0,0,0,0,0,0,0,0,0.0155481310677416,0,0,0,0,0,0.0301105395635878,0,fully_open
0,0,0.3367,0.9643,67,199,28,11,15,0,12,0,0,0,0,0,0,0,0,0,0,0,0,0,0,0,0.05186462523320736,0,0,0,0,0,0,0,0.06387242835605521,0,0,0,0,0,0,0,0,0,0,0.07050500193291104,0,0,0,0,0,0,0.0783364328608215,0,0,0,0,0,0,3,0,0.3333,0,0,0,0,0,0,0,0,0,0,0,0,0,0,0,0,0,0,closed
0,0,0.0438,0.0917,69,1575,218,7,10,0,10,0.01308480729138804,0.01163994253328033,0,0,0.00601960301937206,0,0,0,0.03023527127625205,0,0,0,0,0,0.01041267342371661,0,0.00954264710630895,0.01135920595705692,0.00843156859402926,0,1,0.00974435678616861,0,0,0.01044243137958612,0,0.01017863487891703,0,0,0,0,0,0.01348927314787764,0,0,0,0.01087150188410677,0,0.01355581379664812,0,0,0,0,0.01191563760352305,0,0,0,0,2,0,0.6667,0.01418187082489974,0,0,0.01524118493312273,0.03911647919230083,0,0.01314372567044583,0,0.0161197018734871,0.01371333319580283,0,0,0,0,0,0,0,0,fully_open
0,0,0.0307,0.1348,58,1888,282,8,21,0.01520230125598942,17,0.02482264912630967,0,0.03270893959192796,0,0.02283908204408812,0,0,0,0.00955968135940322,0,0.0216769599327632,0,0,0,0.0098767269974959,0.03203403323227513,0.0090514814464254,0.01077454094456135,0.01599518159749669,0,0,0.00924280901040993,0,0.00986265437850852,0.00990495329387212,0,0.00965473455426689,0,0,0,0.01333827263364246,0,0,0.01283698924514452,0,0,0.02062387857426138,0,0,0,0,0,0,0.02260466545374227,0,0,0,0,3,0,0.3333,0,0,0,0,0,0,0.01246721037858464,0,0,0.01300749986954827,0,0,0.0275596281169836,0,0.04008258699733114,0.01629711321141906,0,0,fully_open
0,0,0.0225,0.1447,28,1247,159,4,13,0,10,0,0.00708279522072246,0,0,0,0,0,0,0,0,0,0,0,0,0,0,0,0.01382393932509758,0.01026105989273372,0,0,0.01185869835297878,0,0,0,0,0,0,0,0,0,0,0,0,0,0,0,1,0,0,0,0,0,0,0,0,0,0,4,0,0,0,0,0.04344500175460464,0,0,0,0,0,0,0,0,0,0,0.01996325967973044,0,0,0,0,fully_open
1,0,0.0308,0.1267,45,1461,221,6,15,0,13,0,0,0,0,0,0.01150039186631325,0,0.01680494074098521,0.0234255254933124,0.01220536661315783,0,0,0,0,0.02420243011998997,0,0,0.01320123935549859,0.00979884998765563,0,0,0,0,0.01208397293222666,0.01213579863032981,0.01500908345876121,0,0,0,0,0,0,0,0.01572820303909599,0,0,0.01263444813558355,0,0,0,0,0.01482040621691217,0,0,0,0.01634238809167004,0,0,4,0,0,0,0,0,0,0,0,0.04582542193209492,0,0,0.03187423391456875,0,0.01838036782456355,0,0,0,0,0,0,partially_open
1,0,0.08,0.1026,113,1413,195,15,10,0,10,0.01259656821335117,0.01680842447902794,0.03319713272016569,0.00829625021057287,0,0,0,0.02784102122760236,0,0,0,0,0,0,0,0,0,0.02187070997702005,0.00811695782559533,0,0,0.02814228415109891,0.02801966205357763,0.01000985817520268,0,0.09946317993567132,0.00979883507000222,0,0,0,0,0.01223803820834932,0,0,0.01104929134769501,0,0.01046584882872966,0,0,0,0,0,0.0587967366483796,0.01147102426010801,0,0.02707470265933395,0,0,2,0.01243289749195891,0.6667,0,0,0,0,0.06276151512197521,0,0,0,0,0.03960492497593803,0,0,0,0,0,0,0,0,partially_open
0,0,0.088,0.1034,123,1398,203,14,11,0,10,0,0.01305697901559272,0,0.00966693502797187,0.00675242425651301,0,0,0,0,0,0.02563536131178952,0,0,0.01065980556273031,0,0.01894186312864964,0,0,0,0.0295826974949494,0,0,0,0,0,0,0,0.01850984161626615,0,0,0.01577395720152499,0,0,0,0.01287482643992288,0,0,0,0,0,0,0,0,0,0,0,0,0,4,0,0,0.04772507834118434,0,0.04004495813902688,0,0,0,0,0.01728499437525228,0.01808210036243335,0,0,0.0177410506828396,0,0,0,0,0,0.01747752590461935,partially_open
0,0,0.0706,0.087,114,1614,230,14,10,0,10,0.02500652060131937,0.01668391763103515,0.01098374267778321,0,0.01150413021479994,0,0,0.02072609358054842,0.00963049381391732,0,0.01091876500316961,0,0,0,0.0298496638146543,0,0,0,0.00805683221207241,0,0,0.0093112742623389,0,0.02980713323282576,0,0.01234080195498144,0,0,0,0,0,0,0,0,0,0,0.01038832402259092,0,0,0.01499965449182049,0,0,0.01459030131644975,0.01138605371003314,0,0,0,0.02850590603368593,3,0.03702240586494432,0.3333,0,0,0,0.04369139680828517,0.01245932300199211,0,0,0,0.06161308271643958,0.01310385172043381,0,0.01511274687797448,0,0.03134971149705819,0,0,0,0,partially_open
0,0,0.09,0.1148,79,878,122,10,7,0,7,0,0,0,0,0.01109326842141423,0.0182363356737253,0,0.01332391730178113,0.01857309521255483,0,0,0,0,0,0.0191890695951349,0,0,0.02093339383514776,0,0,0,0,0,0,0.01924390925666585,0,0,0,0,0,0,0,0,0,0,0,0,0,0,0,0,0,0,0,0.18267695304448828,0,0,0,3,0,0.3333,0.0261351619487438,0,0,0,0,0.05326657605893972,0,0,0,0.02527171403226522,0,0,0,0,0,0,0,0,closed
0,0,0.0603,0.1448,99,1642,221,12,19,0.01416104774530521,13,0,0.00514230337942864,0,0,0,0,1,0,0,0.00927942256205835,0,0,0,0.01679284437964364,0,0.0074599803417627,0.01686303392758706,0,0,0,0,0,0,0,0,0,0,0,0,0.01112706541263115,0,0.01123217205423841,0,0,0.01014113041500775,0,0,0,0.01197739712169594,0.0277390870739146,0,0,0,0,0,0,0.0131090897479607,0,2,0,0.6667,0,0,0,0,0,0,0,0,0,0,0,0,0,0,0.01244573477542702,0,0,0,partially_open
0,0,0.0395,0.1535,57,1443,215,8,20,0,13,0,0,0,0,0,0,0,0,0,0,0,0,0,0,0,0,0.01089381837799871,0.02593517820283794,0,0,0,0,0,0.0118700973051076,0.01192100573421778,0,0.0116198575166398,0,0.01327950006656653,0,0,0.0145123638930868,0.0307985174526764,0,0,0,0,1,0,0,0,0,0,0.01360280752968561,0,0,0,0,3,0,0.3333,0,0,0,0,0,0,0,0,0.01840213753698969,0,0.01843760675289712,0,0,0,0,0,0,0,fully_open
0,0,0.0663,0.142,84,1267,169,11,15,0.01767105103260309,9,0.01442683880845348,0,0,0,0.07964397841015346,0.01091062818086129,1,0.03188629781622835,0,0,0.03779572501097173,0,0,0,0,0.00930903529826798,0,0,0,0,0,0.04297511198002569,0,0.01146428201262529,0.03454034994786178,0,0.01122259743060083,0,0,0,0,0,0.01487278834253176,0,0,0,0.02397305543674828,1,0,0.01730729364440826,0,0,0.01683496305744202,0.02627550856161495,0,0,0,0,2,0,0.6667,0,0,0,0,0,0,0.01449180009818386,0,0,0,0,0,0.03203512328128009,0,0,0,0,0,partially_open
0,0,0.0807,0.1579,99,1227,171,12,14,0,13,0,0,0,0,0,0,0,0.01943071273176415,0,0,0,1,0,0,0,0,0,0,0.0453196811929073,0,0,0,0,0.01397209370288707,0,0.01735425274919265,0.02735508123708954,0,0,0,0,0,0,0,0,0,0,0,0,0,0,0,0,0,0,0.01889588623099348,0,0,4,0,0,0,0,0,0,0,0,0.01766188136966158,0,0,0.01842729148186005,0.04340519923077864,0.02125230029715161,0,0,0.07571155321718104,0,0,0,fully_open
0,0,0.0831,0.299,58,698,97,8,15,0,14,0,0,0,0,0,0.02200937064070295,0,0.01608058984697722,0,0.0233585464493193,0,1,0,0,0,0,0,0,0,0,0,0,0,0.0925048962398041,0.02322540772356223,0,0.04527737584069993,0,0,0,0.03127594962371335,0.02827408827446222,0,0,0,0,0,0,0,0,0,0,0,0,0,0,0,0,3,0.0287242804124568,0.3333,0,0,0,0.03389849752366953,0,0,0,0,0,0,0,0,0,0,0,0,0,0,fully_open
0,0,0.0665,0.1609,105,1578,230,13,19,0,18,0,0.01112261175402343,0.01098374267778321,0.04117398252654685,0.01150413021479994,0,0,0.02763479144073123,0.00963049381391732,0,0,1,0,0,0.0099498879382181,0,0.027355588371419,0,0.00805683221207241,0.03780011346576868,0,0,0.02781210900132891,0,0,0,0,0,0,0.04813486074797477,0,0,0,0,0,0,0.01038832402259092,1,0,0,0,0,0,0.01138605371003314,0,0,0,0.01425295301684296,4,0.02468160390996288,0,0,0,0,0.01456379893609505,0.02491864600398423,0,0,0,0,0,0,0,0,0,0,0,0,0.0148882628076387,fully_open
0,0,0.0971,0.1908,103,1061,152,12,16,0.02153659344598502,13,0,0,0,0,0,0,0,0,0,0,0,0,0,0.01276955874702068,0,0,0.01282293204910265,0,0,0,1,0,0,0,0,0,0,0,0,0,0,0,0,0.01818573476395474,0,0,0,0,0,0,0,0,0,0,0,0,0,0,4,0,0,0,0,0,0,0,0,0,0,0,0,0,0,0.01952140324953005,0,0,0,0,0,fully_open
0,0,0.0674,0.1837,74,1098,147,9,15,0,12,0,0.01597396368928897,0.01577452405851845,0,0.00826094456913825,0,0,0,0.09681719844842412,0.01441272014957999,0.01568120505774359,0,0.01885060470140293,0,0.10002812874059686,0.01158677797763143,0,0,0,0,1,0.01337257473846544,0,0,0,0,0.02793710424213399,0,0,0,0.01929792636356781,0,0,0,0.01575111745309715,0.01897650318700934,0,1,0,0,0,0.01750069244763033,0,0,0,0.03859585272713563,0,0,4,0.03544698433877648,0,0,0,0,0,0,0,0,0.02114653567185119,0,0,0,0,0,0,0.01933060933204622,0,0,0,fully_open
1,0,0.0639,0.1316,100,1564,228,12,16,0,14,0.00586090326593422,0.01042744851939696,0,0.0231603651711826,0,0,0,0,0,0,0,0,0,0.00851303916468045,0,0,0,0,0.02265984059645365,0,0,0.00872931962094271,0,0,0,0,0,0.01478216517965699,0,0.03384482396341976,0,0,0,0,0,0.01238743958040887,0.06817337639825292,0,0,0.0140621760860817,0,0,0,0,0,0,0,0.06681071726645142,4,0,0,0,0,0,0,0.02336123062873521,0,0,0,0.02888113252333105,0,0,0,0,0,0,0,0,0,closed
0,0,0.0543,0.22,59,1086,150,8,19,0,14,0,0.00750776293396581,0.01482805261500734,0,0,0,0,0,0,0,0,0,0,0,0,0,0,0.01465337568460343,0,0,0,0,0,0,0,0,0,0,0,0,0,0,0,0,0,0,0,1,0.01748699979767608,0,0,0,0,0,0,0.01814005078175374,0,0,2,0,0.6667,0,0,0,0,0,0,0,0,0,0,0,0,0.01874054711954885,0,0.01817077277212345,0,0,0,fully_open
0,0,0.07,0.0952,111,1586,231,16,11,0.01654010376651649,11,0.00675176056235623,0,0.01186244209200587,0.01778716045146824,0,0,1,0.00746139368899743,0.02080186663806141,0.03251509665745247,0,0,0,0,0.02149175794655109,0.00871325703917883,0.00984801181371084,0,0,0,0,0.01005617620332601,0,0,0,0,0.01050435119504238,0,0.01200466806017614,0,0,0.01311917695935047,0,0.01396664429871724,0.01184484032472905,0,0,0,0,0,0.01309858492738908,0,0,0,0,0,0,0,3,0,0.3333,0,0,0,0.03145780570196532,0,0,0,0,0,0.01415215985806852,0,0,0,0,0,0,0.01613924920608306,0,partially_open
0,0,0.0393,0.1448,63,1605,221,8,18,0,14,0,0,0,0.01710303889564254,0,0,0,0,0,0,0,0,0.01363043724562981,0.00942982799779989,0,0.00837813176844119,0,0,0,0,1,0,0,0,0,0,0,0,0,0,0,0,0,0,0.02277853908601741,0,0,1,0.02690307661180935,0,0,0.01265434684674808,0,0,0,0,0,0,3,0,0.3333,0.01407277951086205,0,0,0,0.01293852773283797,0,0,0,0,0,0.03205307020119039,0,0,0,0,0,0,0,partially_open
0,0,0.0678,0.2222,82,1210,180,10,24,0,16,0.00861193949280131,0,0,0,0.01584752631630604,0,0,0.00951708378698652,0,0,0.03008231174342647,1,0,0,0,0.07779693784981104,0.01256123955830464,0.01495242416796268,0.0110986974349977,0.01735719495877133,0,0,0,0.0136869489334404,0,0.01700008432573974,0.06699203568266826,0,0.01531207660736753,0,0,0,0,0.0178145973197924,0,0,0,1,0,0,0,0,0,0,0,0,0.03905973680004616,0,4,0,0,0,0,0.02349576625504128,0,0,0.01902377716390704,0.01730143481109706,0,0,0.01805122430876087,0,0,0,0,0,0.06784920602305082,0.02058577704857533,0,partially_open
0,0,0.0382,0.1279,72,1885,258,9,18,0,15,0.00541006455317005,0,0.00950516193269701,0.00712626620651772,0,0,0,0,0,0,0,0,0.01135869770469151,0,0,0,0,0,0,0,0,0,0.01203408562557501,0,0.02590526246089633,0,0,0,0,0,0,0,0,0,0,0,0,1,0,0,0,0,0,0,0,0,0,0,2,0,0.6667,0,0,0,0,0,0,0,0,0,0,0,0,0,0,0,0,0,0,partially_open
0,0,0.0853,0.1865,121,1419,193,11,18,0.01627962969145324,18,0,0.01773487307236019,0,0,0,0,0,0,0.02047427818706831,0,0,0,0.04185724823461123,0,0.02115330506550304,0,0,0,0,0,0,0,0,0,0,0.02623635061295267,0,0,0,0.0127917444901114,0,0,0,0,0,0,0,1,0,0.01594451461728949,0,0,0,0,0,0,0,0,4,0.01311817530647633,0,0,0,0,0,0.01324416224621209,0,0,0,0,0,0,0,0,0,0,0,0,0,closed
0,0,0.0414,0.1618,40,966,136,5,12,0,10,0.01156123383965108,0.01028460675885728,0,0,0,0,0,0.01277635905650245,0,0,0,0,0,0,0,0.0149199606835254,0,0.02007311737616909,0,0,0,0.01721947980021577,0,0.01837426021201588,0,0,0,0,0,0.0222541308252623,0.02484938463253937,0,0,0.02391548681287198,0,0,0,0,0,0,0.02242908377977583,0.02253513822023632,0.02698206407836598,0.0631692020899099,0,0,0,0,3,0,0.3333,0,0,0,0,0,0.02553876934332726,0,0,0,0.02423315044189815,0,0,0,0,0.04978293910170808,0,0,0,closed
0,0,0.1127,0.1745,116,1029,149,15,15,0.0234944655774382,11,0,0,0,0,0,0,0,0,0,0.01539540561432408,0,0,0,0,0,0,0,0,0,0,1,0.01428434119790626,0,0,0,0,0,0,0,0,0,0,0,0.01983898337885972,0.03365011455888936,0,0,0,0,0,0.01860594449913222,0.01869392147815058,0,0,0,0,0,0,4,0.03786382418005669,0,0,0.02006922411908496,0,0.02234219154969128,0.03822746830156672,0,0,0,0,0,0,0,0,0,0,0,0,0,fully_open
0,0,0.0611,0.0362,123,2014,276,14,5,0,5,0.01553319147781341,0.00460598953004037,0.00909696479448303,0,0.00952796060734964,0,0,0,0.01595235171630476,0.00831163002491116,0,0,0.0108709008707477,0.00752072171603672,0.01648140946821403,0,0,0,0.00667283649466119,0.01043561414699135,0,0.0231353747009034,0,0.01645792632487312,0.03305702203599042,0,0.0161109680905558,0.01305909071086262,0.00920603378847863,0,0,0,0,0,0.04541733253347031,0,0,0,0,0,0,0,0,0.00943016718315628,0.12552036037412692,0.01112886551027837,0.01174188406872553,0,3,0,0.3333,0,0,0,0,0,0,0,0.01219493468192645,0,0,0,0.01251669219954941,0,0,0,0,0,0,fully_open
1,0,0.043,0.196,60,1394,199,7,25,0,14,0.00715228873130956,0,0,0,0,0.01081816523017602,0,0,0,0,0,0,0,0.01038879355689818,0,0.00923014516862164,0,0,0,0.01441529750813212,0,0,0.06363787652846446,0,0,0,0,0.01803925242263226,0,0,0,0,0,0,0,0,0,0,0,0,0.01387561962647149,0,0,0,0,0,0,0.0163063445531678,4,0.01411871410103809,0,0,0.02993375800812673,0.01951343299147496,0,0,0,0,0,0,0,0,0,0,0,0,0,0,0,partially_open
0,0,0.068,0.1829,84,1235,175,11,16,0.0234944655774382,16,0,0.00853154878859751,0,0,0.00882419078976132,0,1,0,0,0,0.01675037812986247,0,0,0.01393042772402256,0,0,0,0.01665156327795845,0,0,0,0,0,0,0,0.01893191209002834,0.01492095340204884,0,0,0,0,0,0,0,0,0.0202703556770327,0,0,0,0,0,0,0.02238284861046269,0.01746724148698266,0,0,0,0,4,0,0,0.02078933336831893,0,0,0,0,0,0,0,0,0,0,0,0,0,0,0,0,0,partially_open
1,0,0.068,0.2063,97,1426,189,12,21,0,18,0,0,0,0,0.01125404042752168,0.00925031519681718,0,0,0,0,0,0,0,0.00888317130227526,0,0,0.0089203005558975,0,0,0,0,0,0,0,0,0,0,0,0,0,0,0,0,0,0,0.01292602390999187,0.03048747267499509,0,0.01267173898382324,0,0,0,0,0,0,0.01314496433460416,0,0,4,0,0,0,0,0.01668539922459453,0,0,0,0,0.0144041619793769,0,0,0.01509746060200996,0,0.01358010660836873,0,0,0,0.01461888515043755,0,partially_open
0,0,0.0388,0.1116,68,1751,224,9,14,0,11,0.01722387898560263,0.01021464344757254,0.09078399560208578,0,0,0,0,0,0,0,0,0,0,0,0,0,0,0,0.0073991316233318,0,0,0,0,0,0,0,0,0,0.01020805107157835,0,0,0,0,0,0.010072143133273,0,0,0,0,0,0,0,0,0,0,0.02468034119966496,0,0,4,0.12466728505542478,0,0,0,0,0,0,0,0,0,0,0.02406829907834783,0,0,0,0,0,0,0,0,fully_open
0,0,0.0459,0.2254,60,1308,173,8,23,0.0181360786913558,16,0,0,0,0,0,0,1,0,0,0,0,0,0,0,0,0,0,0,0,0,0,0.01102650899487501,0,0.01176597364453648,0,0,0.03455378682579731,0,0,0,0.0159123252471524,0,0,0,0.02597552702791459,0,0,1,0.0153394735067334,0,0,0,0,0.02696696931323639,0,0,0,0,4,0,0,0,0,0,0.03449320800654092,0,0,0,0,0.05472214583367988,0,0,0.01789667393444346,0,0,0,0,0,0,partially_open
0,1,0.0335,0.1564,48,1433,211,7,19,0,14,0,0.03381875195480097,0.01335860595946607,0,0,0,0,0,0,0,0,0,0,0,0,0,0,0.01320123935549859,0.00979884998765563,0,0,0,0,0.01208397293222666,0,0,0.01182922431874142,0.01917686293577124,0,0,0,0,0.06270689139013393,0.01572820303909599,0,0,0,0,0,0,0,0.01482040621691217,0.01774496106054699,0,0,0.03268477618334008,0.0172425865153357,0,4,0,0,0.01648163366136996,0.01591073623855385,0,0,0,0,0.03055028128806328,0,0,0.01593711695728437,0,0,0,0,0.04911019668141473,0,0,0,fully_open
1,0,0.0225,0.0939,34,1509,213,4,11,0,9,0.02092487777589741,0.0124095255106873,0,0,0.00641759330164459,0,0,0,0,0,0.01218209318535452,0,0,0.03039366048877651,0,0,0.05086782961627501,0,0.00898902767462624,0,0,0,0,0,0,0,0,0,0,0.01342604586978635,0,0,0.02876225183597052,0,0,0.01474207685602378,0,0,0.01445206594849262,0,0,0,0,0,0,0,0,0,4,0,0,0,0,0,0,0,0,0,0,0,0,0,0,0,0,0,0,0,0,fully_open
1,0,0.0598,0.1158,86,1437,190,9,11,0,11,0.03871422340800592,0.00688785590272093,0,0,0,0,0,0,0,0,0,0,0,0,0,0,0,0,0,0.01560555143082193,0,0,0.06889238009503493,0,0,0,0,0.01952873198046429,0,0,0.01664224842362729,0,0,0.01601679392054729,0,0.01636505779430163,0,0,0,0,0,0,0,0,0,0.01664224842362729,0,0,4,0,0,0,0.03240535270604546,0,0,0,0,0,0,0,0,0,0,0,0,0,0,0,0,partially_open
0,0,0.0374,0.1341,73,1951,276,11,20,0.01333879336009394,17,0.00544496819544857,0.00968743604382686,0,0.04303345270516511,0.00500986315805804,0,0,0.00601725297499793,0,0,0.00950989209953482,0,0,0,0,0.02108046057865847,0,0.00945379076426028,0,0,0,0,0,0,0,0,0.01694250192748771,0,0,0,0,0.02115996283766205,0,0,0,0,0,1,0,0,0,0,0,0,0,0.01170325856887338,0,0,4,0,0,0,0,0,0,0,0,0,0,0,0.01141303214360364,0,0.01316271502275196,0,0,0,0.01429940255969673,0,0,partially_open
0,0,0.0413,0.0972,94,2278,319,12,19,0,12,0.01346760750469992,0.01198047276696672,0,0,0,0,0,0.02480516518948615,0,0.00720636007478999,0,1,0,0.0065206257431595,0,0,0,0,0,0,0,0,0,0,0,0.00886174608469412,0,0,0,0,0,0,0,0,0,0.00948825159350467,0,0,0,0,0,0,0.02095415614596507,0.00817615558965145,0,0,0,0,3,0,0.3333,0.00973117732134078,0,0,0,0,0,0,0,0,0,0,0,0,0,0,0,0.02146176756128067,0,partially_open
1,0,0.1151,0.1538,102,886,117,12,10,0,8,0.01016831409993408,0,0,0,0,0,0,0.01123703868824914,0,0,0,0,0,0.01476961011703597,0,0,0.01483134309293801,0,0,0,0,0,0.02261828141674339,0,0,0,0,0,0,0,0,0.05927338987658345,0.02096525585633996,0,0,0,0.01689667160300933,1,0.02106867445503142,0,0,0,0,0,0,0,0,0,3,0.02007238872195776,0.3333,0.02204170284833815,0.02127821352384912,0,0,0,0,0,0,0,0,0,0,0,0.10198098920729771,0,0,0,0,closed
0,0,0.0445,0.1268,65,1462,213,11,17,0.01627962969145324,10,0,0,0,0.01750704768845299,0,0.01005152359969111,1,0.00734389142617857,0,0,0,0,0,0.0096525798402676,0,0,0,0,0.00856434920180925,0.0401812229754234,0,0,0,0,0,0,0,0,0,0,0.014283504552562,0.05165030298956879,0,0,0,0.05618240313634262,0.01104270663818719,0,0,0,0,0,0,0,0,0,0,0.07575388414463782,3,0.02623635061295267,0.3333,0,0,0.09065295641708844,0,0.01324416224621209,0,0,0,0,0,0.01640511466990059,0,0,0,0,0,0.01588508780126285,0,fully_open
0,0,0.0496,0.1511,74,1493,225,9,22,0,12,0.01442683880845348,0,0,0.08551519447821271,0.01991099460253836,0.01091062818086129,0,0,0,0,0.01259857500365724,1,0,0,0,0.02792710589480396,0,0,0,0.0145385051791418,0,0.01074377799500642,0,0,0,0,0.01122259743060083,0,0,0.01388505598499272,0,0,0.08923673005519059,0,0,0.06098431793432062,0,0,0,0,0,0,0.03366992611488405,0,0,0,0.01635835130942104,0,3,0,0.3333,0.01563642167873561,0,0,0,0,0,0,0,0,0.0453594867245786,0,0,0,0,0,0,0,0,partially_open
1,0,0.0781,0.1041,118,1510,221,14,13,0,10,0.06542403645694023,0.00581997126664016,0.01149461443023825,0.00861781029625399,0.00601960301937206,0,0,0,0,0,0,0,0,0.0190058548792866,0,0.01688615705267216,0.02862794131892686,0,0.00843156859402926,0,0,0,0,0,0,0,0,0.01650102159589618,0,0,0,0,0,0,0,0,0.03261450565232033,0,0,0,0,0,0,0,0,0.02812410973915309,0,0,4,0,0,0,0,0,0,0,0.02890434359787426,0,0,0,0,0,0,0,0.01640391880660021,0,0,0,0,closed
0,0,0.0877,0.2148,91,1038,149,11,18,0,14,0.01875489045098953,0,0,0,0,0,0,0,0,0.01505328548956132,0,0,0.03937681870959723,0,0,0.0726104753264903,0,0,0,0,1,0.01396691139350835,0,0,0,0,0,0,0,0,0,0.01822107911020899,0,0,0,0,0,1,0,0,0,0,0,0,0,0,0,0,2,0,0.6667,0.02032734818235629,0,0,0,0,0,0,0,0,0,0,0.02266912031696171,0.02082283013283206,0.02351228362279363,0,0.04925349770562207,0.02241562389733759,0.02233239421145806,partially_open
0,0,0.0656,0.0746,98,1495,228,15,9,0,8,0,0.00591162435745339,0.02335126396064148,0,0.00611439991731493,0.01005152359969111,0,0,0,0,0,1,0,0.02895773952080281,0,0,0,0,0,0.0133937409918078,0,0,0,0,0,0,0,0,0,0,0.014283504552562,0,0,0,0,0,0.01104270663818719,0,0.027538582358545,0,0,0,0,0,0,0,0,0.01515077682892756,3,0.02623635061295267,0.3333,0,0,0,0,0.01324416224621209,0,0.01335071347627962,0,0,0,0,0.01606473093327995,0,0,0,0,0,0,partially_open
0,0,0.0476,0.2256,60,1261,195,9,24,0,20,0,0,0,0.01058759550682633,0.03697756140471411,0,0,0.02664783460356226,0,0,0.01403841214693235,0,0,0,0,0,0,0,0.02071756854532905,0,0,0,0,0.01277448567121104,0,0,0,0,0,0,0,0,0,0,0,0,0.06678208300237021,0,0.01665428552159626,0.01928527006091206,0.01559355348498701,0,0,0,0,0,0,0,4,0,0,0,0,0,0,0.01601912957398986,0.01775552535297991,0.08074002911845295,0,0,0,0,0,0,0,0,0,0,0,fully_open
0,0,0.0692,0.1795,97,1401,195,12,20,0,15,0.00715228873130956,0,0,0,0.01316150490676264,0,1,0,0.02203587567591251,0,0.02498361483776097,0,0,0,0.02276669273999056,0.00923014516862164,0,0,0,0,0,0,0,0,0,0,0.01112749067271439,0,0.01271680938577981,0,0,0,0.01474674776335776,0,0.01254750034399264,0,0,1,0,0,0,0,0,0,0,0,0,0,4,0,0,0,0.01496687900406336,0,0,0,0.03159881630615068,0,0,0,0,0.01765635222946927,0,0,0,0.0153989599763758,0.01878311353180502,0.01709666229457952,0.01703318202568835,partially_open
0,0,0.1196,0.1368,102,853,117,12,8,0,8,0,0,0,0.05929053483822748,0.0207074343866399,0,0,0,0,0,0.0196537770057053,0,0,0,0,0.02904419013059612,0.04924005906855421,0,0,0,1,0,0.05006179620239204,0,0,0,0,0,0,0,0,0,0,0,0,0,0,1,0,0,0,0,0,0,0,0,0,0.02565531543031734,4,0,0,0,0.04709577926611939,0,0,0,0,0,0,0,0,0,0,0.07496218847819541,0,0,0,0,0.02679887305374968,partially_open
0,0,0.0514,0.219,53,1031,137,6,15,0,15,0,0,0,0,0.03882643947494982,0,0,0,0,0,0.01842541594284872,0,0,0,0,0,0,0,0,0.02126256382449488,0,0,0,0,0,0,0,0,0,0,0,0,0,0,0,0,0,1,0,0,0,0,0,0,0,0,0,0,3,0,0.3333,0,0,0,0,0,0,0,0.02484717941442515,0,0,0,0,0,0,0,0.02770509245941242,0,0,closed
1,0,0.0905,0.208,90,995,125,11,14,0,12,0,0.0309598471503745,0,0.01146079925996665,0,0,0,0,0,0,0,0,0,0,0,0.03368527205868107,0,0,0.01121311699618325,0,0,0.0129589899527397,0,0,0,0,0,0,0,0,0,0,0,0,0,0,0.0144579767324719,0,0,0.02087580779789449,0,0,0,0.03169313919287576,0,0,0.01973120724950786,0.09918292047803096,3,0.01717534292703602,0.3333,0.03772085229715601,0.01820713115958223,0,0,0.01734029489967975,0,0,0,0,0,0.02147886147502448,0,0,0,0,0,0,0,closed
0,0,0.0188,0.0491,41,2186,326,7,10,0,6,0,0.00475174869238342,0,0,0.0245736958702214,0,0,0.00590300133623214,0,0.00857465629152227,0,1,0.01121491672108781,0.01551743847739222,0,0,0,0,0,0,0,0,0.01188175542778292,0,0.00852578258206714,0.01054435610077528,0.00831040442645758,0,0,0,0,0,0.01101339389921656,0,0,0,0,1,0,0.0128161604835175,0,0.01041180436757754,0,0,0,0.01148104479857832,0,0,3,0,0.3333,0,0,0,0,0,0,0,0,0,0,0,0,0.01186110577186636,0,0,0,0,0,partially_open
1,0,0.0823,0.3701,79,960,127,7,29,0,18,0.03125815075164922,0,0,0,0.03834710071599982,0,0,0,0,0,0,0,0,0,0,0,0,0.03618117452988502,0.02685610737357469,0,0,0,0,0.01655951846268098,0.0332610777275706,0,0,0,0.05557716694525993,0,0.0223951244219182,0,0.04296583298953621,0,0,0,0.03462774674196974,0,0,0,0,0,0.02431716886074959,0.01897675618338857,0,0.0223951244219182,0,0.02375492169473828,4,0,0,0,0,0,0,0,0.02301642175386284,0.02093260014182113,0,0,0,0,0,0,0,0,0,0,0,partially_open
1,0,0.0516,0.1369,93,1802,263,13,22,0,14,0,0.01001035057862109,0,0.01482263370955687,0.01035371719331995,0.00851028998107181,0,0,0,0,0,0,0,0,0,0,0.0164133530228514,0,0.0217534469725955,0,0,0,0,0,0,0.01110672175948329,0,0,0,0.03249103100488297,0,0.01093264746612539,0,0.01163887024893103,0,0.01189194199719252,0.00934949162033182,0,0.02331599973023477,0,0,0,0,0,0,0,0,0.02565531543031734,3,0.12217393935431628,0.3333,0.02439281781882755,0.01177394481652984,0,0,0,0,0,0,0,0,0.02777932750769833,0,0.01249369807969923,0,0,0,0,0.02679887305374968,closed
0,0,0.0861,0.1581,120,1394,215,22,19,0,15,0,0,0,0,0.00699575486035131,0,0,0,0,0,0,0,0,0.01104394270012599,0,0,0,0.01320123935549859,0,0,0,0,0,0,0,0,0.01182922431874142,0,0,0,0,0,0,0,0,0.016070191888098,0,1,0,0,0,0,0,0,0.11520168210012774,0,0,0,3,0,0.3333,0,0,0,0,0,0.03359153445158361,0,0,0,0,0,0,0,0,0,0,0,0,fully_open
1,0,0.0778,0.2483,81,1041,149,9,22,0,15,0,0.03194792737857794,0,0,0.00826094456913825,0,0,0,0,0,0,0,0,0,0,0,0,0,0.01157098243223165,0,0,0,0.01997146125095427,0,0,0.01772349216938824,0,0.02264501899862348,0,0,0,0,0,0.01857266529084739,0,0,0,0,0,0,0,0,0,0,0,0,0,0.02046966656674256,4,0,0,0.01946235464268156,0,0,0,0,0,0,0,0,0,0,0,0,0.02251176091544072,0,0,0,0,closed
0,0,0.0411,0.041,70,1705,244,12,6,0,4,0.01132845731938965,0,0,0,0.04690442352678501,0,0,0.01877867539177206,0,0,0,1,0,0,0.00901499913865398,0,0.00826175487727419,0.0098344803252372,0.00729981442033406,0,0,0.00843638943232047,0.02519889070590203,0.00900215433206147,0.01808152547606187,0,0.03524950065450464,0,0,0,0,0,0.02335726491377471,0,0.019873893162297072,0,0.08471015897616087,1,0,0,0.02197749148890786,0.06624423181519133,0,0,0,0,0,0,4,0,0,0,0,0,0.01319538829780424,0,0,0,0,0,0,0,0.04107827171529975,0,0,0.01219514951149224,0.01487521742787243,0,0,partially_open
0,0,0.0859,0.2283,82,955,127,11,16,0,13,0.01054962587868161,0,0,0,0,0,0,0,0,0,0,0,0,0.01532347049642482,0,0,0,0,0.01359590435787219,0,0,0,0,0,0,0,0,0,0,0,0,0,0,0,0,0,0,1,0,0,0,0,0,0,0,0,0,0,4,0,0,0,0,0,0,0,0,0,0,0,0,0,0,0,0,0,0,0,0,fully_open
0,0,0.1351,0.2329,144,1066,146,17,19,0,15,0.00948280977859021,0,0,0,0,0,0,0,0,0.01522242352876988,0,1,0,0,0,0,0,0,0,0,0,0,0,0,0,0,0,0,0,0,0,0,0,0,0,0,0,1,0,0,0.05519066682888661,0,0,0,0,0,0.02150479891238497,0,4,0,0,0,0,0,0,0,0,0,0,0,0,0,0,0,0,0,0,0,0,fully_open
0,0,0.8031,1.3478,102,127,23,16,17,0,14,0,0,0,0,0,0,0,0,0,0,0,0,0,0,0,0,0,0,0,0,0,0,0,0,0,0,0,0,0,0,0,0,0,0,0,0,0,0,0,0,0,0,0,0,0,0,0,0,4,0,0,0,0,0,0,0,0,0,0,0,0,0,0,0,0,0,0,0,0,partially_open
0,1,0.0838,0.2022,116,1385,183,13,21,0,16,0,0,0,0,0.0133884274051551,0,0,0.00804029492348861,0.02241580456687652,0,0.01270718340886118,0,0,0,0.02315922192516282,0,0,0,0.00937648576404978,0,0,0.02167279354165088,0,0,0,0,0.01131934396017498,0,0.02587212944003479,0,0,0,0.01500100203513979,0,0,0,0.01208985985387736,1,0,0,0.01411485444761755,0,0,0,0,0,0,0,2,0,0.6667,0,0,0,0,0,0.01607181174192146,0,0,0,0.0152501722608497,0,0,0,0,0,0.01910696031683615,0.01739143233414123,0,fully_open
1,0,0.0641,0.1111,98,1529,207,14,12,0,11,0,0.00577520225689678,0,0,0,0.00981956536277516,0,0,0,0,0,0,0,0.00942982799779989,0,0,0.01893848425713623,0.01127182744969495,0,0,0,0,0,0,0,0,0,0,0.01154295005786167,0.0499862015459738,0,0,0,0,0.0113892695430087,0.01372147153522214,0,1,0,0,0,0,0,0,0,0,0,0.01480114351749077,3,0,0.3333,0,0,0,0,0,0,0,0,0,0,0,0,0,0,0,0,0.01551850885200294,0,partially_open
0,1,0.0351,0.0799,68,1937,288,10,13,0,10,0,0.00478201460762154,0,0.03540437987951481,0.00989208649043307,0.00813085030038708,0,0.00594060007085783,0,0,0,0,0,0.01561627566514631,0,0,0.02352232121109277,0.0093333603086646,0.00692784935432977,0,0,0,0.08370204779062362,0,0.00858008692972362,0,0,0,0,0.02069492420693183,0.01155417247245461,0.01044520458547012,0,0,0,0,0.01786527061209903,0,0,0,0,0,0,0,0,0,0,0.03676717179504078,3,0.01061151760460187,0.3333,0,0,0,0,0,0,0.02159924345843964,0,0,0,0.01327037938265843,0,0,0,0,0,0.02569944141096029,0,fully_open
1,0,0.0544,0.1897,62,1140,174,9,20,0,13,0.01834717544118541,0.00816061188474545,0.01611744849457319,0.01208366878496483,0.04220265160320632,0.01387547279522577,0,0.01013776316439868,0,0.01472604015283173,0,0,0,0,0,0,0,0.01592758226587329,0,0.01848918593434338,0,0,0,0.01457957603779521,0,0,0,0,0,0,0.01971744650190624,0.03564993738953932,0,0,0,0,0.04573120901249264,1,0,0,0,0,0.04281936255914601,0,0,0.01971744650190624,0,0,4,0,0,0,0,0,0,0,0,0,0,0,0.01922847806802788,0.02264619090301494,0.0221763133535495,0,0,0,0,0,0.04369381476154838,fully_open
0,0,0.0686,0.1029,112,1633,243,15,14,0,11,0.00733887017647416,0.00652848950779636,0,0.02900080508391561,0.01350484851302602,0,0,0,0.02261072460658849,0,0,1,0,0,0.0233606064636425,0,0,0.01274206581269864,0,0,0,0,0,0,0.01171368389536182,0,0,0,0.01304855223932189,0,0.01577395720152499,0,0,0,0,0,0,0,0.01520608678058789,0,0,0,0,0,0.11119466707055808,0,0,0,4,0,0,0.01590835944706144,0,0,0,0,0,0.01474383140423923,0,0,0,0,0,0,0,0.01580067197575952,0,0,0,fully_open
0,0,0.0245,0.1902,28,1141,163,4,18,0,13,0,0.00834195881551757,0,0,0,0,0,0,0,0,0,0,0,0,0,0,0.027355588371419,0,0,0,1,0,0,0,0,0,0,0,0,0,0,0,0,0,0,0,0,0,0,0.02249948173773073,0.01819247906581818,0,0,0,0,0.02015561197972638,0,0,2,0,0.6667,0,0,0,0,0,0,0,0.04417276340342249,0,0,0.02314943958974861,0,0,0,0.040379495049163223,0,0,0,partially_open
0,0,0.0467,0.1429,71,1520,196,7,15,0.01722927475678801,13,0,0.00625646911163818,0,0,0,0,0,0,0.01083430554065698,0,0,0,0,0,0,0,0.02051669127856425,0,0,0,1,0.01047518354513126,0,0,0,0,0,0,0,0,0,0,0,0,0.01233837533825943,0,0,0,0,0,0,0,0,0,0,0,0,0,3,0,0.3333,0,0,0,0,0,0,0,0,0,0,0,0,0,0,0,0,0,0,partially_open
1,0,0.0468,0.1106,71,1517,199,9,12,0,10,0.01918113796123929,0,0,0,0,0,0,0,0,0,0,0,0,0,0.01017602175499578,0,0,0.01110104218530563,0,0,0,0.01904578826387502,0,0,0.0306153101810593,0.02524254945337113,0,0,0,0.01230720871397082,0,0.04969385211875179,0,0,0,0,0,0,0,0.03068111146054191,0.01240396299942148,0.03738784295630117,0,0,0,0,0,0.01457688376722576,4,0,0,0,0,0,0,0,0.01412371334896129,0,0,0.03150669002545206,0,0,0,0,0,0,0,0,0,fully_open
1,0,0.0303,0.1233,48,1586,219,4,17,0,10,0.01770566581037473,0.0157505516097185,0,0.00777410858892842,0.00543027125523773,0.00892687760252287,0,0,0,0,0.02061585000598458,0,0,0.00857257090709081,0,0.01523296685171125,0.00860840193506192,0,0,0,0,0.00879036381409616,0,0,0,0,0,0.02977107392826024,0.01049359096169243,0.01136050035135768,0,0.01146781202740425,0,0,0.01035388140273518,0,0.00980715904230611,0,0,0,0,0.02300790335772379,0,0,0,0,0,0.04036675504770212,4,0,0,0,0,0,0,0,0,0,0.01390051995212596,0,0,0,0,0.02621055541195643,0,0,0,0,0,closed
0,0,0.1047,0.1929,95,907,140,14,15,0,12,0.06028357644960921,0,0,0.05293797753413167,0.02773317105353558,0,0,0,0,0,0.03509603036733089,0,0,0,0,0.05186462523320736,0.0293095589693775,0.01744449486262313,0,0,1,0,0,0,0.01603659104722154,0,0.01563147499262259,0,0,0,0,0,0,0,0,0,0.01669552075059255,1,0,0,0.03898388371246752,0,0,0.01829901489112469,0,0,0,0,4,0,0,0,0.04204980291617802,0,0,0,0,0,0,0,0,0,0.02428834319674469,0.02231017514232006,0,0,0,0,0,partially_open
0,0,0.0502,0.0442,81,1612,226,10,5,0,5,0,0,0,0.00861781029625399,0.01203920603874412,0,0,0,0.01007842375875068,0,0,0,0.06868049774929749,0.0095029274396433,0.01041267342371661,0.00844307852633608,0,0,0.00843156859402926,0,0,0,0,0,0,0,0.01017863487891703,0,0,0,0,0,0,0,0.02295511690838964,0,0,0,0,0,0.01269242725522198,0,0.01526891998233113,0,0,0,0,0,3,0,0.3333,0,0,0,0,0,0,0,0,0,0,0,0,0,0,0,0,0.01563880737023552,0,partially_open
0,0,0.0514,0.1656,53,1032,151,8,16,0,9,0.07293568508718151,0.00926884312835286,0,0,0.01917355035799991,0,0,0.02302899286727602,0.01605082302319553,0,0.0363958833438987,0,0,0,0,0,0,0,0.04028416106036204,0,0,0.01551879043723149,0,0.01655951846268098,0.0166305388637853,0,0,0,0,0,0.0223951244219182,0,0,0.02155346342394636,0,0,0,1,0,0,0,0,0.04863433772149918,0,0,0,0,0,4,0,0,0,0,0,0,0,0,0.02093260014182113,0,0,0.02183975286738969,0,0,0,0,0,0,0,0.04962754269212902,partially_open
0,0,0.0176,0.0929,27,1530,226,4,13,0,8,0,0,0,0.00942116549336241,0.03948451472028795,0.01081816523017602,0,0.01580803747668947,0.01101793783795625,0,0.02498361483776097,0,0.04504975021860701,0,0.01138334636999528,0.00923014516862164,0,0.01241811498695206,0.02765268682957055,0,0,0.01065272902894704,0,0.01136712708031491,0,0,0,0,0.01271680938577981,0,0.01537292439131673,0,0,0,0.02509500068798528,0,0.01188494697499808,0,0,0,0,0.01394122957692585,0.03338458775797825,0.01302641738012266,0.04334707360377688,0,0,0,4,0,0,0,0.01496687900406336,0,0,0,0,0,0,0,0.01499169476490309,0,0.03458001404282296,0,0,0,0,0,0,partially_open
0,0,0.0703,0.0622,112,1594,241,17,8,0.01542920127473553,7,0.00629828410667558,0,0,0,0,0,0,0.00696025530690059,0.00970236317073759,0.06066249376390385,0,0,0,0,0.01002414083327942,0,0.01837315636886351,0,0,0,0,0,0,0,0,0.04973158996783566,0,0,0,0,0.01353735132966697,0,0,0,0.01104929134769501,0,0,0,0.013049999849012,0,0,0,0.0146991841620949,0,0,0,0,0,2,0,0.6667,0,0,0.05155041252971744,0,0,0,0,0,0,0,0,0,0,0,0,0,0,0,fully_open
1,0,0.0345,0.0565,73,2117,283,9,8,0,8,0,0.01251293822327636,0,0.00617609737898202,0.00431404883054997,0,0,0,0,0,0,0,0,0.01362086266348873,0,0,0.00683889709285475,0,0.01812787247716292,0,0,0,0,0,0,0,0,0.01182573214372559,0,0.03610114556098108,0,0.05466323733062697,0,0.00969905854077586,0,0.04954975832163549,0.00779124301694319,0,0,0,0,0,0,0,0,0,0.01063292835112368,0.0427588590505289,4,0.00925560146623608,0,0,0,0,0,0,0,0,0,0,0,0,0,0,0,0,0,0,0,closed
0,0,0.1091,0.1805,113,1036,133,12,12,0,12,0,0.0088326622752539,0,0,0,0.01501815879012672,0,0.0109726377779374,0.03059098035009031,0,0,0,0,0,0.03160552639198691,0,0,0,0,0,0,0,0,0.06312098802245455,0,0,0,0,0.01765392361790609,0,0,0,0,0,0,0,0,1,0.02057294093844244,0,0.03852524978643849,0,0,0,0,0,0,0,1,0,1,0,0,0,0,0,0,0,0.02338558062534132,0,0,0,0,0,0,0,0,0,0,partially_open
0,0,0.0426,0.163,40,940,135,7,12,0,10,0,0.02002070115724218,0,0,0.01035371719331995,0,0,0.01243565614832905,0,0,0.0196537770057053,0,0,0,0,0,0,0.01953783424613791,0.02900459596346067,0,0,0,0,0,0,0,0.01750725199173731,0,0.02000778010029358,0,0,0,0.02320154981434955,0,0,0,0,1,0,0,0,0,0,0,0,0.02418673437567166,0,0,2,0,0.6667,0,0,0,0,0,0,0,0,0,0,0,0,0,0,0,0,0,0,partially_open
0,0,0.043,0.0857,84,1952,280,10,13,0,11,0.00508415704996704,0.00904549751080219,0.00893256181626948,0,0.00935576854818067,0,1,0.00561851934412457,0.0156640562033595,0.00816141984373807,0.01775943705334816,0,0.01067443880681852,0.00738480505851798,0.0161835526705957,0,0.01483134309293801,0,0,0,0,0.00757242183985392,0.01130914070837169,0,0.00811490149377475,0,0.00790990300831504,0,0,0,0,0,0.0524131396408499,0.01051705142975696,0,0.02149146144070937,0.00844833580150466,1,0,0,0,0,0,0.01851948495005391,0,0,0,0.02318251394305784,3,0.02007238872195776,0.3333,0,0,0,0,0.04053032783780568,0,0,0,0.01252675627517973,0,0,0.01229048691883466,0,0,0.05473124328952846,0.0400555553630059,0,0,fully_open
1,0,0.0896,0.1429,116,1294,175,12,15,0,10,0.01480649246130752,0.01317151391923827,0,0,0.0068116560482368,0.01119774997509448,0,0.00818135272916385,0,0,0,0,0,0,0,0.03821603964552121,0,0,0,0.01492109742069816,0,0,0,0,0,0.01461410757826749,0.01151792894193243,0,0,0,0.0159123252471524,0.05754024982171259,0,0,0,0,0.01230196265833135,0,0,0,0,0.01443039552699343,0.03455597680211784,0.01348348465661819,0,0,0.01678883423861633,0,4,0,0,0,0,0,0,0.07377230724863754,0,0.02974632651732477,0,0,0,0,0,0,0,0,0,0,0,partially_open
1,0,0.0623,0.1566,89,1428,198,11,18,0,13,0,0.01182324871490679,0,0.00875352384422649,0,0.01005152359969111,0,0,0,0,0,0,0,0.01930515968053521,0,0.00857604039289255,0,0,0.00856434920180925,0.0267874819836156,0,0,0.07391013218857093,0,0,0.02623635061295267,0,0.01676088020370557,0,0.05116697796044562,0,0,0,0.01374669714440673,0,0,0,0,0,0.01594451461728949,0,0,0,0,0,0.014283504552562,0,0,4,0.039354525919429,0,0,0,0.1087835477005061,0,0,0,0.01335071347627962,0,0.04912066633889376,0,0.01640511466990059,0,0,0.01666224823662541,0.02861539019232039,0,0.01588508780126285,0,closed
0,0,0.0983,0.1534,107,1089,163,11,14,0.0444626445336465,11,0,0.01614572673971143,0.01594414259678209,0,0,0,0,0.01002875495832988,0.02795949816943738,0,0,0,0.03810659875122313,0,0.02888677143353642,0.05855683494071799,0.01323657501842855,0,0,0,0,0,0,0,0,0,0,0,0,0,0,0,0,0,0.01592048430743152,0,0,0,0,0,0.03521124980480938,0,0,0,0,0,0.02057986132475551,0,3,0,0.3333,0,0,0,0.02114099845562185,0,0.08018624352958668,0,0.02137391777584959,0,0,0.02240268347395026,0,0.02015112593499877,0,0,0,0,0,partially_open
0,0,0.0874,0.4167,68,778,108,9,25,0,20,0.01125293427059372,0,0,0,0.0621223031599197,0,0,0,0,0.01806394258747359,0,0,0,0,0.01790979828879258,0,0,0,0,0,0,0,0,0,0,0,0,0,0.02000778010029358,0,0,0,0,0,0,0,0,0,0,0,0,0,0,0,0,0.02418673437567166,0,0.02565531543031734,3,0,0.3333,0,0,0,0,0.02242678140358581,0,0,0,0,0,0,0.02720294438035406,0.02498739615939847,0,0,0,0,0.02679887305374968,closed
1,0,0.059,0.2128,64,1085,141,7,17,0,13,0,0,0,0,0,0,0,0.0121126520925283,0,0,0,0,0,0,0,0,0.03197406433023,0,0,0,0,0.01632496136903573,0,0.01741975318801505,0.01749446296060532,0,0.03410503634754021,0,0,0.02109807208109284,0.0235585075087711,0,0.02259891215683398,0,0,0,0,0,0,0,0,0,0.05116079682391472,0.01996256169940876,0,0,0,0,4,0,0,0,0,0,0,0,0.02421208002679078,0.02202000794139626,0,0,0.02297428548387747,0,0,0,0,0.04719681239512584,0,0,0,partially_open
0,0,0.1544,0.1895,103,667,95,11,9,0.03975986482335696,9,0,0,0,0,0,0,0,0,0.05000448711072455,0,0,0,0.03407609311407453,0,0.05166287967920937,0,0.02367310532142029,0,0,0,1,0,0,0,0,0,0,0,0,0,0,0,0,0,0,0,0,0,0,0,0.03148698299853146,0,0,0,0,0,0,0,4,0,0,0,0,0,0,0,0,0,0,0,0,0,0,0,0,0,0,0,0,fully_open
1,0,0.0588,0.1719,50,851,128,7,14,0,8,0.02377380479702898,0,0,0.01565771166502486,0.03281107561263365,0.01797948587550382,0,0.01313625649471379,0,0,0,0,0,0,0,0.01534024126615992,0,0.02063855730225836,0.04595798656182149,0,0,0.01770453556923593,0,0.01889184500672055,0.01897286828121985,0,0.05548072814282949,0,0.02113497897918335,0,0,0.02309714253406773,0,0,0,0,0,1,0,0,0,0,0,0,0,0,0,0,4,0,0,0,0,0,0,0,0,0,0,0,0.02491577439800796,0,0,0,0,0,0,0,0,partially_open
0,0,0.0501,0.0903,105,2094,288,14,14,0,12,0.00987099497420501,0.00878100927949218,0,0.01300231027154111,0,0,0,0,0.02280906429611997,0.01584556367322245,0,0,0.0103623207130519,0.0071688750860467,0.01571034937613384,0,0.04319303427066159,0,0.00636065700953084,0.0696317879632581,0,0,0,0,0,0,0,0,0,0,0,0.0095900416369521,0,0,0,0,0,1,0,0,0.00957498898200956,0,0,0,0,0,0,0,3,0,0.3333,0,0,0,0,0,0,0,0,0,0,0,0,0.04383753712175169,0,0,0,0,0.02350778338048217,fully_open
0,0,0.0626,0.3534,54,862,116,7,22,0,19,0,0,0,0,0,0,0,0,0,0,0,0,0,0,0,0,0,0,0,0,0,0,0,0,0,0,0,0,0.01807931936773515,0,0,0,0,0,0,0,0,1,0,0,0,0,0,0,0,0,0,0,4,0,0,0,0,0,0,0,0,0.04085640027680752,0,0,0,0,0,0,0,0,0,0,0,partially_open
0,0,0.0498,0.1075,112,2251,307,13,18,0.01099740941922639,15,0.00448920250156664,0.01198047276696672,0,0,0.02065236142284564,0,1,0.00496103303789723,0.01383102834977487,0.00720636007478999,0.03920301264435898,0,0.05655181410420878,0,0.00714486633861406,0,0,0.00779434876840608,0.0231419648644633,0,0,0,0,0.0071346861461551,0.00716528536152451,0.00886174608469412,0.02095282818160049,0,0,0,0.0096489631817839,0,0.00925593742593732,0,0,0,0.02237910228270916,0,0,0.01077102849146684,0,0,0,0,0,0,0,0,4,0.00886174608469412,0,0,0.00939410490680573,0,0,0.0178937085666908,0,0,0,0,0.00940968075669449,0,0,0,0,0.00966530466602311,0,0,0,partially_open
0,0,0.0817,0.1179,232,2839,407,32,28,0.00847341381481377,20,0.00345889373071528,0.00307695202211713,0.00607707074385546,0.00455613741072444,0,0,0,0.00764487058298917,0,0.00555244136910049,0,0,0,0.0050240886873524,0,0.00446375872908751,0,0,0,0.0209139972044212,0,0,0.02308177079003731,0,0,0.06145112448894448,0,0,0,0,0,0.01344177967146564,0,0,0,0.0146212401604826,0,1,0,0,0.00671034063903129,0,0,0,0,0,0.01568792707542838,0,2,0,0.6667,0,0.00723808082983392,0,0,0,0,0,0,0,0,0,0,0,0,0,0,0.0082680579949196,0.00823735852061977,fully_open
0,0,0.0358,0.08,66,1842,250,6,10,0,10,0,0.00497202843308994,0,0,0,0,0,0,0,0,0,0,0.01173481352272765,0,0,0,0,0,0,0.01126493447655358,0,0.0166492983498775,0,0,0.01784203507240542,0.01103316731074499,0,0,0.00993763912266237,0,0,0,0,0,0,0,0,1,0,0.01341028712844878,0,0.02178894159042717,0,0,0,0,0,0,4,0,0,0,0,0,0.01302061494286644,0,0,0,0,0,0,0,0,0,0,0,0,0,0,partially_open
1,0,0.0431,0.0994,96,2227,332,12,19,0,14,0.0130510835612556,0.00773996178759362,0.02292997827062991,0.00573039962998332,0.0480327086288039,0,0,0.0096151980528317409,0,0.00698348295907484,0.03799054833577055,0,0,0.00631895690574219,0,0.00561421200978017,0.00634536843666935,0,0,0.03507227022597094,0,0,0.07741514876658563,0,0,0,0,0,0.00773496653361865,0.01674795412622833,0,0,0,0,0,0.00919480051329318,0.0433739301974157,0,0,0.01043790389894724,0.00843980987589503,0,0,0.00792328479821894,0,0.0187010832801585,0.00986560362475393,0,4,0.00858767146351801,0,0,0,0,0,0.00867014744983987,0,0,0,0,0.00911865970236374,0,0,0,0,0.05619826630553644,0,0.01039900077711537,0,fully_open
0,0,0.0567,0.0813,99,1746,246,13,10,0,10,0.0063937126537464296,0,0,0,0.00588279385984088,0,0,0.01413142744128301,0.01969873734664906,0.01026360374288272,0,1,0,0,0.02035204350999157,0,0,0,0,0,0,0,0,0.01016152269300878,0,0,0,0.01612599837780763,0,0.01230720871397082,0,0,0,0,0,0,0,0,0.02649545423890315,0,0,0,0,0,0.07749931341281321,0.0137424627134498,0,0,2,0,0.6667,0,0,0,0.0297895887329217,0,0,0,0.07529448307401561,0,0.02680333306452372,0,0,0,0,0,0,0,0,fully_open
1,0,0.058,0.1057,92,1586,227,11,13,0,11,0.00602835764496092,0.01608806342992675,0,0,0.02218653684282846,0,0,0.01332391730178113,0,0,0.01052880911019926,0,0,0,0,0,0,0,0,0.01215003647113993,0,0,0.05363763878827719,0,0,0,0.01875776999114711,0,0,0,0.0129571791298241,0,0,0.03741065437156404,0,0,0.02003462490071106,1,0,0,0,0.02350092985824645,0.01406921912657654,0.02195881786934963,0,0,0,0,3,0.05950029514008909,0.3333,0,0,0,0,0.02402869436098479,0.01331664401473493,0.01211100436776794,0,0,0.01263585701613261,0,0,0.01338610508539203,0,0,0,0,0,closed
0,0,0.791,1.3333,106,134,15,17,11,0,9,0,0,0,0,0,0,0,0,0,0,0,0,0,0,0,0,0,0,0,0,0,0,0,0,0,0,0,0,0,0,0,0,0,0,0,0,0,1,0,0,0,0,0,0,0.14208207459015754,0,0,0,3,0,0.3333,0,0,0,0,0,0.1035738978923828,0,0,0,0,0,0,0,0,0,0,0,0,fully_open
1,0,0.0447,0.0403,96,2149,298,10,6,0,6,0,0.02132887197149379,0,0,0.01764838157952264,0,0,0.01589785587144339,0.05170918553495379,0,0.01675037812986247,0,0.02013587320377131,0,0.05342411421372787,0.01856517835052308,0,0,0.00617995652630554,0.00966480173840676,0,0.03571085299476566,0.03199972768618809,0,0,0,0.00746047670102442,0.01209449878335572,0.0255781279691253,0,0,0,0.0296610722058446,0.00991949168942986,0,0,0.01593663344374743,0,0,0,0.00930297224956611,0.00934696073907529,0.04476569722092538,0.00873362074349133,0,0.02061369407017471,0,0,4,0,0,0,0,0,0,0,0,0.00963375347436086,0,0,0.01005124989919639,0,0,0,0,0,0,0,0,fully_open
0,0,0.0367,0.04,49,1335,200,7,4,0.01914363861865335,4,0,0,0,0.03088048689491014,0,0,0,0,0,0,0,0,0,0,0,0.02016957647958064,0,0,0.01007104026509051,0,1,0,0,0,0,0,0,0,0,0,0,0,0,0,0,0,0,0,0.0647666659173188,0,0,0,0,0,0,0,0,0,1,0,1,0,0,0,0,0,0,0,0,0,0,0,0,0,0,0,0,0,0,partially_open
0,0,0.0383,0.0707,56,1461,198,9,7,0,7,0,0,0,0,0.02654799280338449,0,0,0.01594314890811417,0.01111210824682767,0,0,0,0.03028986054584402,0,0.01148063992871319,0.00930903529826798,0,0,0,0,0,0,0,0,0.03454034994786178,0,0,0,0,0,0,0,0,0,0.02530948787335268,0,0.01198652771837414,0,0.02989230734645484,0,0.01399421466601398,0,0,0,0.08743512282471234,0,0.01635835130942104,0,2,0,0.6667,0,0,0,0.03360876677560398,0,0,0,0,0,0,0,0,0.01601756164064004,0,0,0,0,0,partially_open
0,0,0.0936,0.2033,115,1228,182,17,23,0.02131456670942847,14,0.0087007223741704,0,0,0.03438239777989995,0,0,1,0.01923039610566349,0,0.05586786367259874,0,0,0,0.01263791381148439,0,0,0.01269073687333871,0,0,0,0,0,0,0,0,0,0,0,0,0,0,0,0,0,0,0.01838960102658637,0,0,0,0,0,0,0,0,0.10546298320094168,0,0.03946241449901572,0,3,0,0.3333,0,0,0,0.10134602352437282,0,0,0,0,0,0,0,0,0,0,0,0,0,0,partially_open
0,0,0.0404,0.1122,54,1338,196,8,12,0,10,0,0.00688785590272093,0,0,0,0,0,0,0,0,0,0,0,0,0,0,0,0,0.00997864540027316,0,0,0,0,0,0,0.01528447948552747,0,0,0.01376682116992677,0.01490414266279035,0,0,0.01596436913831391,0,0,0,0,0,0,0.03715510745680305,0,0,0,0,0,0,0,0.03530547994997799,4,0,0,0.01678404895790886,0,0,0,0,0.01710394644094395,0,0,0,0,0.01911421617502179,0,0,0,0,0,0,0.01843959155074519,closed
0,0,0.0745,0.2532,79,1060,154,8,23,0,16,0.02637406469670403,0.00782058638954772,0,0.04632073034236521,0.04044420778640606,0.0132973280954247,0,0,0,0,0.01535451328570726,0,0,0,0,0,0,0,0,0.01771880318707907,0,0,0,0,0,0,0,0,0,0,0,0,0,0,0,0,0,1,0.01821562478924591,0,0,0,0,0,0,0,0,0,4,0,0,0,0,0,0,0,0,0,0,0,0,0,0,0,0,0,0,0,0,partially_open
0,0,0.0582,0.1339,98,1683,254,13,20,0,14,0.00654240364569402,0,0.01149461443023825,0,0.04815682415497651,0,0,0.01446006528875471,0.02015684751750136,0.03150687660605859,0.01142661453820075,0,0,0.0095029274396433,0.02082534684743323,0,0.00954264710630895,0.01135920595705692,0.00843156859402926,0,0,0,0,0,0,0,0.01017863487891703,0,0,0,0,0,0.02697854629575529,0,0,0,0,0,0.01355581379664812,0,0,0,0,0,0.07930162302706467,0,0,0,4,0,0,0.01418187082489974,0,0,0,0,0,0,0,0,0,0.01615077180680135,0,0,0,0.01408587036598717,0,0,0,partially_open
0,0,0.1081,0.1854,115,1064,151,15,16,0.0234944655774382,12,0,0.00853154878859751,0,0,0,0,1,0.01059857058096226,0.1181924240798944,0,0,0,0.06040761961131393,0,0.01526403263249367,0,0,0,0,0,0,0.01428434119790626,0,0,0,0,0,0,0,0,0,0,0,0,0,0,0,0,0.01987159067917736,0,0,0,0,0,0,0,0,0,4,0,0,0,0,0,0,0,0.02118557002344193,0,0.02258834492220468,0,0,0,0,0,0,0,0,0,0,partially_open
0,0,0.0525,0.052,90,1713,250,11,7,0.0142587101435487,6,0,0.00517776754066608,0,0.0076668795049432,0.00535537096206204,0,0,0,0,0.00934341857972772,0,0,0,0.02536298564925488,0,0.02253428544615216,0,0.01010577633420926,0.00750118861123982,0,0,0,0,0,0.00929016308942489,0,0,0.01468021921290074,0,0,0,0,0,0,0,0.0246040179252259,0.00967188788310189,0,0,0,0,0,0,0.01060080862658258,0,0,0,0,4,0,0,0.01261697473387632,0.01217994291365156,0,0,0.02320011869336463,0,0,0.01370878864244146,0,0,0,0,0,0,0,0,0,0,partially_open
0,0,0.0686,0.1445,87,1268,173,11,14,0.01969059972204345,11,0,0,0,0,0,0,1,0.02664783460356226,0,0,0,0,0,0,0,0,0.011723823587751,0,0,0,0,0,0,0.01277448567121104,0.01282927283777723,0.03173349074138085,0,0,0,0,0,0,0,0,0.01410100038658221,0,0,0,0,0.03857054012182412,0,0,0,0,0,0,0,0,4,0,0,0,0,0,0,0,0,0.01614800582369059,0.05679355294725749,0,0,0,0,0,0.02015338596239455,0,0,0,0,partially_open
1,0,0.0441,0.0538,92,2086,279,12,8,0,7,0.00932563613585114,0,0.01638458852486999,0.00614197529401527,0,0,0,0.020611584776236,0,0,0,0,0,0,0,0.03008721353307609,0,0.02428736301315486,0.01201847899038425,0,0,0.01388974613719062,0,0.00741061323468043,0,0.00920446554653312,0.01450877236884307,0,0.00829051661614374,0,0.01002212750373135,0,0.01922780371354935,0.01929094516397409,0,0.00985520055015954,0.03099278990165247,1,0,0,0.00904598406587644,0,0.02176453787536703,0.00849236050195842,0,0,0.01057418289062023,0,2,0.05522679327919871,0.6667,0,0.00975741283137832,0,0,0.06505005655736215,0,0.00936762768777631,0,0,0.02932077318660606,0,0,0,0,0,0,0,0.01110450540901229,closed
0,0,0.0591,0.1515,86,1456,198,11,15,0,15,0.02201661052942249,0.00652848950779636,0,0.01933387005594374,0.01350484851302602,0,0,0,0.01130536230329424,0,0,0,0,0,0.01168030323182125,0,0.021408721334154,0,0,0,0,0.03279187892388916,0,0,0,0.01448702838193473,0.01141777303808954,0,0.01304855223932189,0,0,0,0.01513144553109753,0,0,0.01551122869199024,0.02438997813999607,1,0,0,0,0,0,0,0,0.01577395720152499,0,0.06692690981821915,3,0,0.3333,0,0,0,0,0,0,0,0,0,0,0,0.0177410506828396,0,0,0.03160134395151904,0,0,0.0349550518092387,partially_open
0,0,0.0772,0.2588,45,583,85,7,13,0,9,0,0,0,0,0,0,0,0,0.03171016255802045,0,0,1,0,0,0.03276182613803521,0,0,0,0,0,0,0,0,0,0,0.04063434790054865,0,0,0,0,0,0.0799949814594541,0,0,0,0,0,0,0,0,0,0.04012353878237199,0,0,0,0,0,0,3,0,0.3333,0,0,0,0,0,0,0,0,0.05071808638243502,0,0,0,0,0,0,0,0.04920502806732642,0,fully_open
0,0,0.0796,0.1263,113,1420,190,13,13,0,11,0,0,0,0.02039811978379385,0,0,0,0.01711328827751705,0.02385535164915299,0,0,1,0.03251296957673166,0,0.02464651140659529,0,0,0,0,0,0,0,0,0,0,0,0,0.01952873198046429,0,0,0,0.01504492770567714,0,0.01601679392054729,0,0,0,0,0,0,0,0,0,0,0,0,0,0,4,0,0,0.01678404895790886,0,0,0,0,0,0,0.0182364619555414,0,0,0,0,0,0,0,0,0,0,partially_open
0,0,0.0506,0.1212,67,1323,198,9,14,0,10,0.02388594538569422,0.00708279522072246,0.02797745776416479,0,0.03662871648580172,0.01204286318076199,0,0,0,0.01278109145340112,0.01390597429648959,0,0,0,0,0,0,0,0.01026105989273372,0,0,0,0,0.0126539716554449,0,0,0.02477441319585468,0,0.01415644818416998,0,0,0,0,0,0,0,0.05292165068112356,0,0,0,0,0,0,0.01450110614013655,0,0,0,0.01815234582333774,4,0,0,0,0,0,0,0,0,0.0159956661461086,0,0.0588521191041463,0,0,0,0.0353595228670733,0,0,0,0,0,fully_open
0,0,0.0363,0.1264,70,1931,277,9,19,0,16,0.00562646713529686,0,0,0,0.03106115157995985,0.00851028998107181,0,0,0,0,0.0196537770057053,1,0,0.01634503519618648,0,0.04356628519589418,0,0,0.01450229798173033,0.0113400340397306,0,0,0.03754634715179403,0,0,0.01110672175948329,0,0,0,0.04332137467317729,0.01209336718783583,0,0,0,0,0,0.03739796648132731,0,0,0,0,0,0,0,0,0,0,0,4,0.02221344351896659,0,0,0.03532183444958954,0,0,0.02242678140358581,0,0,0,0,0,0.01388966375384916,0,0,0,0,0,0,0.01339943652687484,fully_open
0,0,0.0797,0.2782,76,954,133,11,21,0,16,0,0,0,0,0.01008478947401294,0.01657848697611391,0,0.0121126520925283,0.03376926402282697,0,0.01914328929127139,1,0,0.01592048882745436,0.03488921744569984,0.01414489779087473,0,0,0,0,0,0,0,0.05225925956404517,0,0,0.0170525181737701,0,0,0,0,0,0,0,0,0,0,1,0,0,0,0.04272896337862991,0,0,0,0,0,0,2,0,0.6667,0.02375923813522164,0,0,0,0,0,0,0,0,0,0,0,0,0,0.02359840619756292,0,0,0,partially_open
1,0,0.0922,0.1931,96,1041,145,12,16,0,12,0,0.01668391763103515,0,0,0,0,0,0,0,0,0,0,0,0.01362086266348873,0,0,0,0,0,0,0,0,0,0,0,0,0,0,0.01667315008357798,0.01805057278049054,0,0.03644215822041798,0,0,0,0,0,0,0.01942999977519564,0,0,0,0,0,0,0,0,0,4,0.01851120293247216,0,0,0.01962324136088308,0,0,0,0,0,0,0,0,0,0,0,0.02351228362279363,0,0.02462674885281103,0,0,partially_open
0,0,0.066,0.0796,90,1363,201,11,8,0,8,0.01795681000626657,0,0,0,0,0,0,0,0,0,0,0,0,0.013041251486319,0,0.01158677797763143,0,0,0.0231419648644633,0,0,0,0.01997146125095427,0,0,0.01772349216938824,0,0,0,0,0,0,0.01851187485187464,0,0,0,0,0,0,0,0,0,0.02095415614596507,0,0,0,0.0203609266298113,0.04093933313348512,4,0.01772349216938824,0,0,0,0,0,0.05368112570007241,0,0,0.02114653567185119,0.02212171852850889,0,0,0,0.0199367522548392,0,0,0,0,0.02138207956416197,partially_open
0,0,0.0879,0.1788,99,1126,151,11,14,0,13,0,0.02275079676959338,0,0,0,0,0,0,0,0.01368480499051029,0,0,0.01789855395890783,0,0,0,0,0,0,0,1,0,0,0,0,0,0,0,0.01515740916688907,0,0,0,0,0,0,0.01801809393514018,0,1,0.01766363615926876,0,0,0,0,0,0,0,0,0,4,0,0,0,0,0,0,0,0,0,0,0,0,0,0,0,0,0,0,0.02037783990667054,0,fully_open
1,0,0.0774,0.1948,81,1046,154,10,17,0,13,0.0301417882248046,0.00893781301662597,0,0,0,0,0,0,0,0,0,0,0,0.01459378142516649,0,0,0,0,0.01294848034083065,0,0,0,0,0,0,0,0,0,0,0.01933989940766843,0.02159529854970684,0.0195225847609382,0.02071566947709781,0.02078369687309113,0,0.02123561070927235,0,0,0,0,0.01949194185623376,0,0,0,0,0,0,0,4,0.05950029514008909,0,0,0,0,0,0.02002391196748732,0,0,0.02366398039469062,0,0,0.02480297098901636,0,0.04462035028464012,0,0,0.05277160468459507,0.02401673989000456,0,fully_open
1,0,0.0949,0.1618,118,1243,173,15,16,0,12,0,0.01443800564224195,0,0,0,0.01227445670346895,0,0,0.01250112177768113,0,0,0,0,0,0.01291571991980234,0,0,0,0,0,0,0,0,0.03869195179261037,0.02590526246089633,0,0.02525084421885188,0,0.01442868757232709,0,0,0,0.03346377377069647,0,0,0,0,1,0,0,0,0.03163586711687022,0.01893933343962228,0.0147799735659084,0,0,0,0,4,0,0,0,0,0,0,0,0,0.03260655022091369,0,0,0,0,0,0,0,0,0,0,0,fully_open
0,0,0.0308,0.07,68,2206,343,10,13,0,11,0.00453747349620714,0.00403643168492785,0,0,0.00834977193009673,0,0,0,0,0.02185154345258902,0.01584982016589137,0,0,0.01318147999692458,0,0,0.01323657501842855,0,0.00584770079908481,0.04572594370859115,0,0.00675818293234275,0,0,0,0,0,0,0,0,0,0,0,0.0093861856846218,0,0,0,0,0.0094016127944495,0.02177369200425555,0,0,0,0,0,0.00975271547406115,0.02057986132475551,0,3,0,0.3333,0,0.04747558393762036,0,0,0,0,0,0,0,0,0,0,0,0,0,0.01191616879974727,0.010846269627743991,0,fully_open
0,0,0.0556,0.25,45,809,120,9,18,0,12,0,0,0,0,0,0,0,0,0,0,0,0,0,0,0,0,0,0,0,0,0,0,0,0,0,0,0,0,0,0,0.03023341796958957,0,0,0,0,0,0,0,0,0,0,0,0,0,0,0,0.03189878505337104,0,3,0,0.3333,0,0,0,0,0,0,0,0.03312957255256687,0,0,0,0,0,0.03526842543419045,0,0,0,0,closed
0,0,0.0622,0.2614,75,1205,176,11,25,0.02109707113076083,21,0,0.0076609825856794,0,0,0,0.01302595405266093,1,0.02855125136095956,0.0132664965803963,0,0,0,0,0,0.01370647828223922,0,0,0,0,0,0,0.03848026608415565,0,0.0273738978668808,0,0,0.0267968142730673,0,0,0.01657705663514437,0,0,0,0,0,0,0,1,0,0,0,0,0,0,0,0,0,0,4,0,0,0,0,0,0,0,0,0,0,0,0,0.02125968941915688,0,0,0,0,0,0,0,partially_open
0,0,0.0658,0.1795,69,1049,156,7,15,0,13,0,0.00872995689996025,0,0,0,0.02968705807350631,0,0.01084504896656603,0,0,0,1,0,0,0,0,0,0.01703880893558539,0.01264735289104389,0,0,0.01461653517925292,0,0.01559675576136231,0,0,0,0.04950306478768854,0,0,0,0,0.04046781944363294,0,0.01721633768129223,0,0,1,0,0,0.01903864088283298,0,0,0,0,0,0,0,4,0,0,0,0,0,0,0,0,0,0.0462273105384654,0,0,0,0,0.02179133385994052,0,0,0,0,0,fully_open
0,0,0.0383,0.0651,90,2349,338,13,12,0,10,0,0,0,0,0,0,0,0.0106591338414249,0,0,0,0,0,0,0,0.00622375502798488,0,0.0083733575340591,0,0,0,0,0,0,0,0,0.00750310799645884,0,0,0,0.01036574330385928,0,0,0,0,0,0,1,0,0,0,0,0,0,0,0,0,0,4,0,0,0,0,0,0,0,0,0,0,0,0,0.01190542607472785,0,0,0,0,0,0,0,partially_open
0,0,0.026,0.1693,34,1308,189,3,18,0,14,0.01638776835523357,0.01457818045430255,0,0,0,0.0123936261860269,0,0,0,0,0,0,0,0,0,0,0.01195147064770733,0.01422657833456644,0,0,0,0.0122040973341335,0,0,0,0,0.01274799902310968,0,0.01456877191768949,0,0.01761169978811043,0.03184266252269532,0,0,0,0,0,0,0.03395533941296325,0,0,0,0,0,0,0,0,0,2,0.01617483751381062,0.6667,0,0,0,0,0.03266036126735797,0,0,0,0.02018875283184306,0,0,0,0,0,0,0,0,0,closed
0,1,0.0549,0.0546,108,1968,293,15,9,0,7,0.06251630150329844,0,0.00915311889815268,0.02058699126327342,0.00479338758949997,0.01575979626124409,0,0,0,0,0.00909897083597467,0,0,0,0.00829157328184841,0,0,0.02713588089741377,0,0.01050003151826907,0,0.00775939521861574,0,0,0.0166305388637853,0.0102840016291512,0,0,0.02778858347262996,0,0,0,0,0,0.02741861186279873,0,0,0,0,0,0,0,0,0,0,0,0,0,3,0,0.3333,0,0,0,0,0,0.01150821087693142,0.02093260014182113,0,0.02567211779851649,0,0,0,0.03470471688805342,0,0.01121652640254533,0,0.01245312438740977,0.02481377134606451,fully_open
0,0,0.0622,0.3824,76,1222,170,10,36,0,29,0,0,0,0,0,0,0,0.01865348422249358,0,0,0,0,0,0,0,0,0,0,0,0,1,0,0,0.01341320995477159,0,0,0,0,0,0.01624551550244148,0,0,0,0,0,0,0,1,0,0,0.03274646231847272,0.01645065090077251,0,0,0,0,0,0,3,0,0.3333,0,0,0,0,0,0.03728660324125781,0,0,0,0,0,0,0,0,0,0,0.02017406150760383,0,fully_open
0,1,0.0955,0.2542,80,838,118,10,19,0,11,0,0,0,0,0,0,0,0,0.01884227050549041,0,0,0,0.02568053394104167,0,0.01946717205303541,0.01578488594054137,0,0,0,0,0,0.01821771051327176,0,0,0.0195228064922697,0,0.01902962173014924,0,0,0,0,0,0,0,0,0,0,1,0,0,0,0,0,0,0,0,0,0,3,0,0.3333,0,0,0,0,0,0,0,0,0,0,0,0,0,0,0.02633445329293253,0,0,0,fully_open
0,0,0.0519,0.0625,124,2387,320,14,11,0,9,0.0247015630330106,0,0,0.00542291477178909,0.05681917971943875,0.00622704144956473,0,0.00909926059633833,0,0,0.0071904062215995,1,0,0,0,0.02125184643702155,0.01801465575678812,0,0.02122287509521512,0,0,0.02452725903250246,0,0.00654302924623004,0,0,0.01921527657629704,0,0.00731991954888789,0,0,0,0.01697674376659723,0,0.00722246361263966,0,0.02736436571804438,0,0.00853024380374442,0,0,0,0,0.01499626586199487,0,0.00884880525939207,0.00933622977171835,0.00938609101109171,3,0,0.3333,0.01784840328206894,0,0.011232122404849,0,0,0.00909429347347751,0,0,0.020287234552974,0.00862936576711495,0,0,0.03656692120887581,0.01032246598073867,0,0,0,0.058826794508231,partially_open
0,0,0.0686,0.1786,78,1137,168,10,22,0,8,0,0,0,0.02416733756992967,0,0,0,0,0,0.01472604015283173,0,0,0,0,0,0,0,0,0,0,1,0.04098984865486146,0,0,0,0,0,0.02313730202033269,0,0.01765816902439292,0,0,0.01891430691387191,0,0.01609353304990361,0,0.03048747267499509,1,0,0,0,0,0,0,0,0,0,0.08365863727277394,4,0.07243514190967368,0,0,0,0,0,0.05484810669355225,0,0.05528936776589713,0.02160624296906535,0,0,0,0,0,0,0,0,0,0,fully_open
0,1,0.0556,0.1243,71,1276,177,10,11,0,11,0.00835613930984682,0.0074334286474909,0,0,0.03075361542570282,0,0,0,0,0,0,0,0,0,0,0.01078373395937974,0,0,0.01076903315475025,0.01684163471247119,0,0.02489152525575745,0.11152380342117038,0.01328040589581346,0.01333736285115455,0,0.03900130394198905,0,0,0,0,0,0.03445774724903399,0,0,0,0.05554153437820888,0,0,0,0.04863335987891988,0,0,0.01521898268172746,0,0.03592089263713613,0.0189497732990323,0,4,0,0,0,0.03497211331642529,0,0.01946646392448349,0,0,0,0,0,0,0,0,0,0,0,0,0,0,fully_open
1,0,0.1073,0.3043,109,1016,138,14,25,0,17,0.0301417882248046,0.00893781301662597,0,0,0.01848878070235705,0.01519694639477108,0,0,0,0,0,0,0,0,0,0.01296615630830184,0,0,0,0,0,0.02992909584323217,0,0.0319362141780276,0.03207318209444308,0,0.01563147499262259,0,0,0,0,0,0.04143133895419563,0,0.01762625048322776,0,0,1,0,0,0,0.05875232464561612,0,0.03659802978224939,0,0,0,0,4,0,0,0,0,0.02741172729754816,0,0,0,0,0,0,0.02105976169355435,0,0.02428834319674469,0,0.02519173245299318,0,0,0,0,partially_open
0,0,0.0697,0.28,49,703,100,6,16,0.03504259272567054,12,0,0,0,0,0.05264601962705059,0,0,0.03161607495337895,0.02203587567591251,0,0.0999344593510439,0,0,0,0.02276669273999056,0.0553808710117299,0,0.02483622997390413,0,0.02883059501626425,1,0,0,0,0.02283175674519677,0,0,0,0,0,0,0,0,0,0,0,0.02376989394999617,1,0,0,0,0,0,0,0,0,0,0,4,0,0,0,0,0,0,0.02850862042828704,0.03159881630615068,0.02873797646589003,0,0,0,0,0,0,0,0,0,0,0,fully_open
0,0,0.0608,0.125,87,1432,216,8,14,0,13,0,0.0124095255106873,0,0.04593791438912253,0,0,0,0,0,0,0,0,0,0,0,0.02700389578257904,0,0,0,0,0,0,0,0,0,0.01376866333820243,0,0,0,0,0,0,0,0,0,0,0,0,0,0,0,0,0,0.01270344835416921,0,0.0149917775055816,0,0.03180411003758348,3,0,0.3333,0.01511951517695922,0,0,0,0,0,0,0,0,0,0.01721859143039152,0,0,0.05246542626573787,0,0,0.01667277810545771,0,closed
1,0,0.0515,0.1261,88,1708,238,11,16,0,14,0,0.00556130587701171,0,0,0.01725619532219991,0,0,0.01381739572036561,0,0,0,0,0,0,0,0,0,0.0108543523589655,0.03222732884828964,0,0,0.0186225485246778,0,0.01987142215521718,0.02993496995481354,0.01234080195498144,0.00972625110652072,0,0,0,0.01343707465315092,0.02429477214694532,0.03866924969058259,0.01293207805436781,0,0.01321326888576946,0,0,0,0.04499896347546147,0.01212831937721212,0.01218566733390556,0.04377090394934926,0.02277210742006628,0,0,0,0,4,0,0,0,0.01308216090725538,0,0,0,0,0.01255956008509268,0,0,0.01310385172043381,0.01543295972649907,0.01511274687797448,0.01388188675522137,0,0,0.01641783256854069,0,0,closed
0,0,0.0461,0.2212,35,760,104,5,13,0.03445854951357603,10,0,0.01251293822327636,0,0,0.01294214649164993,0.02127572495267952,0,0.01554457018541131,0,0,0.02456722125713162,0,0,0,0,0.018152618831622572,0,0,0,0,0,0,0,0.02235534992461932,0.02245122746611015,0,0,0,0,0,0.03023341796958957,0.02733161866531348,0.02900193726793694,0.02909717562232758,0,0,0,0,0,0,0,0,0.0656563559240239,0,0,0,0,0,4,0,0,0,0.02943486204132462,0,0,0,0,0,0,0.06931471805599453,0,0.03472415938462291,0,0.03123424519924808,0,0,0,0,0,fully_open
0,0,0.0511,0.0845,127,2486,343,15,15,0,14,0.00788757075041615,0.00350830043643262,0,0,0.00362863920326633,0,0,0,0,0.0063308210002828,0,1,0,0.00572840018557937,0,0.00508951929858576,0.00575234334913016,0,0.01016516213672687,0,0,0,0,0,0,0,0,0.00994687750406826,0,0.02277408715295535,0.00847665924381016,0.00766307065382621,0,0,0,0,0.0065533819768681,0,0,0,0,0,0,0,0,0,0,0,4,0.02335525603629665,0,0,0,0,0,0.05501897306954462,0,0,0.02786599560496278,0,0,0,0.00953374218937642,0,0,0,0,0,0,partially_open
0,0,0.0826,0.15,100,1210,180,14,15,0,12,0,0.00816061188474545,0,0,0,0,0,0.03041328949319606,0,0,0,0,0,0,0,0,0.01338045083384625,0.03185516453174659,0,0,0,0,0,0,0,0,0.0428166488928358,0,0,0,0,0,0,0,0,0,0,0,0.03801521695146973,0,0,0,0,0.01670779620493993,0,0.01971744650190624,0,0,4,0,0,0,0,0,0,0,0,0.07371915702119618,0.02160624296906535,0,0.03845695613605577,0,0,0,0,0,0,0.02192832772565633,0,closed
0,0,0.0463,0.0745,65,1405,188,8,8,0,6,0.0070921854646599,0,0,0,0.02610180805038643,0.02145451255732388,0,0,0,0,0,0,0,0,0,0.01830516184701436,0,0,0.00914010376999811,0,0,0,0,0,0,0.01400006944472684,0,0,0.02521989088272299,0,0,0,0.01462282551324551,0.01467084485159374,0.01244205916463136,0,0,0,0,0,0,0,0,0,0,0,0,0,2,0,0.6667,0,0,0,0,0,0,0.01424824043266816,0,0,0,0.01750797952165861,0,0.01574835892399063,0,0,0,0,0.03378009208455841,closed
0,0,0.086,0.1905,98,1139,147,10,16,0,12,0,0.01457818045430255,0,0,0.0150782289223106,0,0,0,0,0,0.02862200534811451,0,0,0,0.03912334577648865,0.0105743410669646,0,0,0.01055992571485218,0,0,0,0,0,0,0,0,0,0,0,0,0,0,0.01694981104213257,0,0,0.04084729348688663,0,0,0,0,0.01597150572890535,0,0,0,0,0,0,3,0,0.3333,0,0.0342930431549413,0,0,0.03266036126735797,0,0,0.01929878012770885,0.02018875283184306,0,0,0,0,0,0,0,0,0.01951374251486626,fully_open
0,0,0.0497,0.178,65,1309,191,10,18,0,16,0.00819388417761678,0,0,0.01079317988559966,0.0075391144611553,0,0,0.00905508942839494,0,0,0.01431100267405725,0,0.05161039345432647,0,0,0,0,0,0,0,0,0.0122040973341335,0,0,0,0,0,0,0.01456877191768949,0,0.01761169978811043,0,0,0,0,0,0,1,0,0,0,0,0,0.0149234684548978,0,0,0,0,3,0,0.3333,0,0,0,0,0,0,0,0,0,0,0,0,0,0,0.01764152696322665,0,0,0,fully_open
0,0,0.0434,0.1056,86,1982,284,13,16,0,14,0.04116927172168434,0,0,0,0.02367465821643281,0.00778380181195592,0,0.00568703787271145,0,0,0.0359520311079975,1,0,0,0,0,0,0.00893498517353868,0.03979289080352836,0,0,0.00766476844765702,0,0,0,0,0.01601273048024753,0,0,0,0,0,0,0,0.00902807951579958,0,0.00855136428688886,0,0,0,0,0,0,0.01874533232749359,0,0,0,0,4,0,0,0,0.03230655589901483,0,0,0,0,0,0,0.06339760797804377,0.01078670720889369,0.02540792150094359,0,0,0,0,0,0,0,closed
0,0,0.0492,0.1032,107,2177,310,16,18,0,14,0.03580479086098002,0.01820063741567471,0.0089866985545499,0.0134751215541426,0.0094124701757454,0,0,0.0056525709765132,0,0,0.01786707000518663,1,0,0,0,0,0,0,0.03295976814029622,0.01030912185430055,0,0,0,0.00812921815440702,0.04898449628969489,0.01009701978134845,0.00795784181442604,0,0,0.00984576697117665,0.01099397017075984,0,0,0,0,0,0,1,0,0,0,0.02991027436504093,0,0,0,0.03298191051227954,0,0,4,0,0,0,0.02140717239369063,0,0,0,0,0,0.02409423458368499,0,0,0.05050786819581514,0,0,0,0,0.06716386050766647,0,0,partially_open
0,1,0.0721,0.1977,94,1304,177,12,18,0,17,0,0.01340671952493895,0.01323933269197084,0.00992587078764968,0.01386658552676779,0.01139770979607831,0,0,0,0,0,0,0,0,0,0.02917385169367914,0.01099108461351656,0,0,0.04556263676677475,0,0.01122341094121206,0.05028528636400986,0,0,0,0,0,0,0,0,0,0.01553675210782336,0,0,0,0.02504328112588882,1,0,0,0,0.01468808116140403,0,0.01372426116834352,0,0,0.0170886348500202,0.03435979745131787,4,0.01487507378502227,0,0,0,0,0,0.01501793397561549,0,0,0,0,0,0,0,0,0,0,0,0,0,fully_open
0,0,0.137,0.1918,133,971,146,18,15,0,13,0,0,0,0,0,0,0,0.01195736168108563,0,0,0,0,0.02271739540938302,0,0,0,0,0.03757275816564983,0,0,0,0,0,0.01719642301893794,0,0,0.08416948072950628,0,0,0,0,0.02102432205024114,0,0,0,0,0,1,0,0,0,0,0,0,0,0,0,0,3,0,0.3333,0,0,0,0,0,0,0,0.05096857315779518,0,0,0,0,0,0,0,0,0,0,partially_open
0,0,0.0551,0.1965,87,1578,229,12,26,0,19,0.00680621024431071,0,0,0,0,0.01029470562226428,0,0,0.01048481181353901,0,0,0,0.01428997453170867,0,0.01083253928757615,0,0,0,0,0,0,0,0,0.01081710480223515,0.03259049148306313,0,0.01058906370467982,0,0.01210147989937111,0,0,0,0,0,0,0,0,1,0,0,0.01320421867680351,0.01326665395223589,0,0,0,0,0.01543489599356663,0,4,0,0,0,0,0,0,0,0,0,0,0,0,0,0,0,0,0,0,0,0,partially_open
0,0,0.4302,0.64,77,179,25,10,8,0,8,0,0,0,0,0,0,0,0,0.17728863611984158,0,0,0,0,0,0.1831683915899241,0,0,0,0,0,0,0,0,0,0,0,0,0,0,0,0,0,0,0,0,0,0,1,0,0,0,0,0,0,0,0,0,0,2,0,0.6667,0,0,0,0,0,0,0,0,0,0,0,0,0,0,0,0,0,0,partially_open
0,0,0.0356,0.0308,54,1518,195,8,3,0.01694682762962755,3,0,0,0,0.00911227482144889,0,0,0,0.00764487058298917,0.0106566939744167,0,0,0,0.05809694563711067,0,0.01101012189884789,0.01785503491635007,0.01009017603863815,0,0,0,1,0.01030345922471927,0,0,0,0,0,0,0,0,0,0,0,0,0,0,0,0,0,0,0.01342068127806259,0,0,0,0.02096292903789209,0,0,0,2,0,0.6667,0,0,0,0,0,0,0,0,0,0,0,0,0,0,0,0,0,0,partially_open
0,0,0.0516,0.0833,98,1898,252,12,12,0,9,0,0.00493931771971435,0.00975529777303114,0,0.01021748407235521,0.01679662496264173,0,0,0.01710679822208997,0,0,0,0,0.00806498447180253,0.01767414304815057,0.00716550743353522,0,0.00964037873987068,0,0.01119082306552362,0,0.00826988174615625,0,0,0.01772465326271854,0,0,0,0.00987225991790801,0,0.0119342439353643,0,0,0,0.01948164527093594,0,0,1,0,0,0.01077186260476076,0,0,0,0.05047652649913491,0,0,0,3,0,0.3333,0,0,0,0.01293495300245284,0,0,0,0,0,0,0,0.01342250545083259,0,0,0,0,0.01327240888658146,0,fully_open
1,0,0.0471,0.0979,93,1976,286,11,15,0,13,0.01068316544676619,0.00950349738476685,0,0.070360603051694,0.01965895669617712,0,0,0,0,0,0.027987973584074,0,0,0.00775871923869611,0,0.02757359822524948,0,0,0.01376800441303512,0.01076585510101006,0,0,0,0,0,0.01054435610077528,0,0,0,0.04112788734795312,0,0,0,0,0,0,0.0266282989186666,0,0,0,0,0,0,0,0,0.01148104479857832,0,0,4,0.01054435610077528,0,0,0.01117779571189542,0,0,0.0106456240839806,0,0,0,0,0,0,0,0,0,0,0,0,0,fully_open
0,1,0.0349,0.1166,40,1146,163,6,10,0,9,0,0.03264244753898181,0.01611744849457319,0,0.00844053032064126,0,0,0,0,0,0,0,0,0,0,0,0,0,0.01182252552858451,0,0,0,0,0,0.01464210486920227,0,0.01427221629761193,0,0,0,0,0,0,0,0,0,0.01524373633749754,0,0,0,0,0,0.06422904383871902,0.05012338861481982,0,0,0,0.02091465931819348,3,0,0.3333,0,0,0,0,0,0,0.01842978925529904,0,0.02260262545304169,0,0,0,0.02037015991255309,0.02300114702229812,0.0197508399696994,0,0,0,fully_open
1,0,0.0428,0.1215,74,1727,247,10,16,0,14,0,0.01042744851939696,0,0,0,0.0088648853969498,0,0,0,0.00940830343097583,0,0,0,0,0,0.02269077353952821,0,0.01017595533653016,0,0.01181253545805271,0,0,0,0,0,0,0,0.01478216517965699,0,0,0,0,0,0,0,0.01238743958040887,0,0,0.02428749971899455,0,0,0,0,0.01067442535315607,0,0,0,0.02672428690658056,2,0,0.6667,0.01270459261397268,0,0,0,0,0,0,0,0,0,0,0,0.01301426883302003,0.08817106358547613,0,0,0,0,partially_open
0,0,0.0263,0.1108,63,2399,325,9,19,0.01129788508641837,17,0,0,0,0,0,0.02092694257640609,0,0.03567606272061614,0,0,0,0,0,0.00669878491646986,0,0,0,0,0.01783069423983238,0,0,0,0,0,0,0,0.0287004131012087,0,0,0.00887733087565108,0,0,0,0.00954005758109101,0,0,0,1,0,0,0,0.00898942672173361,0,0,0,0,0,0,3,0,0.3333,0,0,0,0,0,0,0.00926524924310115,0.01086215493526782,0,0.00966677585933642,0,0,0,0,0,0,0,0,fully_open
0,0,0.0533,0.1513,67,1258,152,8,12,0,11,0.00811509682975508,0.00721900282112097,0,0,0.01493324595190377,0,0,0,0,0,0,0,0,0,0,0,0,0,0,0,1,0.01208675024438222,0,0,0.01295263123044816,0,0,0,0,0,0,0.01576824153768085,0,0,0,0,0.02696968736634181,0,0,0,0,0,0,0,0,0,0,0,4,0,0,0,0,0,0,0,0,0,0,0,0,0,0.01961750796660149,0,0,0,0,0,0,fully_open
0,0,0.3184,0.6,78,245,35,10,11,0,10,0,0,0,0,0,0,0,0,0,0,0,0,0,0,0,0,0,0,0,0,0,0,0,0,0,0,0.04863125553260362,0,0,0,0,0,0,0,0,0,0,0,0.0647666659173188,0,0.06064159688606059,0,0,0.05693026855016572,0,0,0,0,4,0,0,0,0,0,0,0,0,0,0,0,0,0,0,0,0,0,0,0,0,partially_open
0,0,0.0428,0.1231,61,1426,195,7,13,0,11,0,0,0,0,0,0,0,0.00746139368899743,0.02080186663806141,0,0,0,0.04252696420636501,0.00980702111771188,0.02149175794655109,0,0,0,0,0,0,0,0,0,0,0.02665613222275991,0,0,0,0,0,0,0,0,0,0,0,0,0,0,0,0,0,0.01229693800683579,0,0,0,0.04617956777457122,2,0,0.6667,0,0,0,0,0,0,0,0,0,0,0.016667596504619,0,0,0,0,0,0,0,fully_open
0,0,0.0785,0.0344,155,1975,291,18,5,0,5,0.01582443881802241,0,0.00926753288437959,0,0,0,0,0.02331685527811698,0.01625145831098548,0.02540241926363473,0,0,0,0.01532347049642482,0.01679043589574304,0.00680723206185846,0,0,0,0.01063128191224744,0,0,0,0,0,0,0,0,0.00937864692201261,0,0,0,0,0.01091144085837284,0.00925378150369457,0,0,0,0.01092937487354755,0,0,0,0,0,0,0,0,0,3,0,0.3333,0,0,0,0,0,0,0,0,0.01299650963549897,0,0,0,0,0,0,0,0,0.02512394348789032,fully_open
1,0,0.0477,0.0843,57,1195,166,8,7,0,7,0,0,0,0.01038969652539032,0,0,0,0,0,0,0,0,0,0,0,0,0,0.0136947436304705,0,0,0,0,0,0,0,0,0,0.01989375500813652,0,0,0,0,0,0.016316173246165,0,0,0,0,0,0,0,0,0,0,0,0,0,0,3,0,0.3333,0.03419553899835638,0,0,0,0.01571970659129846,0,0,0.01857733040330852,0,0,0,0,0,0,0,0,0,0.01878425681337594,closed
0,0,0.0669,0.1204,95,1420,216,14,14,0,12,0.03980990897615703,0.00708279522072246,0.0419661866462472,0,0,0,0,0,0.04906100622184295,0,0,0,0,0.02312976678705633,0.0506881083645073,0,0,0.01382393932509758,0.01026105989273372,0,0,0,0,0,0,0.01571705909360844,0,0,0,0,0,0,0,0,0.02793594416209683,0,0,0,0,0,0,0,0,0,0,0.03422651090896933,0,0,3,0,0.3333,0,0.01666124266490072,0,0,0,0.01758802039681972,0,0,0,0,0.03931036911466745,0,0,0,0,0,0,0,fully_open
0,0,0.0608,0.1166,73,1201,163,12,10,0,9,0.0452126823372069,0,0,0,0.00693329276338389,0.01139770979607831,0,0.0083274483136132,0,0,0.01316101138774908,0,0,0,0,0,0,0,0,0,0,0.04489364376484826,0,0,0.01202744328541615,0.01487507378502227,0.01172360624446694,0,0,0.01450492455575132,0,0,0,0.01558777265481834,0,0,0.03756492168883324,0,0,0,0,0.1028165681298282,0,0,0,0,0.0170886348500202,0,4,0,0,0,0,0,0,0.0750896698780775,0,0,0,0.0185664423364271,0.01579482127016576,0,0.01821625739755852,0.03346526271348009,0,0,0.01978935175672315,0,0,fully_open
0,0,0.055,0.1429,78,1418,210,12,18,0,12,0,0.00641689139655198,0,0.00950168827535696,0,0,0,0.01594314890811417,0,0.03473835112975691,0,0,0.03028986054584402,0,0,0.02792710589480396,0,0,0,0,1,0,0,0,0.01151344998262059,0,0,0,0.01282550006429075,0,0,0,0,0,0,0,0,1,0,0.01730729364440826,0,0,0,0,0,0,0.01635835130942104,0,3,0,0.3333,0,0,0.01968021447003458,0,0,0,0,0,0.03554600925948437,0,0,0,0,0,0,0,0,0,fully_open
1,0,0.0719,0.1508,102,1419,199,13,17,0,13,0.00664543362436636,0,0,0,0,0,0,0.00734389142617857,0,0,0,0,0,0,0,0,0,0,0.0171286984036185,0,0,0.02969343367123822,0,0.01056158264155243,0,0.01311817530647633,0.01033892834157715,0,0,0,0.014283504552562,0,0.01370170264626942,0,0,0,0,0,0.04130787353781751,0,0.01289230799939871,0,0,0.02420657087959802,0,0,0.01507029215119891,0,4,0,0,0,0,0,0.01548120359348687,0,0.02935953011122661,0.01335071347627962,0,0,0,0,0,0,0,0,0,0,0,fully_open
0,0,0.0635,0.1369,76,1196,168,11,13,0,10,0.01671227861969364,0.0074334286474909,0,0,0.01537680771285141,0.02527808905268854,1,0.01846879625989463,0.01287244222652315,0,0,0,0,0,0.01329935516494498,0,0,0,0,0,0,0.01244576262787872,0,0.03984121768744038,0.04001208855346364,0.01649513132596529,0.03900130394198905,0,0.01485726245071305,0,0.01796044631856806,0,0,0,0,0,0.02777076718910444,1,0,0,0.01621111995963996,0,0,0.01521898268172746,0,0.01796044631856806,0,0,4,0,0,0,0,0,0.01946646392448349,0,0,0,0,0,0,0,0,0,0.02095153986189532,0,0,0,0,partially_open
0,0,0.0429,0.1455,67,1561,213,7,17,0,14,0.00686154528694739,0.01831161691211175,0.01205532732927426,0,0.00631324219104875,0,0,0.00758271716361527,0,0,0.0119840103693325,0,0,0,0,0,0,0,0,0,0,0.03065907379062808,0.03052548548926344,0,0,0,0.02135030730699672,0,0.03659959774443946,0.01320773618084673,0,0,0.04244185941649309,0.01419374420601346,0,0.01450236828925917,0,0,0,0,0,0,0,0,0,0,0,0,4,0,0,0,0,0,0,0,0,0.01378488302022367,0,0.10143617276487003,0,0,0.01658716120753296,0,0,0,0,0,0,fully_open
0,0,0.0534,0.1176,54,1012,136,8,8,0.02247296707407132,8,0,0.02448183565423636,0.01611744849457319,0,0.03376212128256505,0,1,0,0,0.01472604015283173,0,0,0,0.01332475695341289,0,0,0.01338045083384625,0.03185516453174659,0.02364505105716902,0,0,0,0.02040562345206197,0.01457957603779521,0,0,0,0,0,0,0,0,0.01891430691387191,0,0,0,0.06097494534999018,0,0.01900760847573486,0,0.0177969903904743,0,0.06422904383871902,0.01670779620493993,0,0,0,0.04182931863638697,4,0.01810878547741842,0,0,0,0,0,0,0,0,0,0,0.01922847806802788,0,0,0,0,0,0,0,0,fully_open
1,0,0.0618,0.0854,93,1504,199,12,9,0,8,0,0,0,0,0.01213326233592181,0,0,0,0,0,0,0,0,0,0,0,0.00961719903682699,0,0.01699488044734023,0,0,0,0,0,0,0.01301568956189449,0,0.01662993582711412,0,0.02538361797256482,0,0,0,0,0,0.01393586952795998,0,0,0,0,0,0,0,0,0,0,0,0,4,0.02603137912378898,0,0,0.01379759158187091,0.03597789207803197,0,0.01314069222866356,0,0,0,0,0,0,0,0,0,0,0,0,0,partially_open
0,0,0.0928,0.0753,118,1271,186,16,7,0,7,0,0,0,0,0.01451455681306535,0,0,0,0,0,0.01377601191988689,0,0,0.01145680037115874,0,0.02035807719434307,0.01150468669826032,0,0.02033032427345374,0.01589724398093075,0,0,0,0,0,0,0,0,0,0,0,0,0,0,0,0,0.0131067639537362,1,0,0,0,0,0,0.02873116356737335,0,0,0,0,4,0,0,0,0.03301106023326125,0,0,0,0,0,0,0.01943403309981154,0,0,0,0.01751453001826995,0,0,0.04142817564024286,0.01885426309121853,0,fully_open
0,0,0.0278,0.0647,41,1477,201,6,7,0,6,0,0,0,0,0,0,0,0,0,0.01128996411717099,0,1,0,0,0,0,0,0.01221114640383619,0,0,0,0,0,0,0.01122561373305507,0,0.01094203249483581,0,0,0,0,0,0.01450096863396847,0,0,0,0,0,0.01457249983139673,0,0.01364435929936363,0,0,0,0,0,0,0,3,0,0.3333,0,0,0,0.01638427380310694,0,0,0,0.01656478627628343,0,0,0,0,0,0,0,0,0,0,fully_open
0,0,0.0835,0.202,58,695,99,9,10,0,10,0,0.01272502192197596,0,0,0.02632300981352529,0,0,0,0,0,0,0,0,0,0,0,0,0,0,0,1,0,0,0,0,0,0,0,0,0,0,0.02779486643930185,0,0,0,0,0.04753978789999235,1,0.17783389624755336,0,0,0,0,0,0,0,0,0,3,0,0.3333,0,0,0,0,0,0,0,0,0,0,0,0,0,0,0,0,0,0,fully_open
0,1,0.1355,0.1017,179,1321,177,22,9,0,9,0,0,0,0,0.02700969702605204,0.02220075647236124,0,0.04055105265759475,0.02261072460658849,0,0,0,0,0,0.0233606064636425,0,0,0.01274206581269864,0,0,0,0.03279187892388916,0,0,0.02342736779072364,0,0.01141777303808954,0,0.01304855223932189,0,0,0,0,0,0.03862447931976866,0,0,0,0,0,0,0,0,0,0.11119466707055808,0,0.01664284437567184,0,3,0,0.3333,0.01590835944706144,0,0,0,0,0,0,0,0,0,0,0,0,0,0,0,0.01754266218052507,0,fully_open
0,1,0.0795,0.1648,101,1270,182,16,18,0,12,0.01577514150083231,0,0,0,0.02177183521959802,0,0,0,0.01215062303625082,0,0.04132803575966068,0,0,0,0.01255359693139666,0.04071615438868615,0.01150468669826032,0,0,0,0,0.02349573879281778,0,0,0,0.04671051207259331,0.0368143149358962,0,0,0,0,0,0.01626276856145996,0,0,0,0.0131067639537362,1,0,0,0.015302085195548,0,0,0.01436558178368667,0,0.05085995546286097,0,0,3,0.01557017069086443,0.3333,0.01709776949917819,0,0,0,0,0,0.01584617393913562,0,0,0,0,0.01906748437875284,0,0,0.05094609188445827,0.04142817564024286,0,0,fully_open
0,0,0.072,0.139,105,1459,187,14,14,0,12,0.00644251962056892,0.00573111674348535,0.01131912413359339,0.00848624067341042,0.00592770068319844,0,0,0.0071196504666006,0.00992455469373159,0,0,1,0,0.00935784457796935,0,0,0,0,0,0,0,0,0,0,0,0,0,0,0,0.01240115687209273,0,0,0,0.01332695066671492,0,0,0.01070552475610514,0,0,0,0,0,0.01503580670015814,0,0,0,0,0,4,0.01271762033528621,0,0,0,0,0,0.01283976034556439,0,0,0.01517385002407642,0.0158735995548079,0,0,0,0,0,0,0,0,0,partially_open
0,0,0.0554,0.1975,68,1227,162,8,17,0,15,0,0,0,0,0.01568745029290902,0,0,0,0,0,0,0,0,0,0,0.0220031743413607,0,0,0.01098658938009874,0.01718186975716758,1,0,0,0,0,0,0,0,0.01515740916688907,0,0,0.01656461737291726,0,0,0,0,0.02833179278888433,1,0,0,0,0,0,0,0,0,0,0,4,0,0,0,0,0,0,0,0,0,0.0200785288197375,0,0,0,0,0,0,0,0,0.02037783990667054,0,fully_open
1,0,0.0566,0.0632,75,1326,190,10,6,0,6,0,0.00636251096098798,0,0.03768466197344967,0.01974225736014397,0,0,0.00790401873834473,0.01101793783795625,0,0.01249180741888048,0,0.01501658340620233,0.01038879355689818,0,0,0.0104322159043547,0,0,0.02883059501626425,0,0,0.07954734566058057,0,0,0,0,0,0,0.0137673860190182,0,0,0,0,0,0,0.03565484092499427,0,0,0,0,0,0,0,0,0,0,0,4,0.04235614230311427,0,0,0.01496687900406336,0,0,0.04276293064243057,0,0,0,0,0,0,0,0,0,0.03079791995275161,0,0,0,fully_open
0,0,0.0633,0.1908,81,1280,173,11,17,0,16,0,0,0,0,0,0,0,0,0,0,0,0,0,0,0,0,0,0,0,0,0,0,0,0.01382805149976453,0,0,0,0,0,0,0.0187010832801585,0,0.03587868527992199,0,0.01526396949063022,0,0,1,0,0,0.01687961975179006,0,0,0,0,0,0,0,4,0,0,0,0,0,0,0,0,0,0,0,0,0,0.02103320441779953,0,0,0,0,0,0,closed
0,0,0.30620000000000003,0.381,94,307,42,15,8,0,8,0,0,0,0,0,0,0,0,0,0,0,0,0,0,0,0,0.04924005906855421,0,0,0,0,0,0,0,0.05388294591866438,0,0,0,0,0,0.07256020312701499,0,0,0,0,0,0,0,0,0,0,0,0,0,0,0,0,0,4,0,0,0,0,0,0,0,0,0,0,0,0,0,0,0,0,0,0,0,0,fully_open
0,0,0.1012,0.1694,138,1363,183,16,19,0,12,0,0.02104980261859574,0.0138579930981377,0,0.00725727840653267,0,0,0.02614974423714054,0.02430124607250165,0.0126616420005656,0,0,0,0,0.02510719386279333,0,0,0,0,0.01589724398093075,0,0.02349573879281778,0,0.01253571023810429,0,0,0,0,0,0.0151827247686369,0,0,0,0,0.02767486057179685,0,0,1,0.01634299046511783,0,0,0,0,0,0,0,0,0,2,0,0.6667,0,0,0,0,0,0,0,0.05573199120992557,0,0.01653289703045388,0.01947149124371378,0,0,0,0,0.02071408782012143,0,0,partially_open
0,0,0.0869,0.1333,59,679,90,7,6,0,6,0.02637406469670403,0,0,0.03474054775677391,0,0,0,0,0,0,0,0,0,0,0,0.03403616030929233,0.01923439807365399,0,0,0,0,0,0,0.02095814055433061,0,0,0,0,0,0,0,0,0,0,0,0,0,0,0,0,0,0,0,0,0,0,0,0,2,0,0.6667,0,0,0,0,0,0.02913015878223266,0,0,0,0.02764093722279008,0,0,0,0,0,0.10389409672279656,0,0,partially_open
1,0,0.0456,0.1494,58,1272,174,7,15,0,11,0.01607562038656245,0.00715025041330077,0,0,0.02218653684282846,0.01215755711581687,0,0.02664783460356226,0,0,0,0,0,0,0,0.01037292504664147,0,0,0.02071756854532905,0,0,0,0,0.01277448567121104,0,0,0.01250517999409807,0.02027268367495817,0,0,0.01727623883976547,0,0,0.0166269574984729,0.01410100038658221,0,0,1,0,0,0,0.0313345731443286,0.0375179176708708,0.01463921191289975,0,0,0.01822787717335488,0,3,0,0.3333,0,0.01681992116647121,0,0,0.01601912957398986,0,0,0,0,0.01684780935484348,0,0,0,0.02015338596239455,0,0,0,0,closed
0,0,0.0616,0.117,110,1787,265,14,18,0,13,0.00629828410667558,0,0,0.00829625021057287,0,0,0,0,0.01940472634147519,0.0101104156273173,0,0,0,0.02744502178464147,0.02004828166655885,0,0,0,0,0,1,0,0,0,0,0,0.02939650521000666,0,0,0,0,0,0,0,0,0,0,1,0,0,0.01221882922331071,0.02455321029966047,0,0,0,0,0,0,3,0,0.3333,0,0,0,0.01467248400278233,0,0,0,0,0,0,0,0.01522552857109369,0,0,0,0,0,0.02999873849300336,fully_open
0,0,0.1274,0.2378,126,989,143,15,21,0,13,0.01016831409993408,0,0,0.01339394612309355,0.00935576854818067,0,0,0,0.031328112406719,0,0.01775943705334816,0,0,0,0.03236710534119141,0,0.01483134309293801,0,0.01310448612806958,0,1,0,0,0,0,0,0,0,0,0,0,0,0,0.02103410285951392,0.0178386149468811,0,0,1,0,0,0,0.01982006132623194,0,0,0,0,0,0,4,0,0,0,0,0,0,0,0,0,0,0,0,0,0,0,0,0.10946248657905693,0,0.02430609820193232,0,fully_open
1,0,0.0461,0.1796,83,1802,245,13,24,0,20,0,0,0,0,0,0.00764397303689084,0,0.00558487551571664,0,0.00811254906623065,0,0,0,0,0,0,0,0,0,0,0,0.03010831198600602,0,0.00803186224836622,0.01613261853852227,0,0.0078625383196425,0,0,0,0,0,0.01041985770105518,0.01045407507389015,0,0,0,1,0,0,0,0,0.02358910991282295,0,0,0,0,0,4,0,0,0,0,0,0,0,0,0.01015293779333839,0,0,0.01059293402550039,0,0,0,0,0,0,0,0,fully_open
0,1,0.035,0.1025,64,1827,283,9,18,0,11,0.07731023544682708,0,0,0,0.00592770068319844,0.0097446068485555,0,0.0071196504666006,0,0,0.01125216240784654,0,0,0,0,0.01662835312820388,0.00939695783751034,0.02237156593069226,0.01660568471190496,0,0,0.00959558798027291,0,0,0,0,0.01002323587313204,0,0,0,0.01384736700897232,0.01251829862533442,0.01328333004638333,0,0,0,0.01070552475610514,0,0,0,0,0,0.04510742010047443,0,0,0,0.01461013055879589,0,4,0,0,0,0,0,0,0,0,0.02588611620591621,0,0,0,0,0,0,0,0.0138708189100179,0,0.01540004695236933,0.01534286625214676,fully_open
0,1,0.0707,0.0606,133,1881,264,16,9,0,7,0.0052748129393408,0,0.00926753288437959,0,0.00485330493436872,0,0,0,0.00812572915549274,0,0.00921270797142436,0,0.04429892104829688,0,0.01679043589574304,0,0.00769375922946159,0,0,0.01063128191224744,0,0.00785638765884844,0,0,0.01683842059958262,0.01041255164951559,0,0,0.00937864692201261,0,0,0,0,0,0.01850756300738915,0,0,1,0,0,0.01023326947452272,0.03084497043894846,0,0,0.03196846678278545,0,0.01196204439501414,0,2,0,0.6667,0,0,0,0.02457641070466041,0,0,0,0,0.01299650963549897,0.01105637488911603,0,0,0.0351385258491541,0.01322565953782142,0.02271346596515431,0,0,0,fully_open
0,0,0.0609,0.2095,66,1083,148,8,16,0,15,0,0,0,0,0,0,0,0,0,0.03044484705753976,0,0,0.0398192548748736,0,0,0.0367131616819333,0.01383147726644781,0,0,0,1,0.01412384298219945,0,0,0,0,0,0,0,0,0,0.01842581033616639,0,0,0.01663601169203519,0,0,0,0,0,0,0,0,0.01727098034667948,0,0,0,0,3,0,0.3333,0,0,0,0,0,0,0,0,0,0,0,0,0.02105679451634702,0,0,0,0,0,fully_open
0,0,0.0466,0.0357,86,1844,280,11,5,0,5,0,0,0,0,0,0,0,0,0.01969873734664906,0,0,1,0,0,0.02035204350999157,0,0,0,0,0,0,0,0,0,0,0,0.01989460453606512,0,0,0,0,0,0,0,0,0,0,0,0.03974318135835473,0,0,0,0,0,0.0193748283532033,0,0,0,3,0,0.3333,0,0,0,0,0,0.02824742669792258,0,0,0,0,0.03156741762238447,0,0.0283947683629528,0,0,0,0,0,fully_open
1,0,0.0666,0.1693,85,1277,189,12,17,0,15,0,0.00695163234626464,0,0.02058699126327342,0,0.01181984719593306,0,0,0,0,0,0,0,0.01135071888624061,0,0,0,0,0.01007104026509051,0,0,0,0.01738256812583057,0,0,0.0154260024437268,0,0,0,0,0.01679634331643865,0,0,0.01616509756795977,0,0.04954975832163549,0,1,0,0,0,0,0,0,0,0,0,0.05344857381316113,3,0,0.3333,0,0,0.06396069702761238,0,0,0,0,0,0,0,0,0,0.01735235844402671,0,0,0,0,0,closed
0,0,0.0536,0.1456,78,1455,206,11,17,0,13,0.01298415492760813,0.00577520225689678,0,0.00855151944782127,0,0.00981956536277516,0,0.00717441700865137,0,0,0,1,0,0,0,0.05026879061064714,0,0,0,0.02616930932245524,0,0.00966940019550578,0,0.02063570762272553,0,0.01281544818401919,0.04040135075016302,0,0,0,0,0,0,0,0,0,0,0,0,0,0.03778437959823776,0.01265434684674808,0,0,0,0.01395388521673365,0,0,4,0,0,0,0,0,0,0,0,0,0,0,0,0,0,0,0,0,0.11934501367131505,0,0,fully_open
1,0,0.0657,0.1059,83,1263,170,9,9,0,9,0,0,0,0,0,0.01276543497160771,0,0.00932674211124679,0.03900349994636514,0,0,0,0,0,0.04029704614978331,0,0.01231001476713855,0.01465337568460343,0,0,0,0.01257022025415751,0,0,0.01347073647966609,0,0.01313043899380298,0,0,0,0.01814005078175374,0,0,0,0,0,0,0,0,0,0,0,0.03939381355441434,0,0,0,0,0,4,0,0,0,0,0,0.01966112856372832,0,0,0,0,0,0.01769019982258565,0,0,0,0,0,0,0,0.02009915479031225,closed
0,0,0.1164,0.1775,133,1143,169,16,18,0,12,0,0.00736055189604491,0,0,0,0,0,0,0,0,0,0,0,0,0,0,0,0,0,0,0,0,0,0.01315020583801136,0.0132066043918295,0,0.03861893821706758,0,0,0,0.01778436351152328,0,0,0,0,0,0,1,0.01714411744870203,0,0,0.01612808911840442,0,0,0,0,0,0,3,0,0.3333,0,0,0.02257436365680437,0,0,0,0,0,0,0,0.08170390443440685,0.02000216498555445,0,0,0,0,0.0197784916741214,0,partially_open
0,0,0.02,0.1727,36,1801,249,5,23,0,20,0,0,0,0,0,0,0,0.0066147107171963,0,0,0,1,0,0,0,0.00772451865175428,0,0,0,0,0,0.00891504982564362,0,0,0,0.02363132289251765,0.00931236808071133,0,0,0,0,0,0.02468249980249952,0,0,0,0,1,0.01240212751608232,0,0,0,0,0,0,0,0,0,4,0,0,0,0,0,0.01394406281115484,0,0.01322219973094248,0,0,0,0,0,0.01446965126614577,0,0,0.02577414577606163,0,0,0,fully_open
0,0,0.0627,0.1677,75,1196,155,9,16,0,10,0,0.00750776293396581,0,0.01111697528216765,0,0,0,0,0,0,0,0,0,0.01225877639713986,0,0,0,0,0,0,0,0,0,0,0,0,0,0,0,0,0.01814005078175374,0,0,0,0,0,0.01402423743049774,0,0,0,0,0,0,0,0,0,0,0,4,0.01666008263922494,0,0,0,0,0,0.03364017210537871,0,0,0,0.06238324625039507,0,0,0,0,0,0,0.0664922219025898,0,0,partially_open
0,0,0.0461,0.0871,105,2277,333,15,17,0.01044198470108364,12,0.00852495020499524,0.01516719784639559,0,0.00561463398089275,0.03137490058581804,0.00644718937959985,0,0.00942095162752201,0,0,0,0,0,0.01857390363203009,0,0.06050872943874191,0,0.00740069479020375,0.01647988407014811,0.00859093487858379,0,0.01904578826387502,0,0.01354869692401171,0,0.00841418315112371,0.01989460453606512,0.01075066558520509,0,0,0,0,0.00878846583876877,0.00881732594615987,0,0,0.06374653377498975,0,0,0.01022703715351397,0.00826930866628099,0,0,0.01552643687731792,0,0.00916164180896654,0,0,4,0,0,0,0,0.01162921764138407,0,0.02548497886771114,0,0.0085633364216541,0,0,0,0.01052247254079482,0,0,0,0,0,0.01018891995333527,0,fully_open
0,0,0.0542,0.0751,106,1954,293,15,12,0,10,0,0.0098786354394287,0,0.00731379952774187,0.01021748407235521,0,0,0,0,0.01782625913237525,0.00969758733834143,1,0,0.01612996894360507,0,0,0.02429608177724714,0,0.0071557391357222,0.05595411532761811,0,0,0.01235077208940593,0,0,0.02192116136740124,0,0,0,0.02137567829268616,0,0.01078879684157111,0.01144813313208037,0.02297145443867967,0,0,0.00922647199374851,0,0,0,0,0.03246838993573522,0,0.01011261349246364,0,0,0,0,4,0.02192116136740124,0,0,0.01161902448999656,0,0,0.02213169217459126,0,0,0.06538731424848723,0,0,0.01370690502024588,0,0.01232930731549266,0,0,0,0.01327240888658146,0.02644625630304244,partially_open
0,0,0.0401,0.0621,94,2345,354,13,12,0,10,0,0.00457790422802793,0.01808299099391139,0,0,0,0,0.00568703787271145,0,0,0.00898800777699937,0,0.02160922977965701,0.00747486365679259,0,0,0,0,0,0,0,0,0,0,0,0,0,0,0,0,0,0,0.01061046485412327,0.01064530815451009,0,0,0,0,0,0.01234727656338881,0,0,0,0,0,0.02212201314848018,0,0,4,0,0,0,0,0,0,0,0.01136786684184689,0.02067732453033551,0,0,0,0,0,0,0,0,0,0,0,partially_open
0,1,0.0877,0.1278,115,1311,180,12,13,0,10,0.01607562038656245,0.02145075123990233,0,0,0,0.01215755711581687,0,0.00888261153452075,0.02476412695007311,0.01290281613390971,0,0,0.01687577944697024,0,0.02558542612684654,0,0.011723823587751,0,0,0.01620004862818658,0,0.02394327667458574,0,0.03832345701363313,0.02565854567555446,0,0,0,0,0,0,0,0.03314507116335651,0,0.01410100038658221,0,0,1,0,0.03857054012182412,0,0.0156672865721643,0.0187589588354354,0.01463921191289975,0,0,0,0,2,0,0.6667,0,0,0,0.01872488434640793,0,0,0,0,0,0.01684780935484348,0,0,0,0,0,0,0,0,fully_open
0,0,0.0691,0.2619,59,854,126,9,18,0.03085840254947107,15,0,0,0,0,0,0,0,0.01392051061380118,0,0,0,0,0,0,0,0,0,0,0,0,0,0,0,0.02001971635040536,0,0.02486579498391783,0,0,0,0,0,0,0,0,0.02209858269539003,0,0,0,0,0.0302231844238174,0,0,0,0,0,0,0,0,3,0,0.3333,0,0,0,0,0,0,0,0,0,0,0,0,0,0,0,0,0,0,partially_open
0,1,0.0557,0.0698,88,1579,258,13,13,0,5,0,0,0,0,0,0.00959807140722384,0,0,0,0,0,0,0,0,0,0,0.00925565020085605,0,0.00817798758368252,0.02557902414976828,0,0,0.07057584051089102,0,0,0,0,0,0,0,0,0,0,0,0.01113236872624911,0.0134119646584878,0,0,0,0,0,0,0,0,0,0,0,0.01446728313739699,4,0,0,0,0,0,0,0,0,0,0.01494567182822565,0,0,0,0.03068001245904593,0.01409063693199161,0,0.02732447033402022,0,0,0.01511214645888139,fully_open
0,0,0.0899,0.3071,95,1057,140,12,22,0,21,0,0.00816061188474545,0,0,0,0,0,0,0,0,0,0,0,0,0,0.01183866445540602,0,0,0,0,0,0.01366328288495381,0,0,0,0,0,0,0,0,0,0,0,0,0,0.03877807172997561,0,0,0.01900760847573486,0,0,0,0,0,0,0,0,0,4,0,0,0.0198854493088268,0,0,0,0.03656540446236817,0,0,0.0432124859381307,0,0,0,0,0,0,0,0,0,0,fully_open
0,1,0.0667,0.2344,59,884,128,8,16,0,14,0,0,0,0.01659250042114575,0,0,0,0,0,0,0,0,0,0,0,0,0,0,0,0,0,0.01876152276739927,0,0,0,0.02486579498391783,0,0,0,0,0,0,0.02597188412054054,0,0,0,0,1,0.026099999698024,0,0,0,0,0,0,0.02707470265933395,0,0,4,0,0,0.05461078616155422,0,0,0,0,0.02782582331437149,0,0,0,0,0,0,0,0,0,0,0,0,fully_open
0,0,0.0849,0.1829,97,1142,164,12,16,0,14,0,0,0.11930617046557632,0,0,0.01467291376046863,0,0,0,0,0,0,0,0.02818109516583875,0,0,0,0,0,0,0,0,0,0,0,0,0,0,0,0,0,0,0,0,0.0170184487424268,0,0,0,0,0,0.01881980593015674,0,0,0.01766801437763763,0,0,0,0,4,0,0,0,0,0,0,0,0,0,0,0,0,0,0.02345081412099488,0,0,0,0,0,0,fully_open
0,1,0.0843,0.2548,124,1471,208,18,31,0,22,0,0,0,0,0,0,0,0.03486632564952071,0.02430124607250165,0,0,0,0,0.01145680037115874,0.02510719386279333,0.01017903859717153,0.01150468669826032,0,0,0,0,0,0,0.01253571023810429,0,0,0.0368143149358962,0,0,0,0,0,0,0,0.01383743028589842,0,0,0,0,0,0.015302085195548,0,0,0,0,0,0,0,3,0,0.3333,0,0,0,0,0,0,0,0,0,0,0,0,0,0,0,0,0,0,fully_open
1,0,0.0735,0.1597,75,1020,144,9,13,0,10,0.01896561955718042,0,0,0.04996393385243888,0,0.01434318536135698,0,0,0,0,0,0,0,0,0,0.01223772056064443,0.01383147726644781,0,0.01222103762505365,0,0,0,0,0,0,0,0,0.02391721107719784,0,0,0,0,0,0.01961607345325455,0,0.02004259887167278,0,0,0,0.02275228490332321,0,0,0,0,0,0,0,0,4,0,0,0,0.01984372721887053,0,0,0.03779794618581878,0,0,0.0223345432938653,0,0,0,0,0,0,0,0,0,0,closed
0,0,0.0647,0.1273,106,1638,220,12,16,0,12,0.006593516174176,0,0,0.02605541081758043,0,0,0,0.00728651727441155,0.01015716144436592,0,0,1,0,0,0,0,0.00961719903682699,0,0,0,0,0,0,0,0,0,0,0,0,0.01269180898628241,0,0,0,0,0,0,0,0,0,0,0.02558317368630681,0,0.0153882084196931,0.01200872852230058,0,0.01417191467324511,0,0,4,0.01301568956189449,0,0.01429266669071926,0,0,0.03072051338082551,0.01314069222866356,0,0,0,0,0,0,0,0,0,0,0,0,0,fully_open
0,0,0.0787,0.2246,82,1042,138,8,17,0.02131456670942847,14,0.0174014447483408,0.00773996178759362,0.01528665218041994,0,0,0,0,0.01923039610566349,0.01340326458637977,0.04190089775444906,0,0,0,0.01263791381148439,0.01384778218205612,0,0,0,0,0,0,0.0129589899527397,0,0,0,0,0.01353653504515771,0,0,0,0,0,0,0,0.01526396949063022,0,0,0,0,0,0,0,0.02030608946103831,0,0,0,0,0,3,0,0.3333,0.018860426148578,0,0,0,0,0,0,0,0,0,0,0,0,0,0,0,0,0,fully_open
0,0,0.045,0.1832,67,1489,202,11,21,0.0202697350079859,16,0.00827421637543655,0.00736055189604491,0,0.01089899537467416,0.01522605469605875,0,0,0.00914386481494783,0.01274624181253763,0,0.0433539198655264,0,0,0,0.01316896932999454,0,0,0,0,0,0,0,0,0.01315020583801136,0,0.01633341435218132,0.01287297940568919,0,0,0,0,0,0,0,0,0,0,0,0,0,0,0,0,0,0,0,0.01876399120786532,0,4,0,0,0,0,0,0,0,0.01827774668689108,0,0,0,0,0,0,0,0,0,0,0,0,partially_open
0,1,0.0404,0.1429,72,1783,266,12,19,0,19,0,0.01021464344757254,0,0.01512513643832333,0.02113003508840806,0,0,0.00634472252465768,0,0,0,0,0,0.01667860734304742,0,0.02222769652851744,0,0,0.0073991316233318,0.01157146330584755,0,0,0.01277086637816123,0,0,0,0,0,0.01020805107157835,0,0,0,0,0,0,0.02426926938202555,0.02862089271530151,1,0,0,0,0,0,0,0,0,0,0,4,0.01133338955049316,0,0,0,0,0,0.01144223540999276,0,0,0,0,0,0,0,0,0,0,0,0,0,fully_open
0,0,0.0502,0.1902,74,1473,205,11,21,0.01737405857827362,18,0,0.01261808896464843,0.01246054841597255,0,0,0,0,0,0,0,0,0,0.01489039362967962,0,0,0,0,0,0.00914010376999811,0.01429416055428227,1,0,0,0,0,0,0,0,0,0,0,0,0,0,0,0.01498984285360401,0,1,0,0,0,0,0,0,0,0,0,0,3,0,0.3333,0,0,0.03869890912595035,0,0,0,0,0,0,0,0,0,0,0,0,0,0,0,partially_open
0,0,0.0685,0.2887,75,1095,142,11,25,0,16,0.01776779095356903,0.01580581670308593,0,0.011702079244387001,0,0,0,0.00981762327499662,0.01368543857767198,0,0,0,0,0,0.01413931443852045,0.04585924757462546,0.01295791028119847,0,0,0,0,0.01323181079385001,0,0.02823833674688756,0.01417972261017483,0,0.01382151473031892,0,0.01579561586865282,0,0.01909479029658289,0,0,0,0,0,0,1,0,0,0.05170494050285167,0,0,0,0,0,0.0201466010863396,0,3,0,0.3333,0,0,0,0,0,0,0,0,0,0,0,0.02147600872133215,0,0.13364877006640594,0,0.0233306041763473,0,0,partially_open
1,0,0.0833,0.2036,106,1273,167,11,19,0,15,0,0,0,0,0,0,0,0,0,0,0,0,0,0,0,0.00930903529826798,0,0,0.00929634486008355,0,0,0,0.03209089500153336,0,0,0,0,0,0,0,0,0,0,0,0,0,0,0,0,0,0,0,0,0,0,0,0,0.08222857509717098,4,0.04271816061339729,0,0,0,0,0,0,0,0,0,0,0,0.01780726122288354,0,0,0,0,0,0,0,closed
0,0,0.0611,0.1134,121,1979,291,15,19,0.01292195606759101,14,0,0,0,0,0,0,0,0,0.00812572915549274,0.05080483852726947,0,0,0.05537365131037111,0,0.00839521794787152,0,0,0,0,0,0,0,0,0,0,0.01041255164951559,0,0,0,0,0,0,0,0,0.00925378150369457,0,0,1,0.01092937487354755,0,0,0,0,0,0,0,0.01196204439501414,0,4,0,0,0,0,0,0,0,0,0,0,0,0,0,0,0,0,0.01135673298257715,0.02770509245941242,0,0,partially_open
0,0,0.0449,0.1024,86,1914,254,12,14,0,12,0.02722484097724287,0,0.03826594223227701,0,0,0.00823576449781142,0,0,0,0,0,0,0.01143197962536693,0.00790888799815474,0,0,0,0,0.00701724095890177,0,0,0,0,0,0,0,0,0,0.00968118391949689,0,0,0.01057998141883102,0,0,0,0.02301666193005003,0,1,0,0,0.01056337494144281,0,0,0,0,0,0.03704375038455992,0,4,0,0,0,0.01139414014502888,0,0.01268459907337311,0,0.012027936529438,0,0,0,0,0,0,0,0,0,0,0,0,partially_open
0,0,0.0545,0.084,91,1671,250,11,13,0,8,0.00644251962056892,0,0,0,0.03556620409919067,0.0097446068485555,0,0.0142393009332012,0.05954732816238953,0,0.05626081203923273,1,0.01352638810635019,0.01871568915593871,0.06152220786226459,0,0,0,0,0,0,0,0,0.01023909156852793,0,0,0.01002323587313204,0,0,0,0,0,0,0,0,0,0,0,0,0,0.01249864973987508,0.03767324633764698,0,0.03520115841651468,0,0,0,0,4,0,0,0,0,0,0,0,0,0.0129430581029581,0,0,0,0,0,0,0,0,0,0,0,fully_open
0,0,0.0472,0.0854,102,2161,316,15,15,0,12,0,0.01279732318289627,0,0,0,0,0,0,0,0.01539540561432408,0,0,0.01006793660188565,0.00696521386201128,0,0,0,0.00832578163897922,0.00617995652630554,0,0,0,0,0,0,0,0,0,0,0,0,0.00931759727226596,0,0,0.01682505727944468,0,0,1,0.00993579533958868,0.01150541679770321,0,0,0,0,0,0,0,0,3,0,0.3333,0,0,0,0.03351328732453692,0,0,0,0,0,0,0,0,0,0,0,0,0,0,fully_open
1,0,0.0553,0.0929,67,1211,183,9,9,0,8,0.00843970070294529,0,0,0,0.02329586368496988,0,0,0,0,0,0,0,0,0,0,0.02178314259794709,0.01231001476713855,0.02930675136920687,0.07613706440408427,0,0,0,0,0,0,0,0.02626087798760596,0,0.01500583507522018,0,0,0,0,0,0,0,0.01402423743049774,0,0,0,0.01637323115923636,0,0.01969690677720717,0,0,0,0,0.01924148657273801,4,0,0,0,0.03532183444958954,0,0,0.03364017210537871,0,0,0.03975548706308024,0,0,0,0,0.0374810942390977,0,0.01817077277212345,0,0,0.02009915479031225,partially_open
1,0,0.0472,0.2444,66,1398,180,6,27,0,17,0,0.00695163234626464,0,0,0,0,0,0,0,0,0,0,0,0,0,0,0,0,0.01007104026509051,0,0,0.01163909282792362,0,0,0,0,0,0,0,0,0,0,0,0,0,0,0,0,0.0161916664793297,0,0,0,0,0,0,0,0,0,4,0,0,0,0,0,0,0,0.01726231631539713,0,0.07362127233903748,0,0,0,0,0.01735235844402671,0,0,0,0,0,closed
0,0,0.0758,0.2405,79,1042,158,13,21,0,17,0.04906802734270517,0,0.03448384329071475,0,0,0,0,0.02169009793313207,0,0.04726031490908788,0,0,0,0,0,0,0,0,0,0,0,0,0,0,0,0,0.03053590463675111,0,0.01744864543630253,0,0,0,0,0,0,0,0,0,0,0,0,0,0,0,0,0,0,0,4,0.01937218911537784,0,0.02127280623734961,0,0,0,0,0.0216782576984057,0,0,0,0.0411399995874085,0,0,0,0,0,0,0,0,partially_open
0,0,0.0351,0.2062,52,1481,194,6,21,0,19,0,0.00610387230403725,0,0,0,0,0,0,0,0.01101459913870341,0.023968020738665,0,0.02881230637287602,0,0,0,0,0,0.02652859386901891,0.01382930980454952,0,0.02043938252708539,0,0.01090504874371674,0.01095181827615129,0,0.01067515365349836,0,0.01219986591481315,0,0.01474800876565345,0,0,0,0.01203743935439944,0,0,0,0.01421707300624071,0,0,0,0,0.01249688821832906,0,0,0.01556038295286392,0,4,0,0,0,0,0,0,0,0.01515715578912919,0,0,0.016906028794145,0,0,0,0,0,0,0,0,0,fully_open
0,0,0.0948,0.4455,78,823,101,8,25,0,20,0.01205671528992184,0,0,0,0.01109326842141423,0,0,0,0,0,0,0,0,0,0,0,0.0175857353816265,0,0.01553817640899678,0,0,0,0,0,0,0,0,0,0,0,0,0.04685420342625168,0,0.02494043624770936,0,0,0.04006924980142212,1,0,0,0,0,0,0,0,0,0,0,2,0,0.6667,0,0.05045976349941363,0,0,0,0,0,0,0,0,0,0,0,0,0,0,0,0,fully_open
0,0,0.0472,0.0463,89,1886,259,13,6,0,6,0.00558920576353992,0,0.00981990239404459,0,0,0.00845393044477332,0,0.0247066016191968,0.0172200882765409,0,0,1,0,0.00811839496499328,0.01779119035310521,0,0,0,0,0,0,0,0,0.00888292049984873,0,0,0.01739130992556686,0,0,0,0,0,0,0,0,0,0,0,0,0,0,0,0,0,0.06774774417543936,0.02402655732682615,0,0,2,0,0.6667,0,0,0,0,0,0,0,0,0,0.01171536412091765,0,0,0,0,0,0,0,0,fully_open
0,0,0.0789,0.2821,72,912,117,7,18,0,15,0,0.00962533709482797,0,0,0,0,0,0,0.01666816237024151,0.01736917556487845,0,0,0,0,0,0,0,0,0,0,0,0.01611566699250963,0,0,0,0,0,0,0,0,0,0,0,0,0,0,0,0,0,0,0,0.04218115615582696,0,0,0,0,0,0,3,0,0.3333,0,0,0,0,0.02156421288806328,0,0,0,0,0,0,0,0,0,0,0,0,0,closed
0,0,0.0514,0.1629,59,1147,178,7,15,0,14,0,0,0,0,0.15530575789979928,0,0,0.0219452755558748,0,0.03187754574260046,0,0,0,0.01442208987898806,0,0,0,0.01723926551129816,0,0,0,0,0,0,0,0,0,0,0,0,0,0,0,0,0,0.02098577999504562,0,0,0,0,0,0,0,0,0,0,0,0,3,0,0.3333,0,0,0,0,0,0,0,0,0,0,0.04902234266064411,0,0,0,0,0,0,0,fully_open
0,1,0.0232,0.0259,50,2159,309,7,4,0,4,0,0,0,0.00690495359140847,0.02411580091611789,0,0,0,0,0.01682976017466483,0.01831097236556394,0,0,0.00761414683052165,0,0.01352990223474974,0.05352180333538501,0,0,0.01056524910533907,0,0,0,0,0,0,0.01631110434012792,0,0,0,0,0,0.01080817537935538,0,0,0,0,0,0,0,0,0,0,0,0,0.05633556143401785,0.01188774598262274,0,3,0,0.3333,0.02272622778151635,0.02193902760844071,0,0,0,0.01157969044759559,0,0,0,0,0,0,0,0,0.01128619426839965,0.06883252784947184,0.01253047298608933,0,fully_open
0,0,0.0685,0.063,58,847,127,7,4,0,4,0,0.01104082784406737,0,0.01634849306201125,0,0.0187726984876584,0,0,0,0,0,0,0,0.01802761234873508,0,0.08008508308068783,0,0,0,0.02501478096999398,0,0,0,0,0.01980990658774425,0.02450012152827198,0,0,0,0,0,0,0,0,0,0,0.02062387857426138,0,0,0,0,0.02419213367760664,0,0.04520933090748454,0,0,0.02814598681179797,0,4,0.02450012152827198,0,0,0,0,0,0.02473542066571964,0,0,0,0,0,0,0,0,0,0,0,0,0,fully_open
1,0,0.0583,0.0553,88,1510,217,16,6,0,6,0,0.00620476275534365,0,0.0091875828778245,0,0,0,0,0,0,0,0,0,0,0.01110111464181358,0,0.010173565923255,0,0,0,0,0,0,0,0.01113284006583974,0,0,0,0,0.01342604586978635,0,0,0,0,0,0,0,0,0.01445206594849262,0,0,0.01359557925683679,0.01627843535306377,0,0,0,0,0,3,0,0.3333,0,0,0,0,0,0,0,0,0,0,0.01721859143039152,0,0,0.01748847542191262,0,0,0,0,partially_open
0,1,0.1005,0.1105,118,1174,190,15,13,0,8,0.00959056898061964,0,0.01685005978978107,0,0.03529676315904528,0.01450617610409967,0,0.01059857058096226,0.04432215902996039,0,0.03350075625972494,0,0.02013587320377131,0.01393042772402256,0.01526403263249367,0.01237678556701539,0,0,0,0,0,0.02856868239581253,0,0.01524228403951317,0,0,0,0,0,0,0,0,0.03954809627445947,0,0.01682505727944468,0,0.03187326688749487,1,0,0,0.01860594449913222,0,0,0.01746724148698266,0,0,0,0,3,0,0.3333,0,0,0,0.02234219154969128,0.03822746830156672,0,0,0,0.02363001751908904,0,0,0.04636865519378534,0,0,0.02064860542286755,0,0.02292506989500435,0,fully_open
0,0,0.0369,0.1954,46,1245,174,4,21,0.02109707113076083,13,0,0,0,0.022687704657485,0,0.01302595405266093,0,0,0,0,0,0,0,0,0,0.01111384826425872,0.02512247911660929,0.01495242416796268,0.0110986974349977,0,0,0,0,0,0,0,0,0,0,0,0,0.01673364408080417,0,0.0178145973197924,0.0151082146999095,0,0,1,0,0,0,0,0,0,0,0.01851025589974872,0,0,3,0,0.3333,0,0,0,0,0,0,0,0,0,0,0,0,0,0,0,0,0.02058577704857533,0.02050934162276761,fully_open
0,0,0.1881,0.4815,79,420,54,10,13,0,13,0,0,0,0,0,0,0,0,0.03939747469329813,0,0,0,0,0,0.04070408701998314,0,0,0,0,0,0,0,0,0,0,0,0,0,0,0,0,0,0,0,0,0,0,0,0,0.12272444584216766,0,0,0,0,0,0,0,0.05830753506890305,4,0,0,0,0,0,0,0,0,0,0,0,0,0,0,0,0,0,0,0,0,partially_open
0,0,0.1086,0.1958,118,1087,143,14,15,0.02271992275620397,13,0,0,0,0,0,0,0,0.02049833431043251,0,0.02977572953979164,0,0,0,0.01347118285399984,0,0,0.02705497751019462,0,0,0,0,0,0,0,0,0,0,0,0,0,0,0.03604169494327053,0,0,0,0,0,0,0,0,0,0,0,0.01689139836103818,0,0,0,0,4,0,0,0,0,0,0,0,0,0,0,0,0,0,0,0,0,0,0,0,0,partially_open
0,0,0.0744,0.1887,90,1209,159,9,15,0,15,0.00774284468160118,0,0,0,0,0,0,0,0,0,0,0,0,0.01124658385058702,0,0,0.01129359152948491,0,0.00997864540027316,0,1,0,0,0,0,0,0,0,0.01376682116992677,0,0.01664224842362729,0,0,0,0.01358353248248745,0,0.01286627287201627,1,0,0,0,0,0,0,0,0,0,0.01765273997498899,4,0.03056895897105495,0,0.01678404895790886,0,0,0,0.01543127160797189,0,0.01555541845401387,0,0,0,0,0,0,0,0.01667043373589307,0,0,0,partially_open
0,0,0.0746,0.1084,143,1918,249,20,15,0.01202042424892187,12,0,0.00436497844998012,0.00862096082267868,0,0.01805880905811619,0,1,0.01084504896656603,0,0.01575343830302929,0,0,0,0,0,0.03799385336851237,0.00715698532973171,0,0,0,0,0.00730826758962646,0.0436585431997605,0.00779837788068115,0,0.00968609455768892,0.01526795231837555,0,0,0,0,0,0.04046781944363294,0,0,0,0.03261450565232033,1,0,0.01177298463020794,0,0,0,0.01787345640528458,0,0,0.02225496631630537,0.01118691079810349,1,0,1,0,0.01026797513069463,0,0.0228617773996841,0.0097791197980752,0,0,0,0,0.02056999979370425,0,0,0,0,0,0,0,0,partially_open
0,0,0.0568,0.2808,70,1233,146,8,23,0,18,0.00803781019328122,0,0,0,0,0.01215755711581687,0,0.00888261153452075,0,0,0,1,0,0,0,0,0,0,0,0,0,0,0,0,0.01282927283777723,0,0.01250517999409807,0,0.014291271500209691,0,0,0,0,0,0.01410100038658221,0,0,1,0,0,0,0,0,0,0,0.01727623883976547,0,0,3,0,0.3333,0,0,0,0,0,0,0,0,0,0.01684780935484348,0,0,0,0,0,0,0.01921339191200365,0,fully_open
0,0,0.0514,0.1102,78,1517,236,13,14,0.01752129636283527,12,0.0643705985817861,0,0.02513229256780905,0,0,0,0,0,0,0,0,0,0,0.01038879355689818,0,0.01846029033724329,0,0,0,0,0,0,0,0,0,0.04235614230311427,0,0,0.02543361877155963,0,0,0,0,0,0,0,0,0,0,0,0,0,0,0,0,0,0.01621972121357849,0,3,0,0.3333,0,0,0,0,0,0,0,0,0,0,0,0,0,0,0,0,0.01709666229457952,0,fully_open
0,0,0.0616,0.1089,91,1478,202,14,11,0,11,0,0,0.06740023915912428,0,0.02823741052723622,0,0,0,0,0,0,0,0,0,0,0,0,0,0,0,0,0,0,0,0,0,0.01193676272163907,0,0,0,0,0,0,0,0,0,0,1,0,0,0.01488475559930578,0,0,0.01397379318958613,0,0,0,0,4,0,0,0,0,0,0,0,0,0,0,0,0.01608199983871423,0,0,0,0,0,0,0,0,fully_open
0,0,0.0165,0.0561,37,2248,303,6,9,0,8,0,0,0,0,0,0,0,0,0,0.02270607308481317,0,0,0,0,0,0,0,0,0,0,0,0,0,0,0,0,0,0,0,0,0,0,0,0,0,0,0,0,0,0,0.00914705651353986,0.0091903077657947,0,0,0.01428758291968064,0,0,0,4,0,0,0,0,0,0,0.03758678447528348,0,0,0,0,0,0.01163938303395181,0,0,0,0,0,0,0,fully_open
0,1,0.0962,0.1923,76,790,104,11,11,0,9,0,0,0.02059451752084353,0,0.02157024415274989,0,0,0,0,0,0.02047268438094302,0,0,0,0,0,0,0.02035191067306032,0,0.02362507091610542,0,0.08729319620942719,0,0.0186294582705161,0,0,0.01823672082472635,0,0,0,0.02519451497465798,0,0.02416828105661412,0,0,0,0,1,0,0,0,0,0,0,0,0,0,0,4,0,0,0,0,0,0,0,0,0,0,0,0,0,0,0,0,0.15142310643436208,0.03078343606601379,0.02801952987167198,0,fully_open
0,0,0.0671,0.1714,50,745,105,6,11,0,7,0,0,0,0,0.01272998015572125,0,0,0.03057948233195669,0,0,0,1,0,0,0,0.10713020949810044,0,0,0.01783069423983238,0,0,0.04121383689887709,0,0.02198886877831409,0.02208317455682966,0,0.02152530982590652,0,0,0,0.02973778816680942,0,0,0,0,0,0,1,0,0,0,0,0,0.02519864345663073,0,0,0,0,4,0,0,0,0,0,0,0,0.03056278954201459,0.05559149545860695,0,0.03408920560130878,0.02900032757800927,0,0,0,0,0,0,0,0.03294943408247911,fully_open
0,0,0.0757,0.1467,84,1110,150,13,11,0,11,0,0,0,0,0.0150782289223106,0,0,0,0,0,0,1,0.01720346448477549,0,0.02608223051765909,0,0.01195147064770733,0.01422657833456644,0,0,0,0.0122040973341335,0,0.01302253393667145,0,0.03234967502762125,0,0,0,0,0,0.01592133126134766,0,0,0,0,0,0,0,0.01965974132423073,0,0.01597150572890535,0,0,0,0,0,0,4,0,0,0,0,0,0,0.01633018063367898,0,0,0,0,0,0,0,0,0,0,0,0,0,partially_open
0,1,0.0602,0.1229,97,1610,236,10,15,0,14,0,0.00620476275534365,0,0,0,0.01054994625752703,0,0,0.02148953165088989,0,0,0,0,0,0.02220222928362716,0.01800259718838602,0,0,0,0,0,0,0.01551501948421241,0,0.03339852019751924,0,0,0,0,0,0.0149917775055816,0,0,0,0.04894562117656634,0,0,0,0,0,0,0,0,0,0.08454470554125078,0,0,0,3,0,0.3333,0.01511951517695922,0,0,0,0,0,0,0.01642788721614886,0,0,0,0,0,0,0,0,0,0,fully_open
1,0,0.0252,0.0586,47,1864,273,6,8,0,8,0,0.00503876706977571,0,0.02238317170906238,0.01563480784226167,0,0,0,0,0,0,0,0,0.00822736670948983,0,0.00730977939528425,0,0,0.00729981442033406,0,0,0,0.02519889070590203,0,0,0,0,0,0,0,0,0,0,0.01171698347207822,0,0.01197175368844884,0,0,0.01173624147495038,0,0,0,0,0,0,0,0.01284514834363934,0.01291374937767651,4,0.01118126351625835,0,0,0.01185296458039917,0,0,0,0,0,0,0,0.0118726173305944,0,0,0,0,0,0,0.01353963859570727,0,closed
1,0,0.0585,0.1921,61,1043,151,9,16,0,13,0.07384738115077127,0,0,0.04168865730812869,0,0,0,0,0,0,0,0,0,0,0,0,0,0,0,0,0,0,0,0,0,0,0.01641304874225372,0,0.03751458768805046,0,0.02267506347719218,0,0,0,0,0,0,0,0,0,0.02046653894904545,0,0.02462113347150896,0,0,0,0,0,4,0.02082510329903118,0,0,0,0,0,0,0.04660825405157226,0,0,0,0,0,0,0,0.02645131907564284,0,0,0,0,closed
0,0,0.0809,0.197,103,1273,198,14,22,0.0202697350079859,17,0,0,0,0,0,0,0,0,0,0,0,0,0,0,0,0,0,0,0,0,1,0,0,0,0,0,0,0,0,0,0,0,0,0,0,0,0,0,0,0,0,0,0,0,0,0,0,0,4,0,0,0,0,0,0,0,0,0,0,0,0,0,0,0,0,0,0,0,0,fully_open
0,0,0.0328,0.1538,57,1737,234,8,19,0.01455995049869409,17,0.00594345119925724,0.01057431399150115,0,0.00782885583251243,0.02734256301052804,0,0,0,0,0,0.04152206409656049,0,0,0.00863294112474638,0,0.03835060316539981,0,0,0.00765966442697024,0,1,0,0,0.00944592250336027,0,0,0,0,0,0,0,0,0,0,0,0,0.00987622354260404,0,0,0,0,0,0,0,0,0,0,0,2,0,0.6667,0.01288353053811314,0,0.04864616393649392,0,0.01184513102302067,0,0,0,0,0,0,0,0.01319756839404848,0,0,0.03121700558807033,0,0,partially_open
1,0,0.0449,0.1497,51,1137,167,6,14,0,11,0,0,0,0,0,0,0,0.01984413215158892,0,0,0,0,0,0,0,0,0,0.01558869753681216,0,0,0,0,0,0.0142693722923102,0,0.05317047650816472,0.01396855212106699,0,0,0,0,0,0.01851187485187464,0,0,0,0,0,0.01860319127412349,0,0,0.07000276979052134,0.02095415614596507,0.01635231117930291,0,0,0,0,3,0,0.3333,0,0,0,0,0,0.01983329959641372,0,0,0,0.01881936151338899,0,0,0,0.02251176091544072,0,0,0,0,closed
1,0,0.0492,0.1466,93,1890,266,11,22,0,17,0.0053079878634876,0.00472186348048164,0,0,0,0,0,0,0,0,0,0,0,0.00770992226235211,0,0,0,0.00921595955006505,0,0.01069814532050057,0,0,0,0,0,0.01047803939573896,0,0,0,0.02043461069489495,0,0.02062763672853848,0,0,0,0,0,0,0.01099811308029942,0.02547111140120461,0,0,0,0,0,0,0,0,4,0,0,0.01150604614095639,0,0.01448166725153488,0,0,0.01172534693121314,0,0.01250172549153466,0,0,0,0,0,0,0,0,0,0,partially_open
0,0,0.0701,0.3407,43,613,91,7,17,0,14,0,0.0129444188516652,0,0,0.0133884274051551,0.04401874128140591,0,0,0,0,0.02541436681772237,1,0,0,0,0,0,0.02526444083552316,0.05625891458429872,0,0,0.02167279354165088,0,0,0,0,0.02263868792034996,0,0,0,0,0,0.03000200407027959,0,0,0,0.02417971970775473,0,0,0,0,0,0.03396018409863305,0,0,0,0,0,4,0,0,0,0.03044985728412892,0,0,0,0,0,0,0,0,0,0,0,0,0.06265783714525328,0,0,0,partially_open
0,0,0.0513,0.1519,92,1794,237,9,21,0,15,0,0,0,0.02984422894541651,0.01042320522817444,0,0,0,0,0.00909258855074174,0,0,0,0,0,0.01461955879056851,0.00826175487727419,0,0.00729981442033406,0.03424842495220652,0,0,0,0.00900215433206147,0,0,0,0,0,0,0,0,0,0,0,0.01197175368844884,0.01882447977248019,1,0,0,0,0,0,0,0,0,0,0,4,0,0,0,0,0,0,0,0,0,0,0,0,0,0,0,0,0,0,0,0,partially_open
0,1,0.0807,0.1375,123,1525,240,18,18,0,15,0,0,0,0,0,0,0,0,0,0,0,0,0,0,0,0,0,0,0,0,0,0.06413377680692608,0,0.0136869489334404,0,0,0.0267968142730673,0,0.01531207660736753,0,0,0,0,0.0356291946395848,0.04532464409972853,0,0,0,0,0,0,0,0,0,0.05219341515556807,0,0,0,4,0,0,0,0,0,0.10031188042718536,0,0,0,0,0,0,0,0.02081857988292402,0,0,0,0,0,0.02050934162276761,fully_open
0,1,0.0569,0.2529,63,1107,174,9,23,0,21,0,0.00816061188474545,0,0.02416733756992967,0.00844053032064126,0.02775094559045155,0,0,0,0,0,0,0,0.01332475695341289,0,0.03551599336621808,0.0267609016676925,0,0,0.01848918593434338,0,0,0,0.01457957603779521,0,0,0,0,0,0,0,0,0,0,0,0,0.01524373633749754,0,0.01900760847573486,0,0,0,0,0,0,0,0,0,3,0,0.3333,0,0,0,0,0.01828270223118408,0,0,0,0,0,0,0,0,0,0.0395016799393988,0,0,0,fully_open
0,0,0.12,0.2205,174,1450,195,19,25,0,18,0.00680621024431071,0,0.02391621389517313,0.01793060529381879,0,0,0,0.00752156621874741,0.01048481181353901,0.03277731517888353,0,1,0,0,0.01083253928757615,0.03513410096443079,0,0,0,0,0,0,0,0,0,0,0,0,0,0,0.01462907321109173,0,0,0,0.02388072646114729,0,0,1,0,0,0,0,0,0,0,0,0,0,3,0,0.3333,0,0,0,0,0,0,0,0,0,0,0,0,0,0,0,0,0,0,partially_open
0,1,0.0566,0.0603,76,1343,199,9,6,0,6,0,0,0,0.01058759550682633,0.00739551228094282,0,0,0.02664783460356226,0.03714619042510966,0.01290281613390971,0,0,0,0,0.03837813919026981,0,0,0.02791119178019702,0.02071756854532905,0,0,0.07182983002375722,0,0.01277448567121104,0.01282927283777723,0,0.02501035998819615,0,0,0,0.01727623883976547,0.01561806780875056,0.01657253558167825,0,0,0,0.01335641660047404,1,0,0,0,0,0.0375179176708708,0.02927842382579951,0,0,0,0,4,0,0,0,0,0,0,0,0,0,0,0,0,0,0,0,0,0,0,0,0,fully_open
1,0,0.047,0.1102,81,1724,236,10,17,0,9,0.00548032513178265,0.00487517073634144,0,0,0.01008478947401294,0.00828924348805695,0,0,0,0.00879737463675662,0,0,0,0.00796024441372718,0,0.00707244889543736,0.015987032165115,0,0,0.02209097540207261,0,0,0.04876148980752472,0,0,0,0,0.01382228432383511,0,0,0,0.01064868259687538,0,0.01133656193077698,0,0.02316612077375166,0,0,0,0,0,0,0,0,0,0,0,0.02498894360095845,4,0,0,0,0,0,0,0,0,0,0.01290762566983124,0,0,0.0135288932667362,0,0.01216918644126549,0,0.01179920309878146,0,0,0.01305139921448847,closed
0,0,0.0671,0.3072,77,1148,153,9,28,0,19,0.02557485061498573,0.00758359892319779,0.02995566184849968,0,0,0,0,0,0,0,0,0,0,0,0,0.01100158717068035,0,0,0,0,0,0.01269719217591668,0,0,0,0,0,0.02150133117041018,0,0,0,0,0,0.01763465189231975,0,0,0,1,0,0,0,0,0,0,0,0.07329313447173232,0,0,4,0,0,0.03695881487701145,0,0,0,0,0,0,0,0,0,0,0,0,0,0,0,0,0,fully_open
0,0,0.0744,0.2365,82,1102,148,11,18,0,17,0,0.00807286336985571,0,0,0.01669954386019347,0,0,0,0,0,0.03169964033178275,1,0.01905329937561156,0,0,0,0,0,0,0,0,0,0,0,0,0,0,0,0.01613530653249482,0,0,0,0,0.0187723713692436,0,0,0,1,0,0,0,0,0,0,0,0,0,0,2,0,0.6667,0.03934325454649606,0,0,0,0,0,0,0,0,0.01902172023933941,0,0,0,0,0,0,0,0,partially_open
0,0,0.075,0.3566,70,933,129,11,27,0.03040460251197885,19,0,0,0,0,0,0,1,0,0.03823872543761289,0,0,0,0,0,0.03950690798998363,0,0,0,0,0,0,0,0,0,0,0,0,0,0,0,0,0,0,0,0,0,0,1,0,0,0,0.02419213367760664,0,0,0,0,0,0,3,0,0.3333,0,0,0,0,0,0,0,0,0,0,0.03063896416290257,0,0,0,0,0,0,0,partially_open
1,0,0.0544,0.1039,96,1766,231,10,14,0,10,0,0.00484371802191343,0,0.00717224211752751,0,0,0,0,0,0,0,0,0,0,0,0.00702682019288615,0.00794194501105713,0,0.00701724095890177,0,0,0,0,0,0,0,0,0.0137331082959394,0,0.02096195548702127,0.01170325856887338,0.01057998141883102,0,0.01126342282154616,0,0.01150833096502501,0,0,0,0,0,0,0,0.0099168854893837,0,0,0,0.03724158691497679,3,0.01074844041240319,0.3333,0,0.01139414014502888,0.04456616309020734,0,0,0.012027936529438,0.0109389716870162,0,0,0,0,0,0,0.08191376229876493,0,0,0,0,closed
0,0,0.0466,0.1421,67,1439,197,11,15,0,13,0,0.00620476275534365,0,0,0,0,0,0.00770805133160891,0.01074476582544494,0.01119665862859933,0,1,0,0,0.01110111464181358,0.01800259718838602,0,0,0,0,0,0,0,0,0,0.02753732667640487,0,0,0.02480303318218212,0,0,0,0,0,0,0,0,0,0,0,0,0,0,0,0,0,0,0,3,0,0.3333,0,0,0,0,0,0,0,0,0,0,0,0,0.01548805547070153,0,0,0,0,0,partially_open
0,0,0.1048,0.1438,116,1107,146,14,13,0,8,0,0.00872995689996025,0,0,0,0,0,0,0.01511763563812602,0,0,0,0,0,0.01561901013557492,0,0,0,0.01264735289104389,0,1,0,0,0,0,0,0,0,0,0,0,0,0,0,0,0,0,1,0,0,0,0,0,0,0,0,0,0,3,0,0.3333,0,0,0.05354849053474525,0,0,0,0,0,0,0,0,0,0,0,0,0.07731653709603466,0,0,partially_open
0,1,0.0794,0.1722,79,995,151,11,14,0,12,0,0.01028460675885728,0,0,0,0.01748689722138043,0,0.01277635905650245,0,0,0,0,0,0,0,0,0,0,0,0,0,0.01721947980021577,0,0,0.01845306367077547,0,0.05396070819371087,0,0,0.0222541308252623,0,0,0,0,0.0202822608300155,0,0,0,0,0,0.02242908377977583,0,0.02698206407836598,0.02105640069663663,0,0.02484938463253937,0,0,4,0,0,0,0,0,0,0,0,0,0,0,0,0,0,0,0,0,0,0,0,fully_open
0,0,0.065,0.1863,84,1293,161,10,17,0.01737405857827362,13,0.0070921854646599,0.00630904448232421,0,0,0,0,0,0,0.01092535012503225,0,0,0,0,0,0.01128768799713818,0,0,0,0,0.01429416055428227,1,0,0,0,0,0,0,0.01788766206613955,0,0,0,0,0,0,0,0,0,0,0,0,0,0,0,0,0,0,0,0,4,0.04200020833418054,0,0,0.01484110691159224,0.01934945456297517,0,0.02826905218939388,0,0,0.01670398616095808,0,0,0,0.01714471284476096,0,0,0,0,0,0,fully_open
0,0,0.0533,0.1232,77,1446,211,10,17,0,9,0,0.00682523903087801,0,0,0.00705935263180905,0,0,0,0.03545772722396832,0.0369489734743778,0,1,0,0,0.03663367831798482,0,0,0,0,0,0,0,0,0.01219382723161054,0,0,0,0,0,0,0,0,0,0,0,0,0,0,0,0,0,0,0,0,0.02324979402384396,0,0,0,4,0,0,0,0,0,0,0,0,0,0,0,0,0.01894045057343068,0,0,0,0,0,0,0,fully_open
0,0,0.0694,0.0926,83,1196,162,11,8,0,7,0,0.00736055189604491,0,0.04359598149869667,0,0,0,0,0,0,0,1,0,0,0,0,0.0120686419285672,0,0.01066345439833113,0,0,0,0,0,0,0,0,0.04173787815432564,0,0,0,0,0,0,0,0,0,0,0,0,0,0,0,0.01506977696916151,0,0,0,0.09432101261146082,1,0,1,0,0,0,0,0,0,0.01662294717144619,0,0,0.0173433331593977,0,0,0.03674617082264481,0,0,0,0,0,partially_open
0,0,0.0574,0.2364,49,854,110,7,14,0.02685081780278652,12,0,0.00975034147268288,0,0,0.02016957894802588,0.01657848697611391,1,0.0242253041850566,0,0,0,0,0,0,0,0,0,0.01903035803195251,0,0,0,0,0.12190372451881178,0.01741975318801505,0.01749446296060532,0,0.03410503634754021,0,0,0.02109807208109284,0.0235585075087711,0,0.02259891215683398,0,0,0,0.05463988609284835,0,0,0,0.02126393657043683,0,0.02558039841195736,0.01996256169940876,0,0.0235585075087711,0,0.0999557744038338,2,0.0432729419200648,0.6667,0,0.0229362561360971,0,0,0.02184426760089527,0,0,0,0,0.02297428548387747,0,0,0,0,0,0,0,0,partially_open
0,0,0.0337,0.08,48,1424,200,5,8,0,8,0.0070921854646599,0.04416331137626951,0.01246054841597255,0,0.01957635603778982,0.01072725627866194,0,0.00783759841281243,0,0,0.01238683424729325,1,0,0,0,0,0.01034455022448617,0,0.03656041507999244,0,0,0.02112642059522271,0,0.02254321000801948,0,0,0.03310194704320079,0,0.05043978176544599,0,0,0,0,0,0.01244205916463136,0,0.02357014694201301,0,0,0,0.01375901778087089,0,0,0,0,0.04573122045820272,0,0,2,0,0.6667,0,0,0,0.03304391355248458,0,0.01566664001733521,0,0,0,0.0297314282732532,0,0,0,0,0,0,0,0,partially_open
0,1,0.0512,0.062,91,1778,274,12,9,0,8,0,0.00556130587701171,0,0.03293918602123748,0.02876032553699986,0,0,0,0,0.01003552365970755,0,0,0.01312560623653241,0.00908057510899248,0,0.01613566118366451,0,0,0,0.02520007564384579,0,0.0093112742623389,0,0,0,0,0,0,0,0,0,0,0,0,0,0,0.02077664804518184,0,0,0,0,0,0,0,0,0,0,0.02850590603368593,3,0,0.3333,0,0,0,0,0,0,0,0,0,0,0,0,0,0,0,0,0,0.0148882628076387,fully_open
1,0,0.0612,0.1711,80,1308,187,12,16,0,16,0,0,0.01360371799541958,0,0.02849646933941271,0.01171140823083276,0,0.02566993241627557,0,0,0.04056972317691461,0,0,0,0,0,0,0,0.01995729080054633,0,0,0,0.01722309502375873,0,0,0.01528447948552747,0.02409254861248253,0,0,0,0,0,0,0,0,0,0.01286627287201627,1,0,0,0,0,0,0,0,0.01664224842362729,0,0.07061095989995599,4,0,0,0,0,0,0.01803773262727369,0,0.0342078928818879,0,0,0,0,0.01911421617502179,0,0,0,0.01667043373589307,0,0,0,closed
0,0,0.103,0.226,110,1068,146,14,20,0,13,0,0.00834195881551757,0,0,0,0,0,0.01036304679027421,0.01444574072087598,0,0,0,0.05906522806439585,0.01362086266348873,0,0,0,0,0,0,0,0,0,0,0,0,0,0,0,0,0,0,0,0,0.01645116711767924,0,0,0,0,0.02249948173773073,0,0,0,0,0,0,0.02126585670224736,0,4,0,0,0,0,0,0,0,0,0,0,0,0,0,0,0,0,0,0,0,0,partially_open
0,0,0.0669,0.1007,127,1899,268,18,15,0,12,0.00505371299577562,0.00449566642752444,0,0,0.0511486029011315,0,0,0.01675462654714992,0,0.00811254906623065,0.00882654655944848,1,0.01061052001156811,0,0,0.00652189898142128,0,0.00877447645784637,0,0.01018565931712329,0,0.02258123398950451,0.01124142130293234,0,0.00806630926926113,0,0.0078625383196425,0,0,0,0,0,0.04167943080422075,0.0209081501477803,0.00886589844665348,0,0.07557972267932916,1,0,0,0.02941299010641262,0,0.01179455495641147,0,0,0,0,0.02304369649429701,4,0,0,0,0.01057539953580525,0,0,0,0,0,0,0.01245174575856189,0.01059293402550039,0,0.01221689118878176,0,0,0,0,0,0,fully_open
1,0,0.0557,0.1442,89,1598,208,12,16,0,14,0,0,0.01114891174060702,0,0.01167712465412024,0,0,0,0,0,0,0,0,0,0,0,0.01851130040171211,0,0.01635597516736504,0,0,0,0,0,0.01012837329298202,0,0,0,0,0.02442934662021275,0,0,0,0.02625309078706248,0,0.0134119646584878,0.02108907884285375,1,0.01314812014862863,0,0,0,0,0,0,0,0,0,4,0.02505275584845856,0,0,0.01327888513142464,0,0,0,0,0,0,0,0,0,0,0,0.11137397505533828,0,0,0,0,closed
0,0,0.0457,0.1055,67,1467,199,8,11,0,10,0.01318703234835201,0,0,0,0,0,0,0,0,0,0,0,0,0.01915433812053103,0,0.02552712023196925,0.00961719903682699,0,0.00849744022367011,0,0,0.00982048457356055,0,0,0,0,0,0,0,0,0,0,0,0,0.01156722687961821,0,0,1,0,0,0,0,0,0,0,0,0.01495255549376767,0,2,0,0.6667,0,0,0,0,0,0,0,0.01552948713401572,0,0,0,0,0.01464105243714754,0,0,0,0,0.01570246467993145,partially_open
1,0,0.0516,0.1351,74,1434,185,9,14,0,11,0,0,0.01114891174060702,0,0,0,0,0,0,0,0,0,0,0,0,0,0,0,0.00817798758368252,0,0,0.01890258684835716,0,0,0,0,0,0,0,0,0,0.01233005353322412,0,0,0,0.0134119646584878,0,0,0,0,0,0,0,0,0,0,0,0.14467283137396997,3,0,0.3333,0,0,0,0,0,0,0,0,0,0,0,0,0,0,0,0,0,0,closed
0,0,0.0654,0.1337,78,1193,172,12,13,0,10,0.00861193949280131,0,0,0.0113438523287425,0,0,0,0,0,0,0,0,0,0,0,0,0,0,0,0,1,0,0,0,0.01374564946904703,0,0.01339840713653365,0,0,0,0.01851025589974872,0,0,0.0178145973197924,0,0,0,1,0,0,0.01670737873391465,0.01678637847017603,0,0,0,0.03702051179949744,0,0,4,0,0,0,0,0.07048729876512386,0,0.0858167655749457,0,0,0,0,0,0,0,0,0,0,0,0,0,partially_open
1,0,0.0385,0.1733,56,1455,202,6,20,0,15,0.02041863073293215,0,0,0.00896530264690939,0.0375739736854353,0,0,0.02256469865624224,0,0,0,0,0,0,0,0.00878352524110769,0.00992743126382141,0,0.03508620479450888,0,0,0,0,0,0,0,0.03176719111403946,0,0,0,0,0,0,0,0,0,0.01130986889556269,0,0,0,0,0,0,0.01239610686172963,0,0.02925814642218346,0,0,4,0,0,0,0,0,0,0,0,0,0,0.03353937970451347,0,0,0.03290678755687991,0.03022668890249814,0,0,0,0,0.01620899579863891,partially_open
0,1,0.0439,0.0681,104,2371,367,19,14,0,11,0.01272316688886224,0.00377274519294764,0.00745128272110921,0,0,0,0,0,0,0.01361603712623637,0,0,0,0,0,0,0,0,0,0.03419105740622293,0,0,0.00943375556577739,0,0,0.01674380164746226,0,0,0,0,0,0,0,0,0,0,0,1,0.00878743708425933,0.0101756450070139,0,0,0.0098979431041242,0,0,0,0,0,4,0,0,0,0.00887483277627878,0,0,0,0,0,0,0,0,0,0.02050473194499049,0,0,0,0,0,0,fully_open
0,0,0.083,0.1308,146,1759,237,16,17,0.0142587101435487,14,0,0,0.01022624318276368,0.01533375900988641,0,0,0,0.00643223593879089,0.01793264365350121,0.00934341857972772,0,0,0,0,0.01852737754013025,0.00751142848205072,0,0,0,0,0,0,0,0,0.00929016308942489,0,0.01811095033627997,0,0,0.01120380379478723,0,0,0,0,0.01021106924545608,0,0,1,0,0,0.07904318490665829,0,0,0,0,0.01251037984948534,0,0,3,0,0.3333,0.02523394946775264,0,0,0,0,0,0,0.01370878864244146,0.04302292844854832,0.02440027561735952,0,0,0,0,0.01253156742905065,0,0,0,partially_open
0,0,0.1002,0.2168,97,968,143,15,17,0.02153659344598502,14,0,0.01564117277909545,0,0,0.02426652467184363,0.0132973280954247,0,0,0.01354288192582123,0,0.0460635398571218,0,0,0,0,0,0.01282293204910265,0,0,0,0,0,0.09777694570779696,0,0,0,0,0,0,0.05076723594512964,0,0,0,0.01818573476395474,0,0,0,0,0,0,0,0.0342721893766094,0,0.0160116380297341,0,0,0,0,4,0.01735425274919265,0,0.01905688892095902,0,0,0,0.01752092297155141,0,0,0,0,0,0,0,0,0,0,0,0,0,fully_open
0,0,0.0432,0.1172,72,1666,256,8,15,0,15,0.01318703234835201,0.00586543979216079,0,0,0.01213326233592181,0,0,0,0,0,0.03454765489284135,0,0,0.00957716906026551,0,0.01701808015464616,0.00961719903682699,0,0,0.03986730717092791,0,0,0,0,0,0,0,0,0,0.02538361797256482,0,0,0.01359465809434544,0.01363930107296605,0,0,0,1,0,0,0,0,0,0,0,0,0,0,4,0,0,0,0,0,0,0,0,0,0,0,0,0,0,0,0,0.01419591622822144,0.03463136557426552,0,0,fully_open
0,1,0.0574,0.1857,57,993,140,8,13,0,13,0.01041938358388307,0.00926884312835286,0,0.01372466084218228,0.00958677517899995,0.01575979626124409,0,0.01151449643363801,0,0,0,0,0,0,0,0.01344638431972042,0,0,0.01342805368678734,0,0,0,0,0,0.0498916165913559,0,0.03242083702173575,0,0,0,0.0223951244219182,0,0.06444874948430432,0,0,0,0.01731387337098487,0,0.02158888863910627,0,0.02021386562868686,0,0,0,0,0,0,0.19003937355790623,3,0,0.3333,0,0,0,0,0,0,0.02093260014182113,0,0.02567211779851649,0,0.02572159954416512,0,0,0,0.02243305280509067,0,0,0,fully_open
1,0,0.0605,0.1753,85,1405,194,10,18,0,16,0.01383557492286113,0.00615390404423427,0,0.02733682446434668,0,0,0,0,0,0,0,0,0,0.0200963547494096,0,0,0,0,0.01783069423983238,0,0,0,0,0,0,0.01365580544198766,0,0.01744780152352957,0,0,0,0,0,0,0,0,0,0,0,0,0,0,0,0,0,0,0,0.07885855152761477,3,0,0.3333,0.01499558472468907,0,0.03774729660645977,0,0.01378695578089291,0,0,0,0,0,0,0,0.03072220839270303,0.05203538178814985,0,0,0,0,closed
0,0,0.0439,0.1731,60,1368,208,9,18,0,18,0.02860915492523827,0.00636251096098798,0,0,0,0,0,0,0,0,0,0,0,0,0,0,0.02086443180870941,0,0,0,0,0,0,0,0,0,0,0,0,0,0.01537292439131673,0,0,0,0,0,0,0,0,0.0171606216643709,0,0,0,0,0,0,0,0.09783806731900682,4,0,0,0,0,0,0,0,0,0,0,0.07048954378575714,0,0,0,0,0,0,0,0,0,fully_open
0,0,0.0396,0.1351,82,2073,296,13,20,0,20,0.00511497012299714,0.00910031870783735,0.0089866985545499,0.03368780388535652,0.0094124701757454,0,0,0,0.00787949493865962,0.00821088299430617,0.02680060500777995,0,0,0.00742956145281203,0,0.03960571381444926,0.014921230020774,0,0.00659195362805924,0,0,0,0,0,0,0,0,0,0,0,0,0.00993877042375035,0,0,0,0,0,1,0,0,0,0,0,0,0,0,0,0,4,0.01009701978134845,0,0,0,0,0,0.01019399154708445,0,0,0,0,0,0,0.02472994943668551,0,0,0.02202517911772539,0.02686554420306658,0,0,fully_open
0,0,0.0292,0.1116,46,1576,215,6,15,0,9,0,0,0,0,0,0,0,0,0,0,0,0,0,0,0,0,0,0,0,0,0,0.01005617620332601,0,0,0.03232976755119863,0.01332806611137995,0.02100870239008476,0,0.01200466806017614,0,0,0.01311917695935047,0,0,0,0,0,1,0,0,0,0,0,0,0,0,0,0.0153931892581904,4,0,0,0,0,0,0,0,0.01491464129650312,0.10851459913520076,0,0,0,0,0,0,0,0,0,0,0,partially_open
1,0,0.039,0.0897,68,1743,234,7,13,0,8,0,0,0,0.00736223528620374,0,0,0,0,0,0,0,0,0,0.00811839496499328,0,0.01442592225029608,0.02445698298106997,0,0,0.01126493447655358,0,0,0.012432565282051,0,0,0,0,0.01409689924417621,0,0,0,0,0,0.01156179163801096,0,0,0,0,0,0,0,0,0,0,0,0,0,0.01274270633956159,3,0,0.3333,0,0,0.04574672370186846,0,0,0,0.02245749154288095,0,0,0,0,0,0.01241095835731712,0.05605577552454112,0,0,0,0,closed
0,0,0.0844,0.2155,104,1232,181,13,21,0,18,0.00803781019328122,0,0,0,0.02218653684282846,0,0,0,0,0,0,0,0,0.0116750251401332,0,0,0,0,0.01035878427266452,0,1,0,0,0,0,0.01586674537069042,0,0,0,0.01547191952613475,0,0,0,0,0,0,0.05342566640189617,0,0.01665428552159626,0,0.03118710696997402,0,0,0,0,0,0,0,3,0,0.3333,0,0,0,0,0.01601912957398986,0.01775552535297991,0,0.05679355294725749,0,0,0,0,0,0,0.01730549787821281,0,0,0,fully_open
0,0,0.1254,0.2517,126,1005,143,15,21,0.02247296707407132,15,0,0,0,0,0,0,0,0,0,0,0,0,0,0,0,0,0.01338045083384625,0,0,0,1,0.01366328288495381,0.04081124690412394,0,0,0,0,0,0,0.01765816902439292,0,0,0,0,0,0.0193890358649878,0,1,0.01900760847573486,0,0,0,0,0,0,0.01971744650190624,0,0,3,0,0.3333,0,0,0.0250280988368918,0,0,0,0,0,0,0,0,0,0,0,0,0,0,0,fully_open
0,0,0.1066,0.3333,86,807,114,11,22,0,16,0,0.01014562558644029,0,0,0,0,0,0,0.0175691441199843,0.01830804991973675,0,0,0,0,0.01815182258999248,0.01471833959320749,0,0,0,0,1,0.03397356825447976,0,0,0.01820369794549472,0,0,0,0,0,0,0,0,0.02359230455864399,0,0,0,1,0,0,0,0.06669182797610479,0,0.02077185474127668,0,0,0,0,3,0,0.3333,0,0,0,0.02656909265368693,0,0,0,0,0,0,0,0,0,0,0,0,0,0,fully_open
0,0,0.0375,0.0727,61,1628,220,8,8,0,8,0.03591362001253315,0.02662327281548162,0,0.01576875926548603,0.01101459275885101,0,0,0,0,0.00960848009971999,0,0,0,0.008694167657546,0,0.04634711191052573,0.03492202770819448,0,0,0,0,0,0,0,0.00955371381536602,0,0,0.01509667933241565,0,0.02304328440062622,0,0.01163047602779297,0,0,0,0,0.02983880304361222,0,0,0.02872274264391157,0,0.01166712829842022,0,0,0,0.03859585272713563,0,0,4,0.01181566144625882,0,0,0,0,0,0.01192913904446053,0,0,0.07048845223950398,0,0,0,0,0,0,0.01288707288803081,0.0314384027908226,0,0.02850943941888263,partially_open
0,1,0.0716,0.2516,73,1020,155,12,21,0,18,0,0.0264979868257617,0,0,0.02740689845290575,0.01501815879012672,0,0,0,0.01593877287130023,0,0,0,0.02884417975797613,0,0,0,0,0,0,0,0,0.08834434623951537,0,0,0,0,0,0,0,0,0,0,0,0,0.02098577999504562,0.04949730857822733,0,0,0,0,0,0,0.03616746472598763,0,0,0,0,4,0,0,0,0,0,0,0.01978833653257571,0,0.01994753660573543,0,0,0,0,0,0,0.02489535913001679,0.04275475946381988,0,0,0.04729212891838178,fully_open
0,0,0.0375,0.0633,66,1760,237,9,8,0,7,0.01156123383965108,0.03085382027657185,0,0,0.01063738067806844,0,0,0,0,0.00927942256205835,0.02019223664969722,0,0,0,0,0.02983992136705081,0,0.01003655868808454,0,0.01165071990383281,0,0,0,0,0,0,0,0,0,0,0.01242469231626968,0,0.03575581307005924,0,0,0.04887099450901035,0,0,0,0,0,0,0,0.01052820034831831,0,0.01242469231626968,0,0,4,0,0,0,0.02419303729423941,0,0,0,0,0,0,0,0,0,0,0,0,0,0.0303617451609999,0,0,partially_open
0,0,0.069,0.2049,59,855,122,7,14,0.02404084849784374,11,0.01962721093708206,0.02618987069988075,0,0.07756029266628595,0.02708821358717428,0,0,0,0,0.01575343830302929,0,0,0,0,0,0.01266461778950412,0,0,0,0.01977912913906501,0,0,0,0,0,0,0,0,0,0,0,0,0,0,0,0,0.0489217584784805,1,0,0,0,0,0,0,0,0,0,0,4,0.01937218911537784,0,0,0,0,0,0,0,0,0,0,0,0.02422615771020203,0,0,0,0,0,0,0.02337111022129332,fully_open
0,0,0.058,0.2209,70,1206,172,10,24,0,14,0.04262475102497621,0,0,0.03368780388535652,0.01568745029290902,0,0,0,0,0.02736960998102059,0.01488922500432219,0,0,0.01238260242135339,0,0,0,0,0,0,1,0,0.01896280159181516,0,0,0,0,0,0,0,0,0,0,0,0,0,0,1,0,0,0,0,0,0,0,0,0,0,4,0,0,0,0,0.04651687056553628,0,0,0,0,0,0,0,0,0,0,0,0,0,0,0,fully_open
1,0,0.0507,0.1163,96,1895,258,12,15,0,15,0.01029231793042108,0,0,0,0.01420479492985968,0,0,0.01706111361813437,0.00792754063950511,0,0.00898800777699937,0,0,0.00747486365679259,0.0081904565345088,0.01328240402313847,0.00750610656532838,0,0.00663214846725472,0,0,0.00766476844765702,0,0,0.00821386370711347,0.01015858697513716,0.01601273048024753,0,0,0,0,0,0.02122092970824654,0.02129061630902018,0,0,0.0256540928606666,0,0.02132560950936107,0.01234727656338881,0.00998367753611973,0.02006176939118599,0,0,0,0,0,0,4,0,0,0,0,0,0,0.01025615003212765,0.01136786684184689,0,0,0.01267952159560875,0.01078670720889369,0.012703960750471791,0,0,0,0.01107973949519722,0,0,0.01225558218921479,partially_open
0,0,0.0469,0.0691,69,1471,217,9,8,0.01654010376651649,7,0.02700704224942492,0,0.01186244209200587,0,0,0,0,0,0,0,0,0,0,0,0,0,0.00984801181371084,0.01172270054768274,0,0.02721608169535345,1,0,0,0,0,0,0,0,0,0,0,0,0.01392092988860973,0,0,0.01427033039663102,0,0,0,0,0,0,0,0,0,0,0,0,3,0,0.3333,0,0.02825746755967163,0,0,0.12110461957936336,0,0,0,0,0,0,0,0.01499243769563908,0,0,0,0,0,partially_open
1,0,0.0571,0.1103,116,2031,272,16,17,0,13,0.01865127227170229,0.01659174129053219,0,0,0.01287064291987286,0,0,0.005152896194059,0,0,0.00814383025098285,0,0,0,0,0.01203488541323043,0.00680111313101577,0,0,0,0,0,0.01037191910270553,0,0,0,0,0.01176039660701993,0,0,0.01002212750373135,0.01812041016484871,0,0,0,0,0.03099278990165247,0,0,0,0,0,0,0.00849236050195842,0,0.01002212750373135,0,0.01063065556504862,3,0.00920446554653312,0.3333,0.01010752119564677,0.01951482566275665,0,0,0.0092928652224803,0,0,0.02196435749341449,0,0,0,0,0,0.03507357225499603,0,0,0.01114589033569272,0,closed
0,1,0.0954,0.1422,133,1394,204,18,15,0,14,0,0,0.01300706369737486,0,0.0068116560482368,0,0,0.02454405818749155,0.01140453214805998,0,0,0,0,0,0.01178276203210038,0.0191080198227606,0,0.01285383831982757,0,0,0,0,0,0,0,0.01461410757826749,0,0,0,0,0,0,0,0,0.02597552702791459,0,0,0,0,0,0,0,0,0,0.13460407066435978,0,0,0,3,0,0.3333,0.03209581291950993,0,0,0,0,0.01635377335142886,0.01487316325866238,0,0,0,0,0,0,0.01856232917588971,0,0,0,0.01763083753536162,fully_open
0,0,0.0528,0.1544,54,1022,149,7,13,0.02756683961086082,10,0,0,0,0,0,0,0,0.01243565614832905,0,0,0,0,0,0,0,0,0.0164133530228514,0,0,0,0,0,0,0,0,0,0,0,0,0,0,0.08746117972900315,0,0,0,0,0,0,0,0,0,0,0,0,0,0,0,0,4,0,0,0.02439281781882755,0,0,0,0,0,0,0,0,0,0,0,0,0,0,0,0,0,closed
0,0,0.07,0.1739,72,1028,138,9,13,0,11,0,0,0,0,0.02773317105353558,0.01519694639477108,1,0.02220652883630188,0,0,0,0,0,0.01459378142516649,0,0,0,0,0.02589696068166131,0,0,0,0,0,0,0,0,0,0,0,0,0,0,0,0,0,0,0,0.02081785690199533,0.02410658757614007,0,0.01958410821520537,0,0,0,0.02159529854970684,0,0,4,0,0,0,0,0,0,0,0,0,0,0,0,0,0.02428834319674469,0.02231017514232006,0,0,0,0,0,partially_open
1,0,0.0205,0.2222,29,1413,198,5,26,0,18,0.02434529048926526,0,0,0,0.02239986892785566,0.01227445670346895,0,0.00896802126081422,0,0,0,0,0,0,0,0,0.01183655266071014,0,0,0,0,0,0,0.01289731726420345,0.01295263123044816,0,0,0,0.01442868757232709,0.01562068798311681,0.01744235652091706,0,0,0.01678683208980437,0,0,0,0,0,0,0,0.01581793355843511,0.03787866687924456,0,0,0.0523270695627512,0,0,4,0,0,0,0.01698165117768728,0,0,0,0,0,0,0.01999463020845996,0,0,0,0,0,0.01747189689627255,0,0,0,closed
0,0,0.0918,0.0933,102,1111,150,12,7,0,7,0,0,0,0,0,0.01215755711581687,0,0.03553044613808302,0.02476412695007311,0.02580563226781942,0,1,0,0.0116750251401332,0.02558542612684654,0,0,0,0,0,0,0,0,0.03832345701363313,0,0,0.01250517999409807,0,0,0,0,0,0,0,0,0,0,0,0.01665428552159626,0,0.03118710696997402,0,0,0,0,0,0,0,2,0,0.6667,0,0,0,0.01872488434640793,0,0,0,0,0,0,0,0,0,0,0,0,0,0,partially_open
0,1,0.0864,0.1131,132,1528,221,17,14,0,11,0.04842451223001395,0.00615390404423427,0,0,0,0,0,0.00764487058298917,0,0.02220976547640196,0,0,0,0.0200963547494096,0,0.02678255237452511,0,0,0.01783069423983238,0.01394266480294746,0,0.02060691844943854,0,0.01099443438915704,0,0,0,0,0,0.01331599631347662,0,0,0.0142632478366903,0,0,0,0,0,0,0,0,0.01348414008260042,0,0,0,0,0,0,3,0,0.3333,0,0.01447616165966784,0,0,0,0,0,0,0,0,0,0.03344624309059926,0,0,0,0.01816727374387699,0.0165361159898392,0,fully_open
0,0,0.08,0.1586,88,1100,145,10,12,0,11,0,0.02252328880189745,0,0,0,0.01276543497160771,0,0,0,0,0,0,0.01771956841931875,0,0,0,0,0,0.01087672348629775,0,0,0.01257022025415751,0,0,0.01347073647966609,0,0,0,0,0,0.01814005078175374,0.09839382719512854,0.01740116236076216,0,0.01480605040591132,0,0,0,0,0,0.01637323115923636,0,0,0.01537117250854474,0,0,0,0,4,0,0,0,0,0,0,0,0,0,0,0,0,0,0,0,0,0,0,0,0,closed
1,0,0.048,0.1574,75,1564,216,8,18,0,16,0,0.01846171213270283,0,0,0.0763798809343275,0.04185388515281218,0,0.03822435291494586,0.0106566939744167,0,0,0,0,0,0.01101012189884789,0.00892751745817503,0,0,0,0,0,0,0,0.02198886877831409,0.03312476183524449,0,0.01076265491295326,0,0,0,0,0,0.0142632478366903,0.01431008637163651,0,0,0,0,0,0,0,0.01348414008260042,0.01614500555508784,0,0.06288878711367629,0,0.03137585415085676,0,4,0,0,0,0,0,0,0,0,0,0.01629323240290174,0,0.01450016378900463,0,0,0,0,0,0,0,0,fully_open
0,0,0.0865,0.2009,123,1422,219,16,26,0,18,0,0.00708279522072246,0.01398872888208239,0,0,0.01204286318076199,0,0,0,0,0,1,0,0,0,0,0,0,0.01026105989273372,0,0,0,0,0,0,0,0.01238720659792734,0,0,0,0,0,0,0.01647009940886467,0,0,0,1,0,0,0,0,0,0,0,0.01711325545448466,0.01805591606794587,0,4,0,0,0,0,0,0.01854823449408332,0,0,0,0,0,0,0,0,0,0,0,0,0,0,partially_open
0,0,0.0677,0.096,92,1358,198,12,11,0,8,0,0.01516719784639559,0,0,0,0,0,0,0,0.01368480499051029,0,0,0,0,0,0.0220031743413607,0.012434358350645,0,0,0.01718186975716758,1,0,0,0,0,0,0,0,0,0,0,0,0,0,0.01495560647061749,0.01801809393514018,0,1,0,0,0,0,0,0,0,0,0.01933259700204305,0,2,0,0.6667,0,0,0,0,0,0,0,0,0,0,0,0.04121658239447585,0,0,0,0,0.02037783990667054,0,fully_open
0,0,0.108,0.2248,105,972,129,13,16,0.02247296707407132,13,0.01834717544118541,0,0,0,0,0.01387547279522577,0,0,0,0,0,0,0,0,0,0.01183866445540602,0,0.01592758226587329,0.01182252552858451,0,0,0,0,0,0,0.05432635643225526,0,0.02313730202033269,0.01631069029915237,0,0,0,0,0,0,0,0,1,0,0,0,0,0,0,0,0,0,0,4,0,0,0,0,0,0,0,0,0,0.0432124859381307,0,0,0,0,0,0,0,0,0,0,partially_open
0,0,0.0459,0.0929,61,1329,183,8,10,0,7,0.01722387898560263,0.0076609825856794,0.01513066593368096,0,0,0,0,0.00951708378698652,0,0,0,1,0,0,0,0,0,0,0.02219739486999541,0.01735719495877133,0,0,0,0,0,0,0.0267968142730673,0,0,0.01657705663514437,0.01851025589974872,0,0.01775628812322669,0,0,0,0.01431044635765075,0,0,0,0.01670737873391465,0,0,0,0,0.07404102359899488,0,0,4,0,0,0,0,0,0,0,0,0,0,0,0,0,0,0,0,0,0,0,0,fully_open
0,0,0.0484,0.0441,79,1632,227,9,5,0,5,0.0289030845991277,0,0,0.00761436663162167,0.01063738067806844,0,0,0,0,0,0,0,0,0,0,0,0.01686303392758706,0,0,0,0,0,0,0,0,0.01141101550631845,0,0.02915933953247407,0,0,0,0.01123217205423841,0,0,0,0,0,0,0,0.0138695435369573,0,0,0,0.01052820034831831,0,0,0,0,4,0.04564406202527382,0,0,0.0120965186471197,0,0,0.03456182065621101,0,0,0.027229785659644,0,0,0.01427020248683133,0,0,0,0,0,0.01381785034767385,0,partially_open
0,0,0.0182,0.05,27,1482,200,4,6,0,4,0.03487479629316235,0.01861428826603095,0,0.0091875828778245,0.00641759330164459,0,0,0,0.01074476582544494,0,0,0,0,0,0.01110111464181358,0.00900129859419301,0,0,0.05393416604775745,0,0,0,0.01551501948421241,0.01108529748328231,0.01113284006583974,0,0,0.0175919982303356,0.01240151659109106,0,0,0,0.01438112591798526,0.01442835154826161,0,0,0.0231805577363599,0,0,0,0,0,0.01627843535306377,0,0,0,0,0,2,0.02753732667640487,0.6667,0,0,0,0,0.04170269269261825,0,0,0,0,0,0,0,0.01548805547070153,0.01748847542191262,0,0,0,0,partially_open
0,0,0.0667,0.0323,120,1799,248,15,4,0,4,0,0,0,0.00694810955135478,0.00970660986873745,0,0,0.02914606909764622,0.01625145831098548,0.00846747308787824,0,1,0,0,0.01679043589574304,0,0,0.00915835980287714,0,0,0,0,0,0.01676651244346449,0.00841921029979131,0,0.05744567059788803,0,0.01875729384402523,0,0,0,0,0.01091144085837284,0.01850756300738915,0,0,0,0,0,0.01023326947452272,0,0,0,0.0639369335655709,0,0,0,2,0,0.6667,0,0,0,0.0122882053523302,0,0,0.0211942576435939,0,0,0,0,0.03825414053487289,0,0.01322565953782142,0,0,0,0,fully_open
0,0,0.0356,0.1212,42,1181,165,6,11,0,9,0.02411343057984368,0,0,0,0.05176858596659975,0,0,0.01776522306904151,0.01238206347503655,0,0.02807682429386471,1,0.01687577944697024,0,0.01279271306342327,0,0,0.01395559589009851,0.01035878427266452,0,0,0.01197163833729287,0,0,0,0,0,0,0.04287381450062909,0,0,0,0,0,0.01410100038658221,0,0.04006924980142212,0,0,0,0.01559355348498701,0,0.0375179176708708,0,0,0,0,0,3,0,0.3333,0,0.03363984233294243,0,0,0.01601912957398986,0,0.03229601164738118,0,0,0,0,0,0.01784814011385605,0,0.01730549787821281,0,0,0,partially_open
0,0,0.0304,0.1156,38,1251,199,7,12,0,11,0,0.00926884312835286,0,0,0,0,0,0.01151449643363801,0,0,0,1,0,0,0,0,0,0,0,0,0,0.01551879043723149,0,0.01655951846268098,0,0,0,0,0,0,0,0,0,0,0.01827907457519916,0,0,0,0,0,0,0,0,0.01897675618338857,0,0,0,0,3,0,0.3333,0.02258594242484032,0,0,0,0,0,0.02093260014182113,0,0,0,0,0,0,0,0,0,0,0,partially_open
0,0,0.0396,0.1097,76,1921,237,8,14,0,12,0,0.00848334794798397,0,0,0.00438716830225421,0,0,0,0.00734529189197083,0,0.03331148645034797,0,0.04004422241653956,0,0.00758889757999685,0,0,0,0,0,0,0.01420363870526272,0.02121262550948815,0.00757808472020994,0,0,0,0,0.00847787292385321,0,0,0,0,0,0,0,0,1,0,0,0,0.0092941530512839,0,0,0,0,0,0,4,0,0,0,0,0,0.0333239467181836,0,0,0,0,0,0,0,0,0,0,0.02053194663516774,0,0,0,partially_open
1,0,0.0748,0.1173,99,1323,196,9,13,0,10,0.01455120810852636,0.0129444188516652,0.0127828039784546,0.03833439752471604,0.03347106851288777,0,0,0,0,0,0,0,0,0.02113582137437907,0,0.0187785712051268,0,0,0,0,0,0.01083639677082544,0,0,0,0,0,0,0.01293606472001739,0.04201426423045212,0.01563797481185667,0,0,0.01505026325292806,0,0,0.02417971970775473,0,0,0,0,0,0,0,0,0,0,0,4,0,0,0,0.03044985728412892,0,0,0,0,0,0,0,0,0.01796077209549461,0,0,0,0,0,0,0.03465371515571078,closed
1,0,0.1165,0.1852,104,893,135,11,13,0,12,0.01016831409993408,0.01809099502160438,0,0,0,0,0,0,0,0,0,0,0,0,0,0,0,0,0,0.02049403742119989,0,0,0,0,0,0,0,0.0256461660948266,0,0,0,0,0,0,0,0.02149146144070937,0,0,0,0,0,0,0,0,0,0,0,0,4,0,0,0,0,0,0,0,0,0,0,0,0,0,0,0,0,0,0,0,0,partially_open
0,0,0.0944,0.1333,128,1356,180,15,12,0.01708688405631869,12,0,0,0,0,0,0,0,0,0,0,0,0,0,0,0,0,0,0,0,0.01405789343768256,1,0,0.01551501948421241,0,0,0,0,0,0,0.01342604586978635,0,0,0,0,0,0,0.0231805577363599,0,0.01445206594849262,0,0,0,0,0,0,0,0,0,4,0,0,0,0,0,0,0,0,0,0,0,0,0,0,0,0,0,0,0,0,fully_open
1,0,0.0502,0.0702,90,1792,242,11,9,0,8,0,0.01481795315914305,0,0,0,0.00839831248132086,0,0,0,0,0,0,0,0,0,0,0.00809869392574904,0,0.0071557391357222,0,0,0,0,0,0.00886232663135927,0,0,0,0,0.01068783914634308,0,0,0,0.01148572721933983,0,0.01173546907617682,0,0,0,0.0133220615552353,0,0,0,0,0,0,0,0.02531774549044474,2,0,0.6667,0.01203592984481622,0.01161902448999656,0.06059434455247489,0,0,0,0,0,0,0,0.01370690502024588,0,0.01232930731549266,0.02784349376383457,0,0,0,0,closed
0,0,0.0836,0.1451,112,1340,193,13,16,0.01797837365925706,12,0.02201661052942249,0,0.02578791759131712,0,0.00675242425651301,0.01110037823618062,1,0,0,0,0,0,0,0,0,0,0,0,0,0,0,0.01093062630796305,0,0,0,0,0,0,0,0,0,0,0,0,0,0.06204491476796098,0,0,0,0.01760829005561535,0,0,0,0,0,0,0,0,3,0,0.3333,0,0,0,0,0,0,0,0,0,0,0,0,0,0,0,0,0,0,partially_open
0,0,0.0563,0.1953,83,1474,215,11,22,0.01566297705162547,20,0,0,0.01123337319318738,0,0.00588279385984088,0,0,0,0,0,0.01116691875324164,0,0,0,0,0,0,0,0.00823994203507405,0,1,0,0,0,0,0,0,0,0.0113680568751668,0,0,0,0,0,0,0.02702714090271027,0,1,0.02649545423890315,0,0,0,0,0,0,0.0137424627134498,0,0,3,0,0.3333,0.01385955557887929,0,0.03488765292415221,0,0,0,0,0,0,0,0,0,0,0,0,0,0,0,partially_open
0,1,0.0541,0.1429,65,1202,182,9,15,0,11,0,0,0,0.0113438523287425,0,0.01302595405266093,0,0,0,0.0138244458577604,0,0,0,0,0,0,0.01256123955830464,0,0.0110986974349977,0,0,0,0,0,0.01374564946904703,0.01700008432573974,0,0,0,0,0,0,0.0887814406161335,0,0,0,0.01431044635765075,0,0,0,0,0,0,0,0,0,0,0,4,0.03400016865147948,0,0,0.01802134410693344,0,0,0.05149005934496742,0,0,0,0,0.01805122430876087,0,0,0,0,0,0,0,0.02050934162276761,fully_open
0,0,0.0425,0.1006,42,989,159,6,8,0,8,0.12984154927608138,0,0.03802064773078806,0,0,0,0,0.01195736168108563,0,0.01736917556487845,0,1,0,0.0314327599926663,0,0,0,0,0.01394451729012532,0,0,0,0,0,0,0,0,0,0.01923825009643613,0,0.02325647536122275,0,0,0,0,0,0,0,0,0,0,0,0,0,0,0,0,0,4,0,0,0,0,0,0,0,0,0,0,0,0,0,0,0,0,0,0,0,0,partially_open
0,0,0.0889,0.3172,102,1148,145,13,26,0,20,0,0.00721900282112097,0,0,0.01493324595190377,0,0,0,0,0,0.0283467937582288,0,0,0.02357456999449973,0,0,0,0,0,0,1,0,0,0,0.01295263123044816,0,0,0,0,0,0,0,0,0.01678683208980437,0,0,0,0,0.10088653729428508,0,0,0,0,0,0,0.01744235652091706,0,0,3,0,0.3333,0.01759097438857756,0,0,0,0,0,0,0,0,0,0.04006633775148797,0,0,0,0,0,0,0,fully_open
0,0,0.0861,0.172,104,1208,157,13,16,0,11,0,0,0,0,0,0,0,0,0,0,0,0,0,0,0,0,0,0,0.00988793044208886,0,0,0,0.01706652143263365,0,0,0,0.02387352544327814,0,0,0,0,0,0,0,0,0,0,1,0,0,0.01488475559930578,0.01495513718252046,0,0,0,0.01649095525613977,0,0,3,0,0.3333,0,0,0,0,0,0,0,0,0,0.01608199983871423,0,0,0,0,0,0,0,0,fully_open
0,0,0.0335,0.1292,62,1852,240,6,17,0,14,0,0,0.03026133186736192,0,0,0.00868396936844062,0,0.00634472252465768,0,0,0,0,0,0,0,0,0.01674831941107286,0,0,0,0,0,0,0,0,0,0,0,0,0,0,0,0,0,0,0,0,0,0.01189591822971161,0,0.01113825248927643,0,0,0,0,0,0,0,4,0,0,0.01244531521368752,0,0.01566384417002752,0.01337491739029137,0,0,0,0,0,0,0,0,0,0,0,0,0,0,closed
0,0,0.0335,0.1115,60,1789,269,10,16,0,14,0,0,0,0.01646959301061874,0.06902478128879967,0,0,0.01381739572036561,0,0.03010657097912265,0,1,0,0.00908057510899248,0,0,0,0.03256305707689652,0,0,0,0,0,0.00993571107760859,0,0,0,0,0,0,0,0,0,0,0,0,0,0,0.01295333318346376,0,0,0,0,0,0,0,0,0,4,0,0,0,0,0,0.01456379893609505,0,0,0,0.01472425446780749,0,0,0.07716479863249535,0,0,0,0,0,0,0,partially_open
0,0,0.0533,0.1146,70,1314,192,9,11,0,11,0.03068982073798287,0.00682523903087801,0.02696009566364971,0,0.02823741052723622,0,0,0.00847885646476981,0,0,0.04020090751166993,0,0,0.01114434217921805,0,0,0,0,0.04943965221044433,0.01546368278145082,0,0,0,0,0,0,0,0,0,0,0,0.01490815563562553,0,0,0,0,0,0,0,0,0,0,0,0,0,0.01649095525613977,0,0,4,0,0,0.01663146669465514,0,0,0,0,0,0,0,0,0,0,0,0,0,0,0,0,0,fully_open
0,1,0.0326,0.177,56,1718,243,9,26,0,17,0,0,0,0,0,0,0,0.0069086978601828,0,0,0,0,0,0,0,0,0.00911852945713966,0.0108543523589655,0,0,0,0.0093112742623389,0,0,0,0.01234080195498144,0.00972625110652072,0,0.02223086677810397,0,0,0,0,0,0.01096744474511949,0,0,1,0,0.01499965449182049,0,0,0.01459030131644975,0.01138605371003314,0,0.02687414930630185,0.01417723780149824,0,3,0,0.3333,0,0,0,0,0,0.04142955915695312,0.01255956008509268,0,0,0.02620770344086763,0,0,0,0,0,0,0,0,fully_open
1,0,0.0414,0.1579,58,1400,209,10,18,0,15,0,0,0,0,0,0.04957450474410762,0,0.04527544714197472,0.01262249189202755,0,0,0,0,0,0.01304111525882954,0,0,0.02845315666913288,0,0,0,0,0,0.01302253393667145,0,0,0,0,0,0.01577234514800144,0.01761169978811043,0,0,0,0,0,0,0,0,0,0,0,0.05736963138992379,0,0,0.01761169978811043,0,0,4,0,0,0,0.0342930431549413,0,0,0,0,0.06584623733932085,0,0,0.01717495128406374,0,0,0.0545841178239287,0,0.01764152696322665,0,0,0,closed
0,0,0.041,0.0893,104,2534,347,13,16,0,15,0.0154149784528681,0.01028460675885728,0.00677080028082527,0,0,0,0,0.00425878635216748,0,0,0,0,0,0.00559761479321454,0,0,0,0.01338207825077939,0.03476578283291519,0.02330143980766562,0,0.03443895960043154,0,0.01224950680801058,0.00615102122359182,0.00760734367087897,0.01798690273123696,0,0,0,0,0,0,0,0.01352150722001033,0,0,1,0,0,0.00747636125992527,0.02253513822023632,0,0,0,0,0,0,4,0,0,0,0.01612869152949294,0,0.03591073710270014,0,0,0,0,0.00949516685698555,0.00807771681396605,0,0,0,0,0.02489146955085404,0,0,0.00917769625128413,fully_open
0,0,0.0926,0.1772,115,1242,158,14,16,0,12,0.01493752336804476,0,0,0,0.02061580857076981,0,0,0,0,0,0.03913362678127161,0,0,0,0,0.009638558671658,0,0,0,0,1,0,0,0,0,0,0,0,0,0,0,0.02902472778617361,0,0,0,0,0,1,0,0,0,0,0,0.01360280752968561,0,0,0,0,4,0,0,0,0,0,0,0,0,0,0,0,0,0,0,0,0,0,0.01961422475002649,0.01785315177664056,0,partially_open
0,0,0.0429,0.1437,50,1165,167,6,14,0,10,0.00959056898061964,0,0.01685005978978107,0.01263292645700869,0.02647257236928396,0,0,0.02119714116192453,0,0,0.03350075625972494,1,0,0,0,0,0,0.01665156327795845,0.01235991305261108,0,0,0.02856868239581253,0,0.01524228403951317,0.01530765509052965,0,0.02984190680409768,0,0,0,0,0,0,0,0,0,0.01593663344374743,0,0.05961477203753208,0,0,0,0,0,0,0.02061369407017471,0,0,4,0,0,0,0,0.05233147938622832,0,0,0,0,0,0,0.02010249979839279,0,0,0,0,0.02064860542286755,0,0,0.02283994862535484,partially_open
1,0,0.0516,0.1179,77,1493,195,7,13,0,10,0,0,0,0.009341996035435,0,0,0,0,0,0,0,0,0,0,0,0,0,0,0,0.01429416055428227,0,0.01056321029761135,0,0,0,0,0,0.01788766206613955,0,0.01365169369953066,0,0,0,0.01467084485159374,0,0.01498984285360401,0,0,0,0,0,0,0,0,0,0,0,0.03233863289535799,4,0,0,0,0.01484110691159224,0,0,0.01413452609469694,0.01566664001733521,0.01424824043266816,0,0,0,0,0,0,0.01778239937858342,0.01526955695136424,0,0.01695299286353263,0,closed
0,0,0.0484,0.1905,74,1530,210,9,22,0,18,0.012787425307492859,0.00568769919239834,0.01123337319318738,0,0,0.01934156813879957,0,0.02826285488256603,0,0.02052720748576544,0,0,0.01342391546918087,0,0,0,0,0.01110104218530563,0,0,0,0,0,0.01016152269300878,0,0,0,0,0.0113680568751668,0,0,0,0,0,0.03365011455888936,0,0,1,0.01324772711945157,0,0.02480792599884297,0,0,0,0,0,0,0,4,0,0,0.04157866673663787,0,0,0,0,0,0,0,0,0,0,0,0,0,0,0,0,0,closed
1,0,0.0476,0.1128,67,1408,195,11,12,0,10,0,0.00682523903087801,0,0.01010634116560695,0.00705935263180905,0,0,0.02543656939430943,0,0,0,0,0,0.01114434217921805,0.01221122610599494,0,0,0,0,0,0,0,0,0.01219382723161054,0.01224612407242372,0,0,0,0,0,0,0,0,0.01587118670308777,0,0,0.01274930675499794,0,0,0,0,0,0.01790627888837015,0,0,0.0494728657684193,0,0.06996904208268366,4,0,0,0,0.01605537929526797,0,0,0,0,0,0,0.01890401401527123,0.01608199983871423,0,0,0,0,0,0,0,0.03654391780056774,partially_open
0,0,0.0314,0.1328,50,1592,241,6,16,0,16,0.02025528168706869,0.01801863104151796,0.01186244209200587,0.00889358022573412,0,0,0,0,0,0,0,0,0,0,0,0.00871325703917883,0,0,0,0,0,0,0,0,0.03232976755119863,0,0,0.01702905428696486,0,0.01299641240195318,0.01451204062540299,0,0,0.01396664429871724,0,0,0,0,0,0,0.01309858492738908,0.01316052072061801,0.0472725762652972,0.01229693800683579,0,0,0,0,4,0.01332806611137995,0,0,0,0,0,0,0,0,0,0.01663553233343868,0.01415215985806852,0,0,0,0,0,0,0,0,closed
0,0,0.0425,0.087,93,2188,322,12,16,0,12,0.01022994024599429,0.01365047806175603,0.01797339710909981,0,0.01411870526361811,0.00773662725551982,0,0.01695771292953962,0,0,0.02680060500777995,1,0,0.01485912290562407,0,0.00660095230240821,0,0,0,0.03092736556290164,0,0.00761831530555,0.0341330428652673,0,0.00816408271494914,0,0,0,0.00909444550013344,0.00984576697117665,0,0.00993877042375035,0,0.01058079113539185,0,0,0,0,0,0,0,0,0,0.00931586212639075,0,0,0,0,4,0.03029105934404535,0,0,0,0,0.01191583549316868,0,0,0.01027600370598492,0,0,0,0,0,0,0,0,0,0.02445340788800464,0,fully_open
0,0,0.0679,0.21,48,707,100,7,12,0,9,0,0,0,0,0.01386658552676779,0.02279541959215663,0,0,0.04643273803138707,0,0,1,0,0,0.04797267398783726,0,0.02198216922703312,0.0261667422939347,0,0,0,0,0,0,0.02405488657083231,0,0.02344721248893389,0,0,0,0,0,0,0,0,0,0,1,0.03122678535299299,0,0,0,0,0,0,0.06478589564912052,0,0,4,0,0,0,0,0,0,0,0,0,0,0,0,0,0,0,0,0,0,0,0,fully_open
1,0,0.0331,0.1213,61,1843,239,9,19,0,10,0,0.00452274875540109,0,0,0,0.00769002106723356,0,0,0,0,0,0,0,0,0,0.00656118752950213,0,0,0.00655224306403479,0.03074105613179983,0,0,0.03392742212511508,0,0,0.01003619436097888,0,0,0,0.0097864551219527,0,0,0,0,0,0,0,1,0,0.01219851419515521,0,0,0,0,0,0,0,0,2,0.01003619436097888,0.6667,0,0.01063910676192456,0.02774198907221742,0,0,0,0,0,0.01252675627517973,0,0,0,0.01128948621659569,0,0,0,0.01215304910096616,0,closed
0,0,0.0639,0.0975,105,1643,236,17,12,0,11,0.0126912792525493,0,0.01114891174060702,0.008358628031705,0,0.01919614281444769,0,0.00701258805356901,0,0.02037286757985743,0,1,0,0.00921712511063147,0,0,0,0,0,0,0,0,0,0.01008512026674556,0,0,0,0,0,0,0,0,0,0,0,0,0,0,0,0,0,0,0,0,0.05768745885615418,0,0.01439042934738543,0,2,0,0.6667,0.01375534839407568,0,0,0,0,0,0,0,0,0,0,0,0,0,0,0,0,0,partially_open
0,0,0.1043,0.1749,141,1352,183,17,18,0,14,0,0,0,0.01793060529381879,0.0751479473708706,0,0,0.02256469865624224,0.02096962362707803,0,0,0,0,0.00988610999769343,0.02166507857515231,0.02635057572332309,0.02978229379146424,0.01181723845532535,0,0.01371778311257734,0,0,0,0.01081710480223515,0,0.01343555051550399,0,0,0,0,0,0,0,0.0140792785269327,0,0,0,1,0.01410241919167425,0,0.03961265603041055,0,0,0,0.02062481727921641,0.01462907321109173,0,0,3,0,0.3333,0.04426116136480806,0,0,0,0,0,0.01367371460877025,0,0,0,0,0,0,0,0.01465384900977697,0.07149701279848365,0.04880821332484798,0,fully_open
0,0,0.1573,0.6286,42,267,35,5,13,0,9,0,0,0,0,0,0,0,0,0.05417152770328493,0,0,0,0,0,0.05596811965247681,0,0,0,0,0,0,0.05237591772565631,0,0,0,0,0,0,0,0,0,0,0,0,0,0,0,1,0,0,0,0,0,0,0,0,0,0,3,0,0.3333,0,0,0,0,0,0,0,0,0,0,0,0,0,0,0,0,0,0,closed
0,0,0.9032,1.9333,112,124,15,19,15,0,14,0,0,0,0,0,0,0,0,0,0,0,0,0,0,0,0.06050872943874191,0,0,0,0,0,0,0,0,0.07483742488703385,0,0,0,0,0,0,0,0,0,0,0,0,0,0,0,0,0,0,0,0.2841641491803151,0,0,0,3,0,0.3333,0,0,0,0,0,0.1035738978923828,0,0,0,0,0,0,0,0,0,0,0,0,fully_open
0,0,0.0275,0.0683,82,2984,410,10,15,0.00910798665557075,13,0.01115378947525809,0,0,0.02938407563568542,0.04104998006162095,0,0,0.00821739393061391,0,0.0059682629694296,0.07792246389927211,0,0.00780597727723293,0,0,0.02399024515192411,0.00542291399433416,0.01291046315824091,0,0,0,0.01107508392436785,0,0,0.00593424514522735,0,0,0,0,0,0.0079912117981294,0,0.01533142058216931,0,0.0195674674967991,0,0,1,0,0,0.01442575432531838,0.00724698277567071,0,0,0,0.0079912117981294,0,0.00847642580296828,4,0,0,0,0,0,0.00866129011617988,0,0,0.00746934190082604,0,0,0,0,0.00898775695386147,0,0,0,0,0.00888725176546424,0,partially_open
0,0,0.0694,0.2455,79,1139,167,10,24,0,17,0,0,0,0,0.02806730564454203,0.01538004213446712,0,0.01123703868824914,0,0,0.03551887410669633,1,0,0,0,0.03936712517701282,0,0.01765466949952221,0,0,0,0.04543453103912354,0,0,0.01622980298754951,0,0.01581980601663009,0,0,0,0.02185548286958283,0,0.02096525585633996,0.02103410285951392,0,0,0.01689667160300933,1,0,0,0.01972678452920043,0,0.02373121298458695,0,0,0.02185548286958283,0,0,4,0,0,0,0,0,0,0,0,0.02042820013840376,0,0,0.02131349376215139,0,0,0,0,0,0,0,0,partially_open
0,0,0.122,0.1706,143,1172,170,14,18,0,11,0,0.01516719784639559,0,0,0,0,0,0,0,0,0,0,0,0.01238260242135339,0,0,0.012434358350645,0,0,0,0,0,0,0,0,0,0,0,0,0,0,0,0,0,0,0,0,0,0.01766363615926876,0,0,0,0,0,0,0,0,0,3,0,0.3333,0,0,0,0,0,0,0,0,0,0,0,0,0,0,0,0,0,0,closed
0,0,0.0711,0.2,84,1182,165,11,18,0.01987993241167848,15,0,0,0,0,0.00746662297595188,0,0,0.00896802126081422,0.01250112177768113,0,0.0141733968791144,0,0,0,0.01291571991980234,0,0,0,0,0,0,0,0,0.01289731726420345,0,0,0,0,0,0,0,0,0,0,0,0,0,0,0,0.01947070534995929,0,0,0,0,0,0,0,0,4,0,0,0,0,0,0,0,0.01792625155829702,0,0,0,0,0,0,0,0,0,0,0,0,partially_open
1,0,0.0422,0.0918,63,1494,196,8,9,0,9,0,0.0056449345368164,0,0,0,0,0,0,0,0,0,0,0,0.01843425022126294,0,0,0.00925565020085605,0,0.00817798758368252,0.01278951207488414,0,0,0,0,0,0,0,0.01600475026970381,0,0,0.01363913592613063,0.02466010706644825,0,0,0,0.0134119646584878,0,0,0,0.0152252132059832,0,0,0,0,0,0.01363913592613063,0,0,2,0.02505275584845856,0.6667,0.01375534839407568,0.02655777026284928,0,0.01478280343137468,0,0.01401752001551045,0.02549685130056409,0,0,0,0.01566503430885244,0,0,0,0,0,0.01516846729895024,0,closed
0,0,0.4766,0.8,112,235,30,12,14,0,10,0,0,0,0,0,0,0,0.03008626487498965,0,0,0,0,0,0,0,0,0,0,0,0,0,0,0,0.04326841920894062,0,0,0,0,0.04840591959748445,0,0,0,0,0,0,0,0,1,0.1692290303000911,0,0,0,0,0.04958442744691852,0,0,0,0,4,0,0,0,0,0,0,0,0,0,0,0,0,0,0,0,0,0,0,0,0,closed
0,1,0.0463,0.1336,88,1901,262,11,20,0,15,0.00574129299520087,0.00510732172378627,0,0,0,0.00868396936844062,0,0,0.00884433105359753,0.00921629723850693,0,0,0,0,0.00913765218815947,0,0,0,0,0,0,0,0,0,0,0,0,0,0,0,0,0,0,0,0,0,0,1,0,0,0,0.02238183796023471,0.04019776893307585,0.03136973981335662,0,0,0.01301991226668205,0,4,0,0,0,0,0,0.01337491739029137,0,0,0,0,0,0,0,0.02775810651056537,0,0,0,0,0,0,fully_open
1,0,0.0816,0.1465,94,1152,157,15,12,0,11,0.01455120810852636,0,0,0,0,0.01100468532035147,0,0.00804029492348861,0.01120790228343826,0,0,0,0,0,0.01157961096258141,0.0093892856025634,0,0.01263222041776158,0,0,0,0.02167279354165088,0,0.01156311202997551,0.01161270386178111,0.0143621402062284,0,0,0,0,0.01563797481185667,0,0,0,0,0.01537751120326619,0,0,0,0.01745649445168763,0,0,0.03396018409863305,0,0,0,0,0,2,0,0.6667,0,0,0,0,0,0,0,0,0,0,0,0,0,0,0.01566445928631332,0,0,0.01732685757785539,closed
1,0,0.0567,0.0757,79,1394,185,9,8,0,6,0.01361242048862143,0.00605464752739178,0,0.00896530264690939,0,0,0,0.00752156621874741,0,0.01092577172629451,0,0,0,0.00988610999769343,0,0.00878352524110769,0.00992743126382141,0,0,0,0,0.01013727439851412,0,0,0,0,0,0,0.01210147989937111,0,0,0,0,0,0,0,0,0,0,0,0.01320421867680351,0,0,0,0,0,0,0,2,0,0.6667,0,0,0,0,0,0,0,0,0.01676968985225673,0,0,0.01645339377843995,0,0,0,0,0,0.01620899579863891,partially_open
0,0,0.0359,0.125,47,1310,184,7,13,0.02047042545360952,10,0.02506841792954046,0.01486685729498181,0,0,0.02306521156927711,0.01263904452634427,1,0,0,0,0,0,0,0,0,0,0.01218813343281045,0,0.01076903315475025,0,0,0,0,0,0,0,0.01300043464732968,0,0.0297145249014261,0.0160846688142985,0,0,0,0,0,0,0,0,0,0.0400980862652627,0,0,0.01950188789822492,0,0,0.03592089263713613,0,0,3,0.01649513132596529,0.3333,0.01811347857833729,0.01748605665821264,0,0,0,0,0,0,0,0.01751504932929272,0.02062821349581559,0,0,0,0.05397259239244589,0,0,0,partially_open
0,1,0.087,0.3065,73,839,124,9,22,0,16,0.02446290058824721,0,0,0,0,0.03700126078726874,0,0.04055105265759475,0,0.01963472020377564,0,0,0,0,0,0,0,0,0,0,0,0,0,0,0,0,0,0,0,0,0,0,0,0,0,0,0,0,0,0,0.0237293205206324,0,0,0,0,0.02628992866920832,0,0,3,0,0.3333,0,0,0,0,0,0,0.02457305234039872,0,0,0,0,0,0,0,0,0,0,0,fully_open
0,0,0.0746,0.1872,98,1313,187,12,22,0,13,0.00740324623065376,0.00658575695961913,0.01300706369737486,0.00975173270365583,0,0,0,0,0,0.03565251826475051,0,1,0,0,0,0,0,0,0,0,0,0,0,0,0,0,0,0,0,0,0,0,0,0,0,0,0,0,0,0,0,0,0,0,0,0,0,0,3,0,0.3333,0,0,0,0,0,0,0,0,0,0,0.0365517467206557,0,0,0,0,0,0,0,partially_open
0,0,0.0386,0.1106,62,1605,208,7,14,0,9,0,0.00568769919239834,0,0.02526585291401739,0,0,0,0,0,0,0,0,0,0,0,0,0,0,0.02471982610522216,0,0,0,0,0,0,0,0,0,0.0113680568751668,0.03692162614191247,0,0.04969385211875179,0,0.02645197783847962,0,0,0,0,0,0,0,0,0,0,0,0,0,0.01457688376722576,3,0,0.3333,0,0.01337948274605664,0,0,0.01274248943385557,0,0,0,0,0,0,0,0,0,0,0,0,0,fully_open
0,0,0.1052,0.0978,138,1312,184,17,10,0,8,0.00686154528694739,0,0.01205532732927426,0,0.01893972657314625,0,1,0,0.05285027093003407,0,0.0359520311079975,0,0.04321845955931403,0,0.02184121742535681,0,0,0,0,0,0,0.01021969126354269,0,0,0,0,0.01067515365349836,0,0,0,0,0,0,0,0.01203743935439944,0,0.01140181904918515,0,0,0,0.01331157004815964,0.04012353878237199,0,0.02499377643665812,0,0,0,0,3,0,0.3333,0,0,0,0.01598465736888482,0,0,0,0.01616076709881311,0,0,0,0,0,0,0,0,0,0,fully_open
1,0,0.0192,0.1701,33,1717,241,3,24,0,17,0.00629828410667558,0,0.02213142181344379,0,0,0.01905288801732494,0,0,0,0.0101104156273173,0,0,0,0,0,0,0,0,0,0,0,0,0,0,0,0,0,0,0,0.0242470380633455,0,0,0,0,0,0,0,0,0,0,0,0,0,0,0,0,0,0,4,0,0,0,0,0,0,0,0,0,0,0,0,0,0,0,0,0,0,0,0.02999873849300336,closed
1,0,0.0778,0.2327,111,1427,202,14,28,0,19,0.00654240364569402,0.0174599137999205,0,0,0.00601960301937206,0.0098956860245021,0,0,0,0,0,0,0,0.0095029274396433,0,0,0,0,0,0.01318608609271,0,0,0.0436585431997605,0,0,0.01291479274358523,0,0.01650102159589618,0,0,0,0,0,0.01353357005689655,0,0,0.01087150188410677,1,0,0.01569731284027726,0,0.02550488511747676,0,0,0,0,0,0,4,0.03874437823075569,0,0,0.01369063350759284,0.01784949684491508,0,0.01303882639743361,0,0,0.0154091035128218,0,0,0,0,0,0,0,0.0171814526880077,0,0,partially_open
0,1,0.0394,0.088,68,1728,250,9,12,0,10,0,0.01112261175402343,0,0.04117398252654685,0.02300826042959989,0,0,0.01381739572036561,0,0,0.01091876500316961,0,0,0.00908057510899248,0,0.00806783059183225,0,0,0,0.02520007564384579,0,0,0.04171816350199336,0,0,0.01234080195498144,0,0.01576764285830079,0,0.03610114556098108,0,0,0.01288974989686086,0.01293207805436781,0,0,0.03116497206777276,0,0,0,0,0,0,0,0,0,0,0,4,0.01234080195498144,0,0.02710313090980839,0,0,0,0.01245932300199211,0,0,0,0,0,0,0,0,0,0,0,0,0,fully_open
0,0,0.119,0.1687,150,1261,166,17,15,0,13,0,0.00688785590272093,0,0,0,0.01171140823083276,0,0,0,0,0,0,0,0,0,0,0,0,0.00997864540027316,0,0,0.05766156079888768,0,0.02461139441242494,0.0247169476691121,0,0,0,0.01376682116992677,0,0.01664224842362729,0,0,0,0.01358353248248745,0,0,1,0.01604311908043677,0,0,0,0,0.05640797250842108,0,0,0,0,3,0,0.3333,0,0,0,0,0,0,0.01555541845401387,0,0,0,0,0,0,0,0,0,0,0,fully_open
0,0,0.0944,0.0806,134,1419,211,18,9,0,8,0,0,0.02601412739474972,0,0,0,0,0,0,0,0,0,0.07771740534788926,0,0,0,0,0,0.02862295654288882,0,0,0,0,0,0.02363287101695806,0,0.02303585788386487,0.01867220864798778,0,0,0.0159123252471524,0,0,0,0,0,0,0,0.0153394735067334,0,0.04308745041904305,0.15873435079692777,0,0,0,0,0,0,4,0,0,0.06419162583901987,0,0,0.01724660400327046,0,0,0,0,0,0,0,0,0,0,0,0,0,0,closed
1,0,0.0611,0.1225,110,1800,253,16,17,0,14,0,0.01586147098725172,0.01044229057394883,0.02348656749753729,0.02187405040842243,0,0,0,0,0.06678570322833546,0.01038051602414012,0,0,0,0,0,0.01733804896780078,0,0,0,0,0,0,0,0,0,0,0,0.01056748948959167,0,0,0.01154857126703386,0,0,0,0,0,0,0,0,0,0.02316993084615847,0,0,0.01801040382128757,0,0,0,4,0,0,0.02576706107622629,0,0,0.02769173037144835,0,0,0,0.01399841093770431,0,0,0,0.01436775231356728,0,0,0.02559263770721612,0.01560850279403516,0,0,fully_open
1,0,0.0184,0.0854,28,1522,199,3,11,0,6,0,0.01816394258217536,0,0.01793060529381879,0.00626232894757255,0,0,0,0,0,0,0,0,0.00988610999769343,0,0.00878352524110769,0.00992743126382141,0,0.00877155119862722,0,0,0,0,0,0,0,0,0.01716638536992425,0.01210147989937111,0,0,0,0,0.0140792785269327,0,0,0.01130986889556269,0,0.02820483838334851,0,0,0,0,0,0,0.01462907321109173,0.01543489599356663,0.04655198364372098,4,0.01343555051550399,0,0.01475372045493601,0,0,0,0,0,0,0,0,0,0,0,0.01511334445124907,0.03413073429115206,0,0,0,0.01620899579863891,closed
0,0,0.0892,0.28,101,1132,150,12,24,0,18,0,0.01516719784639559,0,0,0.00784372514645451,0,0,0,0.03939747469329813,0,0.01488922500432219,0,0.01789855395890783,0,0,0,0,0,0,0.01718186975716758,0,0,0,0,0,0,0,0,0,0.01640961161862776,0,0,0.01757693167753754,0,0,0,0,1,0,0,0,0,0,0,0,0,0,0,4,0,0,0,0,0,0,0,0,0,0,0,0,0,0,0,0,0,0,0,0,fully_open
1,0,0.0772,0.212,98,1269,184,15,21,0,18,0.03458893730715282,0.00615390404423427,0,0.00911227482144889,0.05091992062288501,0.01046347128820304,0,0,0,0,0,0,0,0,0,0,0,0,0,0,0,0,0.06155138877343284,0,0,0,0,0,0,0.02663199262695325,0,0,0,0,0,0.02924248032096521,0.0344858297471256,0,0,0,0,0.01348414008260042,0,0.01259932172831536,0,0,0,0,4,0,0,0.02999116944937814,0,0,0,0,0,0,0.01629323240290174,0,0,0,0,0,0.05203538178814985,0,0,0.0165361159898392,0.01647471704123955,closed
0,0,0.0521,0.0596,75,1440,235,11,7,0,7,0,0.01876940733491454,0,0.01852829213694608,0.01294214649164993,0.01063786247633976,0,0,0,0,0,1,0.01476630701609896,0,0,0,0,0,0.00906393623858146,0.01417504254966325,0,0,0.03128862262649502,0,0,0.01388340219935412,0,0,0,0.0270758591707358,0,0,0,0,0,0.04459478248947195,0.02337372905082957,0,0,0,0,0,0,0,0,0,0,0.04810371643184502,4,0.01388340219935412,0,0,0.01471743102066231,0,0,0.01401673837724113,0,0,0,0,0,0,0,0,0,0.0151423106434362,0,0,0,fully_open
0,0,0.0776,0.1971,73,941,137,8,14,0,13,0,0,0,0.01407212061033879,0,0,0,0,0,0,0,0,0,0,0,0.02757359822524948,0.0155822971735931,0.01854857681595371,0.02753600882607025,0,1,0,0,0,0,0,0,0,0,0,0,0,0,0.02209912072581842,0,0,0,0,0,0,0.0207256090623245,0,0,0,0,0.02296208959715664,0,0.07306893635216966,1,0,1,0,0.02235559142379085,0,0,0,0,0,0,0,0,0,0,0,0,0,0,0,0,partially_open
1,0,0.0149,0.0933,25,1676,225,3,13,0,8,0.02851250237481517,0.02536406396610073,0,0.04506881871149048,0.03672771301684442,0,0,0,0,0.00915402495986837,0.00995968429343174,0,0,0,0,0.02207750938981124,0.01663515509072777,0,0.02204741247222517,0,0,0.00849339206361994,0,0.00906297969916999,0,0,0,0,0,0,0,0.01108038594539736,0.01175754213565011,0,0,0,0.05685501661012599,0,0.01181554040383518,0.01368211727294436,0,0.04446121865073653,0,0,0,0.03677037320625759,0,0,3,0,0.3333,0,0.01193305217891538,0,0,0.01136492300857389,0.01259682541934385,0,0,0.02810056137405183,0,0,0,0,0,0,0,0,0,closed
0,0,0.045,0.191,61,1357,199,10,21,0,17,0.02700704224942492,0.01801863104151796,0,0,0.00621223031599197,0.01021234797728617,0,0,0.0104009333190307,0.01083836555248415,0.01179226620342318,1,0,0.01961404223542377,0,0,0.00984801181371084,0,0.0174027575780764,0,0,0,0,0,0,0,0,0,0,0,0,0,0.02784185977721946,0,0,0,0,0,0,0.01619962685116613,0,0.03948156216185403,0,0,0,0.01451204062540299,0,0,3,0.01332806611137995,0.3333,0,0,0,0,0.01345606884215148,0,0,0,0,0,0,0,0,0,0,0,0,0,fully_open
1,0,0.0555,0.1462,92,1658,212,11,19,0,12,0,0.00560280815967598,0,0.00829625021057287,0,0,0,0,0,0,0,0,0,0,0,0,0,0,0.01623391565119067,0,0,0,0.04202949308036645,0,0,0,0,0.01588531183485528,0,0,0,0.01223803820834932,0,0,0,0,0,0,0,0,0,0,0,0,0,0,0,0,3,0.02486579498391783,0.3333,0,0.01317978897372744,0,0.01467248400278233,0.01255230302439504,0.01391291165718574,0,0,0,0,0,0,0,0.04737549685189762,0,0,0,0,closed
0,0,0.0584,0.2031,91,1559,192,12,23,0,16,0,0,0,0,0.0294139692992044,0,0,0,0,0,0,0,0,0,0.01017602175499578,0.00825119037801026,0,0,0,0,0,0,0,0,0,0.01262127472668556,0.01989460453606512,0,0,0,0,0,0,0,0.02243340970592624,0,0.06374653377498975,0,0.07948636271670946,0,0,0,0,0.02328965531597688,0,0,0,0,3,0,0.3333,0,0.01337948274605664,0,0,0,0.01412371334896129,0.01284500463248115,0,0,0.01340166653226186,0.01578370881119223,0,0,0,0,0.05037289538074985,0,0,closed
0,0,0.0185,0.1164,24,1297,189,4,12,0,10,0,0,0,0,0,0,0,0,0,0,0,0,0.0158210432315346,0,0,0,0.01099108461351656,0,0.00971136025562299,0,0,0.01122341094121206,0,0,0,0,0.03517081873340084,0,0,0,0,0,0,0,0.01321968786242082,0,0,0,0,0,0,0,0,0.01372426116834352,0,0,0,0,3,0,0.3333,0,0,0,0.03510915814951487,0,0,0.03027751091941985,0,0.0185664423364271,0,0,0,0,0,0,0,0,0,partially_open
0,0,0.0967,0.1447,108,1117,152,15,12,0.02153659344598502,10,0,0,0,0,0,0,1,0,0.01354288192582123,0.02822491029292748,0,0,0.09228941885061852,0,0.0139920299131192,0.02269077353952821,0,0,0,0,0,0,0.09777694570779696,0,0.01403201716631884,0,0,0,0,0,0,0,0,0,0.01542296917282429,0,0,0,0,0,0.01705544912420454,0,0,0,0,0,0,0,3,0,0.3333,0,0,0,0,0,0,0,0,0,0,0.02170259961538932,0,0,0,0,0,0,0,fully_open
0,0,0.033,0.2036,55,1665,221,7,26,0,19,0.00582048324341054,0.01035553508133216,0.01022624318276368,0,0.00535537096206204,0,0,0.01286447187758178,0,0.00934341857972772,0,0,0.04888156805329311,0,0,0.00751142848205072,0,0,0,0,0,0,0,0,0,0.01148971216498272,0,0,0,0,0,0,0,0,0,0,0.00967188788310189,1,0,0,0,0,0,0,0,0,0,0,3,0,0.3333,0.01261697473387632,0,0.03175979438612477,0,0,0,0.01169338352750008,0,0,0,0,0.01407048847259692,0,0,0.01253156742905065,0,0,0,fully_open
0,0,0.0523,0.0966,110,2103,290,15,17,0,11,0.00461185830762037,0.0246156161769371,0,0,0.0254599603114425,0,0,0,0,0,0,0,0,0,0,0,0.01345356805151754,0,0.05943564746610794,0.00929510986863164,0,0,0,0,0,0,0,0,0.00819990987716949,0,0,0,0,0,0,0.00974749344032173,0.0459811063295008,1,0,0,0.01789424170408345,0,0,0,0,0,0,0,3,0,0.3333,0,0,0,0,0,0,0.00926524924310115,0,0,0,0,0,0,0,0,0.01211151582925133,0.01102407732655947,0.0109831446941597,fully_open
1,0,0.0455,0.159,64,1407,195,9,23,0,8,0.00760333396661737,0.00676375039096019,0.01335860595946607,0,0.03497877430175659,0,0,0.0084024703704926,0,0,0,0,0,0,0,0.00981222639547166,0,0,0.01959769997531126,0,0,0.01132452275149325,0.06765107594917844,0.01208397293222666,0,0,0.01182922431874142,0,0.01351877033803619,0,0,0,0.01567672284753348,0,0,0,0.10107558508466842,1,0,0,0,0,0.053234883181641,0.01384790316085112,0,0,0.0172425865153357,0,4,0.04502725037628364,0,0,0.01591073623855385,0,0,0.01515323067809852,0,0.01527514064403164,0,0,0.03187423391456875,0,0,0,0.01906401374821105,0,0,0,0,partially_open
0,0,0.0581,0.1813,75,1290,193,10,19,0,16,0,0.01580581670308593,0.01560847643684983,0,0,0.01343729997011338,0,0,0.02737087715534396,0,0,1,0,0,0.04241794331556137,0,0,0,0,0,0,0,0,0,0,0,0.01382151473031892,0,0,0,0,0,0,0,0,0,0,1,0,0,0,0,0,0,0.02692081413287195,0,0.0201466010863396,0,4,0,0,0,0,0,0,0,0,0,0,0,0.01862126297114279,0.02193104803239342,0,0,0,0.019127129233814152,0,0,0,fully_open
0,0,0.0466,0.1652,75,1608,224,10,21,0,16,0,0.00615390404423427,0,0.04556137410724447,0,0.01046347128820304,0,0,0,0,0,1,0,0,0,0,0,0,0.05349208271949714,0,0,0.01030345922471927,0,0.01099443438915704,0,0.01365580544198766,0.02152530982590652,0,0,0,0,0,0,0,0,0.02924248032096521,0,0,0.01433360639153777,0,0,0,0,0,0,0,0,0,4,0,0,0.01499558472468907,0,0,0,0,0,0,0,0,0,0.0341549108701209,0,0,0,0,0,0,0,partially_open
0,0,0.0765,0.2585,79,1033,147,10,22,0,16,0.01875489045098953,0,0,0,0.01725619532219991,0,0,0,0,0,0,0,0.01968840935479861,0.01362086266348873,0,0,0,0,0.01208524831810861,0,0,0,0,0,0,0,0,0,0,0,0,0,0,0.01939811708155172,0,0,0.03116497206777276,1,0,0,0,0,0,0.01707908056504971,0,0,0,0,4,0,0,0,0.01962324136088308,0.02558427881104495,0,0,0,0,0.02208638170171124,0.02310490601866484,0,0,0,0,0,0,0,0,0,fully_open
1,0,0.0372,0.0681,65,1748,235,9,9,0,7,0.02220973869196128,0.00493931771971435,0,0.02194139858322563,0.0051087420361776,0,0,0,0.00855339911104498,0,0,0,0,0,0.00883707152407528,0.02866202973414091,0,0,0,0.01119082306552362,0,0.00826988174615625,0,0,0,0,0,0.01400415648599083,0.01974451983581602,0,0,0,0,0,0,0.01173546907617682,0,0,0,0,0,0,0,0.01011261349246364,0,0,0,0.05063549098088948,2,0,0.6667,0,0.03485707346998968,0,0,0,0,0,0,0,0,0,0.01342250545083259,0.01232930731549266,0,0,0,0,0.01322312815152122,closed
1,0,0.0495,0.1538,53,1070,156,8,14,0,10,0,0.06825239030878015,0,0,0.04412095394880661,0.02901235220819935,0,0,0,0,0,0,0,0,0,0,0.01398865314447562,0,0.11123921747349974,0,0,0,0.02133315179079206,0.01524228403951317,0,0,0.02984190680409768,0,0,0.03692162614191247,0,0,0,0,0,0,0.07968316721873718,1,0,0,0.01860594449913222,0,0,0.03493448297396533,0,0,0,0.04373065130167729,3,0,0.3333,0,0.02006922411908496,0,0,0,0,0.05780252084616517,0,0,0.02010249979839279,0,0.02318432759689267,0.0212960762722146,0,0,0,0,0,closed
0,0,0.0592,0.149,117,1978,302,20,25,0,20,0.02813233567648429,0,0,0,0,0,0,0.00621782807416452,0,0.01806394258747359,0,0,0.01181304561287917,0.01634503519618648,0,0,0,0,0,0,0,0,0,0,0,0,0,0,0,0,0,0,0.01160077490717477,0,0.00987070027060754,0,0,1,0,0,0,0,0,0,0,0,0.01275951402134841,0,4,0,0,0,0.01177394481652984,0,0,0,0,0,0,0,0,0,0,0,0,0,0,0.01344937433840255,0,fully_open
0,0,0.0335,0.0817,94,2807,404,12,18,0.00939778623097528,15,0.00767245518449571,0.003412619515439,0,0,0.00705935263180905,0.00580247044163987,0,0.0042394282323849,0.01181924240798943,0.01231632449145926,0.01340030250388997,0,0.00805434928150852,0.00557217108960902,0.00610561305299747,0,0,0,0.00494396522104443,0,0,0,0.0682660857305346,0.00609691361580527,0,0,0,0,0,0,0.00824547762806988,0,0.05536733478424325,0,0,0,0.00637465337749897,1,0,0,0,0,0,0,0,0,0.01739933730183875,0.04373065130167729,2,0.02271829450803401,0.6667,0,0.01605537929526797,0,0.00893687661987651,0.02293648098094003,0,0.00770700277948869,0,0.01890401401527123,0,0,0,0.00851843050888584,0,0,0,0,0,fully_open
0,0,0.0859,0.2078,96,1117,154,13,18,0,14,0.00927439637686295,0,0.01629456331319488,0,0,0.08416770310950142,0,0.02049833431043251,0.02857399263469974,0,0,0,0.01947205320804259,0,0.02952164553097678,0,0,0,0,0,0,0,0,0,0,0,0,0,0,0,0,0.01802084747163526,0,0,0,0,0,1,0.01921648329414953,0,0,0,0,0,0,0,0,0,3,0,0.3333,0.02010397072980293,0,0,0.02160563578431684,0,0.02048714463805374,0,0,0,0,0,0,0.02059400782368006,0,0,0,0,0,fully_open
0,0,0.1044,0.2596,67,642,104,9,15,0,12,0.01480649246130752,0,0,0,0,0,0,0,0,0,0,0,0,0,0,0.05732405946828182,0,0,0,0,0,0,0,0,0,0,0,0,0,0,0,0,0,0,0,0,0,0,0,0,0,0,0.03455597680211784,0,0,0.03182465049430481,0,0,3,0,0.3333,0,0,0,0,0,0.03270754670285772,0,0,0.03648143055578659,0,0,0,0,0,0,0,0,0.03526167507072325,partially_open
0,0,0.1052,0.1964,115,1093,168,15,18,0,15,0,0,0,0.01195373686254586,0,0,0,0,0,0.01456769563505935,0,0,0,0.02636295999384916,0,0,0,0,0,0,1,0,0,0,0,0,0,0,0,0,0,0,0,0,0,0,0,1,0,0,0.03521124980480938,0,0,0,0,0,0,0,4,0,0,0,0,0.02475897949455963,0,0,0,0,0,0,0,0,0,0,0,0,0,0,0,fully_open
1,0,0.0501,0.1082,95,1897,268,12,18,0,11,0,0,0,0.02832350390361185,0.00494604324521653,0,0,0,0,0,0,0,0,0.01561627566514631,0,0.00693730655985576,0,0,0.00692784935432977,0.0108344274264942,0,0,0.02391487079732104,0,0,0,0,0,0,0.01034746210346591,0,0.03133561375641036,0,0,0,0,0,1,0,0,0,0,0,0,0,0,0,0.01225572393168026,4,0.03183455281380563,0,0,0.0112489918629266,0,0,0.01071343060680851,0.02374942881608777,0,0.01266098314110835,0,0,0,0,0,0,0,0,0,0,closed
1,0,0.3011,0.3077,56,186,26,6,4,0,4,0,0,0,0,0,0,0,0,0.13685438577671982,0,0,0,0,0,0.1413931443852046,0,0,0,0,0,0,0,0,0,0,0,0,0,0,0,0,0,0,0,0,0,0,0,0,0,0,0,0,0,0,0,0,0,4,0,0,0,0,0.12118868910494976,0,0,0,0,0,0,0,0,0,0,0,0,0,0,0,partially_open
0,1,0.0377,0.0398,76,2017,251,10,5,0,5,0.01543847689563162,0,0.00904149549695569,0,0.02840958985971937,0,0,0.00568703787271145,0.01585508127901022,0.01652189870805511,0,0,0,0,0.0163809130690176,0,0.01501221313065677,0,0,0.01037198235341214,0,0,0,0,0.02464159112134041,0,0,0,0.00914989943610986,0,0,0,0,0,0.00902807951579958,0,0,0,0,0,0.01996735507223946,0,0,0,0.01559437404038314,0.01106100657424009,0.01167028721464794,0,1,0,1,0.01115525205129308,0,0,0.01198849302666361,0,0,0,0.01212057532410983,0,0.01078670720889369,0,0,0,0,0,0,0,0,fully_open
0,0,0.0682,0.15,57,836,120,7,10,0.03040460251197885,8,0,0,0,0.0326969861240225,0,0,0,0,0,0,0,0,0.10423275540775738,0,0,0.03203403323227513,0.03620592578570163,0,0.01599518159749669,0,0,0,0,0,0,0,0,0,0,0,0,0,0,0.02567397849028904,0,0,0,0,0,0,0,0,0,0,0,0,0,0,2,0,0.6667,0,0,0,0,0,0,0,0,0,0,0,0,0,0,0,0,0,0,fully_open
0,0,0.0308,0.129,31,1008,155,4,11,0,9,0.01241132456315483,0.02208165568813475,0,0,0,0,0,0,0,0.01992346608912528,0,0,0,0,0,0.01601701661613756,0,0,0,0,0,0.01848561802081987,0,0,0,0,0,0,0,0,0,0,0,0,0,0,0,0,0,0,0,0.02419213367760664,0.02896603937824583,0.02260466545374227,0,0,0,0,3,0.02450012152827198,0.3333,0,0,0,0,0,0.02741662003033662,0,0,0,0,0,0,0,0,0,0,0,0,partially_open
0,0,0.1021,0.1526,127,1244,190,20,17,0.01987993241167848,12,0,0.00721900282112097,0,0,0.01493324595190377,0,0,0,0.02500224355536227,0.02605376334731768,0,0,0,0.0353618549917496,0.02583143983960468,0,0,0,0,0,0,0,0,0,0,0,0,0,0,0,0,0,0,0,0,0,0,0,0,0,0.01574349149926573,0,0.05681800031886683,0,0.02459112829445034,0,0,0,3,0,0.3333,0,0,0,0,0,0,0,0,0,0,0.08013267550297595,0,0.0360395136914401,0,0,0,0,0,fully_open
1,0,0.0469,0.0956,97,2068,293,13,17,0,11,0.00922371661524075,0,0.04861656595084375,0.04252394916676151,0.00424332671857375,0.00697564752546869,0,0,0,0,0,0,0.00968282427285177,0.00669878491646986,0,0.01785503491635007,0,0,0.00594356474661079,0,0,0,0,0,0.00736105818560988,0.01820774058931688,0,0,0,0.01775466175130217,0,0,0,0.00954005758109101,0,0.00974749344032173,0.00766351772158346,0,0,0,0.00894712085204172,0,0,0,0,0,0,0,4,0.00910387029465844,0,0.01999411296625209,0,0,0.01074378610039799,0.00919130385392861,0,0,0,0.02272613706753919,0,0,0,0,0,0,0,0,0,fully_open
0,0,0.0859,0.2824,82,955,131,10,23,0.02685081780278652,14,0,0,0,0,0.02016957894802588,0,0,0.0121126520925283,0,0,0.03828657858254279,0,0.02301242651859578,0,0,0.01414489779087473,0,0,0,0,1,0.01632496136903573,0,0.01741975318801505,0.01749446296060532,0,0.0170525181737701,0,0,0,0,0,0,0,0.01922863689079392,0,0,0,0.02271038934763127,0,0.02126393657043683,0.02136448168931495,0,0,0,0,0,0,4,0,0,0,0,0,0,0,0,0.02202000794139626,0,0,0.02297428548387747,0,0.02649637439644876,0.02433837288253098,0,0.02359840619756292,0,0,0,fully_open
0,0,0.0787,0.2443,70,890,131,8,18,0,14,0.01125293427059372,0,0,0,0.01035371719331995,0.01702057996214362,0,0,0,0,0.0196537770057053,0,0,0,0,0,0,0,0.01450229798173033,0.02268006807946121,0,0,0,0,0,0,0,0,0,0.02166068733658864,0,0,0,0,0,0.02378388399438504,0,0,0.02331599973023477,0,0,0,0,0,0,0,0,0,4,0,0,0.02439281781882755,0.02354788963305969,0,0,0.08970712561434326,0,0.04521441630633365,0.0265036580420535,0.11090354888959124,0,0,0,0.02498739615939847,0,0,0,0,0,fully_open
0,0,0.0644,0.1379,104,1615,232,14,19,0,13,0,0,0,0,0,0,0,0.04565538096414513,0,0,0,0,0.01239130658693619,0,0,0,0,0.03074134759007714,0,0,0,0.00879036381409616,0,0.01875973420247775,0,0,0.01836425034098318,0,0.01049359096169243,0,0.01268535019703059,0,0,0,0.01035388140273518,0,0,0,0,0,0.01144981199946598,0,0,0,0,0,0,0,4,0,0,0,0,0,0,0,0,0,0,0,0,0,0,0,0,0,0,0,0,closed
0,0,0.0417,0.1624,63,1511,197,7,18,0,14,0.00680621024431071,0,0.04783242779034626,0.00896530264690939,0.0125246578951451,0.01029470562226428,0,0,0.01048481181353901,0.02185154345258902,0,0,0.04286992359512601,0,0.01083253928757615,0,0.00992743126382141,0,0,0,0,0,0,0,0,0,0,0,0,0,0,0.01322497677353878,0,0,0,0,0,0,0,0,0,0,0,0,0.04124963455843283,0,0,0,2,0,0.6667,0.02950744090987203,0,0,0,0,0,0,0,0.01676968985225673,0,0.0168020126054627,0,0,0,0,0,0,0,partially_open
0,0,0.0342,0.1522,55,1608,230,6,18,0.0155452103068764,17,0.00634563962627465,0.02257973814726561,0,0.008358628031705,0.01167712465412024,0,0,0,0,0,0.02216591391620898,0,0,0,0,0.00818915135261168,0,0,0,0,1,0,0,0,0,0,0,0,0,0,0,0,0,0,0,0.0134119646584878,0,0,0,0,0,0,0,0.01155727256281559,0,0,0,0,2,0,0.6667,0,0,0,0,0,0,0,0,0,0,0,0,0,0,0,0.04999415180645849,0,0,partially_open
0,1,0.0653,0.1127,95,1454,213,14,13,0,11,0,0,0.01348004783182485,0,0.00705935263180905,0.01160494088327974,0,0,0.02363848481597887,0,0,0,0,0,0.02442245221198988,0.00990142845361231,0,0.01332125062236675,0,0,0,0.03428241887497504,0,0,0,0,0.02387352544327814,0,0.01364166825020016,0,0,0,0,0,0,0,0.01274930675499794,1,0,0,0,0,0,0.02794758637917226,0.11624897011921982,0.01649095525613977,0,0,3,0,0.3333,0,0,0,0.01787375323975302,0,0,0,0,0,0,0,0,0,0,0,0,0,0,fully_open
1,0,0.0627,0.1603,81,1292,156,9,14,0,11,0,0,0,0,0.00592770068319844,0,0,0,0,0,0,0,0,0,0,0,0,0,0.00830284235595248,0,0,0,0,0,0,0,0,0.0162490976020657,0,0,0,0,0,0.01332695066671492,0,0,0,0,0,0,0,0,0,0,0,0,0,0,3,0,0.3333,0,0.01348161620213341,0,0,0,0,0,0.03034770004815285,0,0,0,0,0,0,0,0,0,0,closed
1,0,0.0483,0.1847,77,1594,222,10,26,0,15,0,0,0,0.00861781029625399,0.00601960301937206,0.0098956860245021,0,0,0,0,0,0,0,0,0,0.00844307852633608,0.01908529421261791,0,0.00843156859402926,0.01318608609271,0,0,0.058211390933014,0,0,0,0,0.01650102159589618,0,0.01259342287010967,0,0,0,0.01353357005689655,0,0,0,1,0.01355581379664812,0,0,0,0,0,0,0,0,0,4,0.02582958548717046,0,0,0.01369063350759284,0.01784949684491508,0,0,0,0,0,0,0,0.01615077180680135,0,0.04358266771988105,0.03280783761320043,0,0,0.03127761474047105,0,closed
1,0,0.0658,0.22,91,1384,200,11,28,0,16,0.02260634116860345,0.00670335976246947,0,0.00992587078764968,0.02773317105353558,0.01139770979607831,0,0,0,0,0.01316101138774908,0,0,0.02189067213774974,0,0.00972461723122638,0.01099108461351656,0,0,0,0,0.02244682188242413,0,0,0.01202744328541615,0,0,0,0,0.01450492455575132,0,0,0.03107350421564672,0,0.01321968786242082,0,0,1,0,0,0,0,0,0,0,0,0.0170886348500202,0.01717989872565893,4,0,0,0,0.04730602828070028,0,0,0,0,0,0.01774798529601796,0.0185664423364271,0,0,0,0,0,0,0,0,0,fully_open
0,0,0.095,0.2368,69,726,114,9,17,0,10,0.07790492956564883,0.01155040451379356,0,0.01710303889564254,0.01194659676152302,0.01963913072555033,0,0,0,0,0,1,0,0,0,0,0,0,0.05020026224445117,0,0,0.01933880039101156,0,0,0.02072420996871707,0,0,0,0.02308590011572335,0,0,0,0.02677101901655718,0,0,0,0.02157574989307345,0,0,0,0,0,0.06060586700679129,0,0,0.0279077704334673,0,0,4,0,0,0,0,0,0,0,0,0,0,0.06398281666707187,0,0,0,0.05766322190630416,0,0,0,0.03103701770400589,0.03092177660048039,fully_open
0,0,0.0732,0.1394,104,1420,208,14,15,0,14,0,0.00605464752739178,0.0358743208427597,0.02689590794072819,0.0250493157902902,0.01029470562226428,0,0,0.01048481181353901,0,0,0,0,0.00988610999769343,0.01083253928757615,0.01756705048221539,0.02978229379146424,0,0,0.02743556622515468,0,0.01013727439851412,0.01513965610959436,0,0,0,0,0,0,0,0,0,0,0,0,0,0.03392960668668809,1,0,0,0,0,0,0,0,0.01462907321109173,0,0.01551732788124032,4,0.01343555051550399,0,0,0,0,0,0.01356458552636238,0,0,0,0,0,0,0,0,0,0,0.03574850639924182,0,0.01620899579863891,partially_open
0,1,0.0659,0.08,109,1655,200,15,10,0,6,0.01180377720691648,0.02100073547962466,0,0.02332232576678528,0.01629081376571321,0,0,0,0.02727517478766793,0,0.03092377500897687,0,0,0,0.02817975255229602,0.01523296685171125,0,0,0.01521220068013671,0,0,0.04395181907048082,0,0,0.00942009544032594,0,0.01836425034098318,0,0.02098718192338487,0,0,0,0,0,0,0,0,1,0,0,0,0.02300790335772379,0,0,0,0,0,0,4,0,0,0,0,0,0.01374904095365617,0,0,0,0,0,0,0,0,0,0,0,0,0,0,fully_open
0,0,0.0663,0.2941,64,965,119,9,19,0,16,0,0.00938470366745727,0,0,0,0,0,0,0,0,0,0,0,0,0,0,0.03077503691784638,0,0,0.04252512764898977,0,0.01571277531769689,0,0,0,0,0,0,0,0,0,0,0,0,0,0,0,0,0,0,0,0.02056331362596564,0,0,0,0,0,0,4,0,0,0.02286826670515083,0,0,0,0,0,0,0,0,0,0,0,0,0,0.02271346596515431,0,0,0,partially_open
0,1,0.0559,0.2893,64,1145,159,10,27,0,19,0.01758270979780268,0,0.01544588814063265,0,0,0,0,0.00971535636588207,0.01354288192582123,0,0,0,0,0,0.0139920299131192,0,0,0.01526393300479524,0,0,0,0,0,0,0.01403201716631884,0,0.04103262185563431,0,0,0,0,0,0,0,0,0,0,1,0,0,0,0,0,0,0,0,0,0,2,0,0.6667,0,0,0,0,0,0,0.01766188136966158,0,0,0,0,0,0,0,0,0,0,0,fully_open
0,0,0.0867,0.1509,87,1004,159,11,13,0,11,0,0,0,0.01292671544438099,0.01805880905811619,0,0,0,0,0,0.03427984361460227,0,0,0,0,0.01266461778950412,0,0,0,0,0,0,0,0,0,0.01937218911537784,0,0,0,0,0,0,0,0,0,0,0,0,0,0,0,0,0,0,0,0,0,0,3,0,0.3333,0,0,0,0,0.01955823959615041,0,0,0,0,0,0,0,0,0,0,0.02577217903201155,0,0.02337111022129332,closed
1,0,0.0552,0.1193,69,1250,176,9,12,0,9,0,0.00715025041330077,0,0.01058759550682633,0,0.01215755711581687,0,0.00888261153452075,0.01238206347503655,0,0,0,0.01687577944697024,0,0.01279271306342327,0.01037292504664147,0,0,0,0,0,0,0,0.02554897134242208,0.05131709135110893,0,0.01250517999409807,0,0,0,0.01727623883976547,0,0,0,0,0,0,0,0,0,0,0,0.0375179176708708,0.01463921191289975,0,0.01727623883976547,0.01822787717335488,0,3,0,0.3333,0,0,0,0,0,0,0,0,0,0,0,0,0,0.02015338596239455,0.01730549787821281,0,0,0,fully_open
0,0,0.0328,0.1157,63,1919,242,10,14,0,14,0.02083876716776614,0,0,0,0,0,0,0,0.00802541151159776,0,0,0,0,0,0.00829157328184841,0,0,0,0,0,0,0,0,0,0.00831526943189265,0,0.00810520925543393,0,0.00926286115754332,0,0,0,0.01074145824738405,0,0.00913953728759958,0,0,1,0,0,0,0.01015472277825463,0,0,0,0,0.01181436483458186,0,3,0,0.3333,0,0.01090180075604615,0,0.01213649911341254,0,0.01150821087693142,0,0,0,0,0,0,0,0,0,0,0,0,fully_open
1,0,0.0391,0.0936,74,1894,267,10,14,0,11,0.00570250047496303,0.01521843837966044,0.01001895446959955,0,0,0,0,0.00630185277786945,0,0.00915402495986837,0,0,0,0,0,0.00735916979660374,0,0,0,0,0,0,0,0,0,0.01125681259407091,0,0,0.01013907775352715,0,0,0,0,0,0,0,0,0,0,0,0,0.01111530466268413,0,0,0,0.01225679106875253,0,0,4,0,0,0,0,0,0,0,0.01259682541934385,0,0,0,0,0,0,0,0,0,0,0,0,partially_open
0,1,0.0432,0.0794,75,1736,252,9,10,0,10,0,0.0112898690736328,0,0.008358628031705,0,0,0,0,0.0195506265395314,0.02037286757985743,0,0,0.01332298377392387,0,0.02019902062645779,0,0,0,0.00817798758368252,0,0,0.00945129342417858,0,0.01008512026674556,0,0,0,0,0.01128258276332344,0,0,0,0,0,0,0,0,1,0,0,0,0.01236891045170865,0,0,0,0.01363913592613063,0,0,4,0,0,0,0,0,0.01478280343137468,0,0,0,0,0,0,0,0,0,0,0,0,0,0,fully_open
0,0,0.045,0.0724,75,1667,221,8,8,0.01435772896399001,8,0,0,0,0,0.00539256103818747,0,1,0.00647690424392138,0.00902858795054748,0.01881660686195166,0,0,0,0,0.00932801994207946,0.00756359117984273,0.01709724273213687,0,0,0,0,0,0,0,0.01870935622175846,0,0,0,0.03126215640670871,0,0,0,0,0,0.01028197944854952,0,0,0,0.02428749971899455,0,0.01137029941613636,0.01142406312553646,0,0,0.03552051864753938,0,0,0,2,0,0.6667,0,0,0,0,0,0,0,0,0,0,0.02893679948718576,0,0.01301426883302003,0,0,0,0,0,partially_open
1,0,0.0503,0.1304,90,1788,253,11,18,0,15,0.01140500094992606,0,0,0.01502293957049682,0.00524681614526348,0,0,0,0,0,0,0,0,0.016565914050189,0,0.01471833959320749,0,0,0,0.04597311097188084,0,0,0.07610746044282574,0,0,0,0,0.01438264720182843,0,0.01097669966381181,0,0.01108038594539736,0,0.01179615227932199,0,0.0120526439160735,0.00947583610168766,0,0.02363108080767037,0,0,0,0,0,0,0,0,0,3,0.01125681259407091,0.3333,0,0,0,0,0.01136492300857389,0.01259682541934385,0,0,0,0,0,0,0,0,0,0,0,0,closed
0,0,0.0648,0.1235,116,1791,251,14,18,0,13,0.00570250047496303,0.01521843837966044,0.02003790893919911,0.00751146978524841,0.01574044843579046,0,0,0,0.00878457205999215,0.00915402495986837,0.01991936858686348,1,0.01197268136440456,0.0082829570250945,0.00907591129499624,0.02207750938981124,0,0,0,0,0,0,0.0887920371832967,0,0,0.01125681259407091,0,0,0,0.03293009899143544,0.01225679106875253,0,0,0,0,0,0.00947583610168766,0,0,0,0,0,0,0,0,0,0,0,4,0,0,0.03708367573808243,0.01193305217891538,0,0,0,0,0,0,0,0,0,0,0,0,0.03683264751106105,0,0,0,partially_open
1,0,0.0693,0.2035,87,1255,172,10,18,0,17,0.00721341940422674,0.00641689139655198,0,0,0.01327399640169224,0.01091062818086129,0,0,0,0,0,0,0,0.0104775866642221,0,0,0,0,0,0,0,0,0.01604544750076668,0,0,0,0,0.01819343406727015,0,0,0,0,0,0,0,0,0.02397305543674828,0,0,0,0,0,0,0,0,0,0,0,4,0,0,0,0,0,0,0,0,0,0.03397904877186346,0,0,0,0,0,0,0,0,0,0,closed
0,0,0.0705,0.10780000000000001,103,1461,204,12,12,0,10,0.00654240364569402,0.0174599137999205,0,0.00861781029625399,0.01203920603874412,0,0,0,0,0.01050229220201953,0,0,0.0137360995498595,0,0,0.01688615705267216,0,0,0,0,0,0,0,0,0,0,0,0,0,0.03778026861032903,0,0,0,0.01353357005689655,0,0.04148351859485762,0.05435750942053389,0,0,0,0,0,0,0,0,0.01406205486957654,0,0,4,0.02582958548717046,0,0.01418187082489974,0.02738126701518569,0,0,0.03911647919230083,0,0,0,0,0,0,0,0,0.01640391880660021,0,0.0687258107520308,0,0,fully_open
0,0,0.1191,0.2308,104,873,117,11,14,0,13,0,0,0,0,0,0,0,0.01227202909374577,0,0,0,0,0,0,0,0,0,0.03856151495948272,0,0,1,0,0,0.01764896046680473,0,0,0.03455378682579731,0,0,0,0,0.02157759368314222,0,0,0,0.02347093815235365,0,0,0,0.0266441231104706,0.04308745041904305,0,0,0.02022522698492729,0,0,0,0.02531774549044474,4,0,0,0,0,0,0.02586990600490569,0,0,0,0,0,0,0,0,0,0.02784349376383457,0.07172673462680308,0,0,0,fully_open
0,0,0.0296,0.1198,75,2537,359,10,23,0,20,0,0.00359223106888316,0,0,0,0,0,0.00446255603408937,0,0.00648227604813645,0,0,0,0,0,0,0,0,0,0,0,0,0,0,0,0,0.01256501339119902,0,0,0,0,0,0,0.00835325615951988,0.02125270393193012,0,0,1,0.02510095664738193,0,0,0,0.0094243573096685,0,0,0,0,0,1,0,1,0,0,0,0,0,0,0,0,0,0,0.01993731639308492,0,0,0,0,0,0.00965266100842288,0,partially_open
0,1,0.0402,0.1348,77,1915,267,10,20,0,16,0,0.00466320679128311,0,0,0,0.00792884159727187,0,0,0,0.01682976017466483,0.00915548618278197,0,0,0.00761414683052165,0,0,0.022937915715165,0,0.00675572887347686,0.01056524910533907,0,0,0,0,0,0,0,0,0,0.01009038229965309,0,0.01018569639701123,0,0.01084366793378667,0,0,0,0,0,0,0,0,0,0.00954731211710853,0,0,0,0,3,0,0.3333,0,0,0,0,0,0,0,0,0,0,0.01294068051600854,0.01267217905917114,0,0,0.06771716561039795,0,0.01253047298608933,0,fully_open
0,0,0.0524,0.2906,38,725,117,6,19,0.02911990099738819,15,0,0,0.04176916229579533,0,0,0.01797948587550382,0,0,0,0,0,0,0,0,0,0.01534024126615992,0,0,0,0,0,0,0,0,0,0,0,0,0,0,0,0,0,0.02458916249774162,0,0,0,1,0,0,0,0,0,0,0,0,0,0,4,0,0,0.02576706107622629,0,0,0,0,0,0,0,0,0,0,0,0,0,0,0,0,0,closed
0,0,0.0954,0.14,104,1090,150,14,11,0,10,0,0.00728909022715127,0,0,0,0,0,0,0,0,0,0,0,0.01190172465741733,0,0,0,0.01422657833456644,0,0,1,0,0,0,0,0,0,0,0.01456877191768949,0,0,0,0,0,0,0,0,1,0,0,0,0.12777204583124285,0,0,0,0.01761169978811043,0,0,4,0,0,0.01776176054768996,0,0,0,0,0,0,0,0,0,0,0,0,0,0,0,0,0,partially_open
0,0,0.0417,0.1169,78,1872,231,8,15,0,12,0.04142184394083578,0.00921197906008075,0,0,0.00952796060734964,0.01566311039461069,0,0.00572192767561152,0.01595235171630476,0,0.0090431489290055,1,0,0,0.01648140946821403,0.04677361907534651,0.007552156298858,0.00898980103349904,0,0,0,0,0,0.00822896316243656,0.03305702203599042,0,0.0080554840452779,0,0,0,0,0,0.03202667919158681,0,0,0,0.00860382664447714,0,0,0.01242302672635439,0,0,0,0,0,0.01112886551027837,0.01174188406872553,0,2,0,0.6667,0,0,0.0141262889140739,0,0,0,0.01040208964102768,0,0,0.01085288332673966,0,0,0,0,0,0,0,0.01233076981000752,fully_open
0,0,0.0651,0.1182,88,1352,203,13,13,0,11,0.01467774035294833,0,0,0.01933387005594374,0.01350484851302602,0,0,0,0.01130536230329424,0.01178083212226538,0.01281768065589476,0,0,0.01065980556273031,0.01168030323182125,0.00947093156432482,0.032113082001231,0,0.00945802042286761,0,1,0,0.03264899752329916,0,0,0.01448702838193473,0,0,0,0,0,0,0,0,0,0,0.01219498906999803,1,0.01520608678058789,0,0,0,0,0,0,0,0,0,3,0,0.3333,0,0,0,0,0,0,0,0,0,0,0,0.0177410506828396,0,0,0,0.01927310779785211,0.03508532436105014,0.01747752590461935,partially_open
0,0,0.1366,0.4133,69,505,75,10,17,0,14,0.05387043001879971,0,0.0315490481170369,0.04730627779645809,0,0,0,0,0,0.02882544029915999,0,0,0,0,0,0,0,0,0,0,1,0,0,0,0,0,0,0,0,0,0,0,0,0,0,0,0.02983880304361222,1,0,0,0,0,0,0,0,0,0,0,3,0,0.3333,0,0.03757641962722292,0,0,0,0,0,0,0,0,0,0,0,0,0,0,0,0,partially_open
0,0,0.0629,0.1263,84,1335,190,10,14,0,10,0,0.0153219651713588,0,0,0.01584752631630604,0,0,0,0,0,0.03008231174342647,0,0,0,0,0.02222769652851744,0.01256123955830464,0,0.02219739486999541,0.01735719495877133,0,0,0,0,0.01374564946904703,0.01700008432573974,0,0,0,0,0,0.01673364408080417,0,0,0,0,0,1,0,0,0,0,0,0,0,0,0,0,4,0,0,0.01866797282053129,0,0,0,0,0,0,0,0,0,0,0,0,0,0,0.13569841204610164,0,0.02050934162276761,fully_open
0,0,0.0478,0.2531,55,1150,162,6,22,0.02007294146421904,19,0,0.01457818045430255,0,0,0,0,0,0,0,0,0,0,0,0,0,0,0.01195147064770733,0,0,0,0,0.0122040973341335,0,0.03906760181001435,0,0.01617483751381062,0.01274799902310968,0,0,0,0,0,0,0,0,0,0,0,0,0,0,0,0,0.0149234684548978,0,0,0,0,4,0,0,0,0,0,0.01908847433371682,0,0,0,0,0,0,0,0,0,0,0,0,0,0,partially_open
0,0,0.0949,0.1467,113,1191,150,12,12,0,10,0,0,0,0,0,0,0,0,0,0,0,0,0,0,0,0,0,0,0.00988793044208886,0,0,0.01142747295832501,0.01706652143263365,0,0.01224612407242372,0,0,0,0.01364166825020016,0.01476865045676498,0,0,0,0,0.01346004582355574,0,0,0,0,0,0,0.01495513718252046,0,0,0,0,0,0,4,0,0,0.01663146669465514,0,0.02093259175449132,0,0,0,0,0,0,0,0,0,0,0,0,0,0,0,fully_open
1,0,0.0884,0.1414,117,1323,198,16,16,0,12,0,0.01272502192197596,0,0.00942116549336241,0.01316150490676264,0,0,0,0,0.01148131944119084,0,0,0,0,0,0.00923014516862164,0,0,0,0,0,0,0.01590946913211611,0,0.01141587837259838,0.01411871410103809,0,0,0,0.02753477203803641,0,0,0.01474674776335776,0.01479517404525131,0,0,0,0,0,0.0171606216643709,0,0,0,0,0,0,0,0,4,0.05647485640415236,0,0,0.01496687900406336,0,0,0.02850862042828704,0.01579940815307534,0,0,0.03524477189287857,0,0,0,0,0,0,0.01878311353180502,0,0,closed
0,0,0.0766,0.1022,121,1579,225,16,13,0,10,0.01861698684473226,0.01104082784406737,0.02180595972795197,0.01634849306201125,0,0,0,0,0,0.00996173304456264,0,0,0.01302909442596967,0.03605522469747017,0,0,0,0,0,0,1,0.00924280901040993,0,0,0,0,0,0,0,0,0,0.01205806705822653,0,0,0,0,0,1,0.01285808808652653,0,0,0,0,0,0,0,0,0,4,0,0,0,0.01298596854764321,0,0,0,0,0.01246721037858464,0,0,0,0,0,0,0,0,0,0,0,fully_open
0,1,0.1031,0.2222,105,1018,135,14,19,0,11,0,0,0,0.01292671544438099,0,0.01484352903675315,0,0.01084504896656603,0,0,0,0,0,0,0,0,0.01431397065946343,0,0,0.01977912913906501,0,0.04384960553775877,0.087317086399521,0.01559675576136231,0.01566364706937918,0,0.06107180927350223,0,0,0,0,0,0,0,0,0,0,1,0,0,0,0,0,0.01787345640528458,0,0,0,0,2,0,0.6667,0,0,0,0,0,0,0.01971558850566874,0.0462273105384654,0,0.0411399995874085,0,0,0,0,0,0,0,0,fully_open
0,0,0.0863,0.2541,71,823,122,9,17,0,14,0,0,0,0,0,0,0,0.01480435255753459,0,0,0,0,0,0,0,0,0,0,0,0,1,0,0,0,0.02138212139629538,0,0.02084196665683012,0,0,0,0.02879373139960912,0,0,0,0,0,0,1,0,0,0.05197851161662337,0,0,0,0,0,0,0,3,0,0.3333,0,0,0,0,0,0,0,0,0,0,0,0,0,0,0,0,0,0,partially_open
0,1,0.0255,0.0687,54,2116,291,7,10,0,10,0.00888389547678451,0.02370872505462889,0.00780423821842491,0.011702079244387001,0.04495692991836294,0.00671864998505669,0,0.01472643491249493,0.00684271928883599,0,0,0,0,0.01290397515488406,0.00706965721926022,0.00573240594682818,0,0,0.01717377392573329,0.00895265845241889,0,0,0.00988061767152474,0,0.00708986130508741,0,0.00691075736515946,0,0.01579561586865282,0,0,0,0,0,0.00779265810837437,0,0.0590494207599905,1,0,0,0.00861749008380861,0,0,0.00809009079397091,0,0,0,0.10127098196177896,3,0.00876846454696049,0.3333,0,0.00929521959199724,0,0.02069592480392455,0.02655803060950951,0,0.00892389795519743,0,0,0.00931063148557139,0,0.02147600872133215,0,0.01113739750553382,0,0,0,0.01057850252121697,fully_open
0,0,0.0838,0.1812,83,991,138,9,15,0,10,0,0.00950349738476685,0.03753937370887935,0,0,0,0,0.03541800801739288,0,0,0,0,0,0,0,0,0,0,0,0,1,0,0,0,0.03410313032826859,0,0,0,0,0,0,0,0,0,0,0,0,1,0,0.02563232096703501,0.0207256090623245,0,0,0.01945718039056296,0,0,0,0,4,0,0,0,0,0,0,0,0,0,0,0,0,0,0,0,0,0,0,0,0,fully_open
1,0,0.068,0.1658,88,1294,187,11,17,0,14,0,0,0,0,0,0,0,0,0,0,0,0,0,0.01225877639713986,0,0,0,0,0.01087672348629775,0,0,0,0,0,0,0,0,0.04257263571741215,0,0,0,0,0,0,0,0.01783791299578878,0,0,0,0,0,0,0,0,0,0,0,0,4,0.04998024791767484,0,0,0,0,0,0,0,0,0,0,0,0,0,0,0,0,0,0,0,partially_open
0,0,0.0608,0.1033,138,2270,300,19,18,0,13,0,0.00366232338242234,0.00723319639756455,0,0.0075758906292585,0.01245408289912947,0,0,0,0,0,0,0,0,0,0.00531296160925538,0,0,0,0,0,0,0,0.00654302924623004,0.00657109096569077,0,0,0,0,0,0,0,0,0,0,0,0,0,0,0,0.00798694202889578,0.00802470775647439,0,0,0,0,0,0,2,0,0.6667,0,0,0,0.00959079442133089,0,0,0,0,0,0,0,0,0,0,0,0,0.00984100561346528,0,fully_open
1,0,0.038,0.1523,62,1631,243,9,23,0,14,0,0.00568769919239834,0,0,0,0.01934156813879957,0,0.0070657137206415,0,0,0,0,0,0,0,0,0,0.01110104218530563,0.00823994203507405,0,0,0.01904578826387502,0,0,0,0,0.0497365113401628,0,0.0113680568751668,0,0,0,0.02636539751630631,0,0,0,0,1,0,0,0,0.02492522863753411,0,0.01164482765798844,0,0,0,0,3,0,0.3333,0,0,0,0,0,0,0.01284500463248115,0,0,0,0,0,0,0,0,0,0.0152833799300029,0,fully_open
0,0,0.10780000000000001,0.255,121,1122,149,16,22,0.02131456670942847,16,0,0,0,0,0,0,0,0,0,0,0,0,0,0,0,0,0.02538147374667743,0,0,0,0,0.0259179799054794,0,0.01382805149976453,0,0,0.01353653504515771,0,0.0154699330672373,0,0,0,0,0,0.01526396949063022,0,0,0,0,0,0.03375923950358012,0,0,0.01584656959643788,0,0,0.01973120724950786,0,3,0,0.3333,0,0,0.02373799064942315,0,0,0,0,0,0,0,0,0.02103320441779953,0,0.02181552088712812,0,0,0,0,partially_open
0,0,0.0868,0.1812,81,933,149,10,15,0,12,0,0.01104082784406737,0,0,0,0.0187726984876584,0,0.04114739166726526,0,0.01992346608912528,0,1,0,0.01802761234873508,0,0,0,0.0215490818891227,0.06398072638998678,0,0,0,0,0.01972530875701705,0.01980990658774425,0,0.01930946910853379,0,0,0,0,0,0,0.02567397849028904,0,0,0,0,0,0,0,0.02419213367760664,0,0,0,0,0,0,3,0,0.3333,0,0,0,0,0,0,0,0,0,0,0,0,0,0.03111919891252099,0,0,0,0,fully_open
0,1,0.0418,0.05,61,1461,200,9,5,0,5,0.02058463586084217,0,0.01205532732927426,0,0.00631324219104875,0,0,0,0.04228021674402726,0,0,0,0,0,0.04368243485071362,0.01770987203085129,0,0.02382662712943648,0,0,0,0.01021969126354269,0,0,0.01095181827615129,0,0.01067515365349836,0,0.04879946365925262,0,0.01474800876565345,0,0,0,0.02407487870879889,0,0.01140181904918515,1,0,0,0,0,0,0,0,0.01474800876565345,0,0,4,0,0,0,0,0,0,0.01367486670950354,0,0,0,0,0,0,0,0,0,0.0295459719871926,0,0,0,fully_open
0,0,0.0894,0.1333,98,1096,150,14,10,0,10,0.0087007223741704,0.00773996178759362,0,0,0,0,0,0,0,0.02793393183629937,0,1,0.03653519261715207,0.01263791381148439,0,0,0,0.03021314574145038,0,0,0,0,0,0,0,0,0,0,0,0,0,0,0,0,0,0,0,0,0,0,0.01687961975179006,0,0,0,0,0,0,0,4,0,0,0,0,0,0.02026920470487456,0,0,0,0,0,0,0,0,0,0,0,0,0,0,partially_open
1,0,0.0701,0.2308,78,1112,156,12,22,0,14,0,0.00758359892319779,0,0,0.01568745029290902,0,0,0,0,0,0,0,0,0.01238260242135339,0,0,0,0,0,0,0,0,0,0,0,0,0,0,0,0.03281922323725553,0,0.01656461737291726,0,0,0,0,0,0,0,0,0,0,0,0,0,0,0,0,4,0,0,0,0,0,0,0,0.01883161779861505,0.0171266728433082,0,0,0,0.02104494508158964,0,0,0,0,0,0,0,closed
1,0,0.0652,0.141,101,1548,227,14,18,0,14,0.01308480729138804,0,0.01149461443023825,0.01723562059250798,0.00601960301937206,0,0,0,0.01007842375875068,0.01050229220201953,0,0,0,0.0190058548792866,0.01041267342371661,0.02532923557900824,0,0,0.00843156859402926,0.02637217218542001,0,0,0.0436585431997605,0,0,0.01291479274358523,0,0,0,0.03778026861032903,0,0,0.01348927314787764,0,0,0,0.02174300376821355,1,0,0,0,0,0,0,0,0.01406205486957654,0,0.01491588106413798,4,0.01291479274358523,0,0.01418187082489974,0,0,0,0.01303882639743361,0,0,0,0,0,0,0,0,0,0.01408587036598717,0,0,0.01558074014752888,fully_open
0,0,0.0505,0.0697,74,1465,201,10,7,0,7,0.00664543362436636,0.01182324871490679,0.15178321574416964,0.01750704768845299,0,0.01005152359969111,0,0,0,0.01066768263039779,0,0,0,0,0,0,0.00969292501349492,0,0.00856434920180925,0,0,0.00989781122374607,0.01478202643771418,0,0.02121375823569463,0,0,0,0,0,0,0,0,0,0.01165830740622938,0,0.01104270663818719,0,0,0,0,0,0.0310187508302475,0,0,0.02856700910512401,0.01507029215119891,0.01515077682892756,3,0,0.3333,0,0,0,0,0.01324416224621209,0,0,0,0.01637355544629792,0.01392929119888634,0,0,0.01475633631460539,0,0,0,0.01588508780126285,0,partially_open
0,0,0.1373,0.1181,130,947,144,16,9,0,8,0,0,0,0,0,0.01657848697611391,0,0,0.01688463201141348,0,0,0,0.06903727955578735,0,0.01744460872284992,0,0,0,0,0,0,0,0,0.05225925956404517,0,0,0,0,0,0,0,0,0,0,0,0,0,0,0,0,0,0,0,0,0.13285596585053694,0,0,0,3,0,0.3333,0,0,0,0.02553393319964718,0,0,0,0,0,0,0,0,0,0,0,0,0,0,partially_open
0,0,0.0912,0.1788,101,1107,151,11,17,0,10,0.01834717544118541,0,0.01611744849457319,0,0,0,0,0.01013776316439868,0.07065851439558904,0.01472604015283173,0,0,0,0,0.0730018951988828,0,0,0.01592758226587329,0,0,0,0,0,0.01457957603779521,0,0,0,0,0,0.01765816902439292,0,0.01782496869476966,0,0,0,0,0,0,0,0,0.03559398078094861,0,0,0,0.11119466707055808,0,0,0,3,0,0.3333,0,0.01919664915738562,0,0.021370791917096,0,0.04052891656658457,0.03685957851059809,0,0,0,0,0.0221763133535495,0,0,0.0197508399696994,0,0,0,fully_open
1,0,0.0304,0.1339,48,1580,224,6,18,0,12,0,0.01104082784406737,0,0,0,0,0,0,0,0,0,0,0,0.00901380617436754,0,0,0.0090514814464254,0,0.00799759079874834,0,0,0.00924280901040993,0.04141141229977283,0,0,0,0,0.04695511292361635,0,0.01194523198708932,0,0.01205806705822653,0,0.01283698924514452,0,0,0,0,0,0,0,0,0,0,0,0,0,0,3,0.01225006076413599,0.3333,0,0,0,0,0,0,0,0,0,0,0,0,0.0137798140584918,0.01555959945626049,0,0.01629711321141906,0,0,closed
0,0,0.0656,0.1529,71,1083,157,10,12,0,12,0,0,0,0,0,0,0,0,0.01383102834977487,0.02882544029915999,0,0,0,0,0.01428973267722812,0.04634711191052573,0.06547880195286464,0,0,0,1,0,0,0,0,0.01772349216938824,0,0,0,0,0,0,0,0,0.01575111745309715,0,0,1,0,0,0,0,0,0,0,0,0,0,3,0,0.3333,0,0,0,0,0,0,0,0,0,0,0,0,0,0,0,0,0,0,fully_open
0,0,0.089,0.2963,64,719,108,10,18,0,14,0.01241132456315483,0.01104082784406737,0,0.0326969861240225,0.02283908204408812,0.0187726984876584,0,0,0,0,0,0,0,0,0,0,0,0.0215490818891227,0.04798554479249008,0,0,0,0,0,0,0,0,0,0,0,0,0,0,0,0,0,0.04124775714852277,0,0,0,0,0,0.08689811813473751,0,0,0,0,0,4,0.04900024305654396,0,0,0,0,0,0.04947084133143929,0.02741662003033662,0,0,0,0,0,0,0,0,0,0,0,0.05911516114797723,partially_open
1,0,0.066,0.3103,54,818,116,6,19,0,17,0,0.01042744851939696,0,0,0,0,0,0.01295380848784276,0,0,0,0,0,0,0,0,0.01709724273213687,0,0.03021312079527153,0,0,0.03491727848377087,0.13036926094372928,0,0,0,0,0,0,0,0,0,0.02416828105661412,0.02424764635193965,0,0,0,0,0,0.02812435217216341,0,0,0.05471362993668657,0.02134885070631214,0,0,0,0,4,0,0,0,0,0,0,0,0,0,0,0,0,0,0,0,0,0,0,0,0,closed
0,0,0.0689,0.12,70,1016,150,9,9,0,9,0,0,0,0,0,0,0,0,0,0.04956569612416534,0,0,0,0,0,0,0,0.03573994069415472,0,0,0,0,0,0,0,0.02031717395027432,0,0,0,0,0,0,0,0,0,0,0,1,0,0,0,0,0,0,0,0,0,0,4,0,0,0,0,0,0,0,0,0,0,0,0,0,0,0,0,0,0,0,0,closed
0,0,0.0598,0.1857,104,1738,237,14,25,0,19,0,0,0,0.00782885583251243,0,0,0,0.00656812824735689,0,0,0,0,0,0,0,0.03068048253231984,0.00866902448390039,0.01031927865112918,0,0.02395781839379705,0,0,0,0.00944592250336027,0,0.01173245256283446,0,0,0,0,0,0,0,0,0,0,0,1,0,0,0,0,0,0,0,0,0,0,4,0,0,0,0,0,0,0,0,0,0,0,0,0,0,0,0,0,0,0,0,partially_open
0,0,0.055,0.099,82,1492,192,13,10,0,9,0.01875489045098953,0,0,0.01646959301061874,0.01725619532219991,0,0,0.01381739572036561,0.00963049381391732,0,0.01091876500316961,1,0,0,0.0099498879382181,0.01613566118366451,0,0.0108543523589655,0,0.01260003782192289,0,0,0,0.00993571107760859,0,0.0617040097749072,0.01945250221304145,0,0,0,0,0,0,0,0,0,0.01038832402259092,1,0,0,0,0.01218566733390556,0,0,0,0,0,0,2,0,0.6667,0,0.01308216090725538,0,0,0.01245932300199211,0,0,0,0,0,0,0,0,0.01567485574852909,0,0.03283566513708138,0.01494374926489172,0,fully_open
0,0,0.0417,0.0705,73,1750,227,8,8,0,8,0,0,0,0,0.01978417298086614,0,0,0.01782180021257348,0,0,0,0,0,0,0,0,0,0.0093333603086646,0.01385569870865955,0,1,0.00800650971602389,0,0.00854344583106471,0,0.01061151760460187,0.00836333693872801,0,0,0,0,0,0.04433417161977622,0,0,0,0.03573054122419807,1,0,0,0,0,0,0.00979055573792658,0,0.01155417247245461,0,0,3,0,0.3333,0,0,0,0,0.01071343060680851,0,0.01079962172921982,0,0,0.01126764319909914,0,0,0,0,0,0,0,0,fully_open
0,0,0.0802,0.0541,101,1259,185,14,5,0,5,0.01592396359046281,0.00708279522072246,0,0,0.01465148659432068,0,0,0,0.01226525155546073,0,0.02781194859297919,0,0,0,0.01267202709112682,0,0,0,0,0.03209443596150171,0,0.02371739670595757,0,0.0126539716554449,0,0,0,0,0.02831289636833996,0,0,0,0,0,0.01396797208104841,0,0.01323041267028089,0,0,0,0,0,0,0,0,0,0,0,3,0,0.3333,0.01725906921143458,0,0,0,0,0.01758802039681972,0,0,0,0,0,0,0,0,0.0171422384642674,0.04181900748590553,0.03806426699547893,0.01896146678331345,fully_open
0,0,0.0562,0.2362,83,1476,199,12,27,0,20,0,0.00625646911163818,0,0,0,0,0,0,0,0.01128996411717099,0,1,0,0,0,0,0,0,0,0,0,0,0,0,0,0,0,0,0.01250486256268348,0,0,0,0,0,0,0,0,1,0.01457249983139673,0,0.01364435929936363,0,0,0,0,0,0,0,3,0,0.3333,0.06098204454706888,0,0,0,0,0.01553608468385741,0,0.01656478627628343,0,0,0.01736207969231145,0,0,0,0,0,0,0,fully_open
0,0,0.0936,0.1508,163,1741,252,20,20,0.01342540890139326,18,0.01096065026356531,0.01462551220902431,0.02888581678248183,0.00721881511829068,0.0151271842110194,0,0,0,0,0,0.01914328929127139,0,0,0,0,0.02828979558174947,0.03197406433023,0,0.0141256149172698,0,0,0,0.03657111735564353,0,0,0,0,0,0,0.02109807208109284,0,0,0,0.01133656193077698,0,0,0,0,0,0,0,0,0,0,0,0.01177925375438555,0,0,4,0.03245470644004859,0,0.01187961906761082,0.0229362561360971,0,0,0,0,0,0,0,0,0,0,0,0,0,0,0,0.01305139921448847,fully_open
0,0,0.049,0.0944,68,1389,180,9,9,0,8,0.02182681216278954,0,0,0.00958359938117901,0,0,0,0,0,0.01167927322465965,0,0,0,0.01056791068718953,0,0,0,0.01263222041776158,0,0,0,0,0,0,0,0,0,0,0,0,0,0.01413704413723111,0,0,0,0,0,1,0,0,0,0,0,0,0,0,0,0,4,0,0,0,0,0,0,0,0,0,0,0,0,0,0,0,0,0,0,0,0,partially_open
0,0,0.0468,0.1616,74,1581,198,7,17,0,15,0,0,0,0,0,0,0,0,0,0,0,0,0,0,0,0,0,0,0.00856434920180925,0,0,0.00989781122374607,0,0,0,0,0.01033892834157715,0,0,0,0,0,0,0,0,0,0,0,0,0,0.01289230799939871,0,0,0.01210328543979901,0,0,0,0,2,0,0.6667,0,0,0,0,0,0,0,0.01565176656026781,0,0.01392929119888634,0,0,0,0,0,0,0,0,partially_open
1,0,0.0839,0.1367,91,1085,139,8,11,0,8,0,0,0,0,0,0,0,0,0,0,0,0,0,0,0,0.02624475011800854,0.02966268618587603,0,0,0,0,0,0,0,0,0,0,0,0,0.0195729102439054,0,0.01975779662552782,0,0,0,0,0,0,0,0,0,0,0,0.01851948495005391,0,0,0.02305936268918388,0.02318251394305784,3,0.02007238872195776,0.3333,0,0,0,0,0.02026516391890284,0.0224618091814806,0,0,0,0,0,0,0,0.10198098920729771,0,0,0.02430609820193232,0,closed
1,0,0.0527,0.1105,69,1309,181,9,11,0,9,0.01993630087309911,0,0,0.02626057153267949,0.01222879983462986,0,0,0,0,0,0,0,0,0.0096525798402676,0,0.00857604039289255,0.01938585002698984,0,0,0,0,0,0,0,0,0,0,0.03352176040741114,0,0.0127917444901114,0,0.02582515149478439,0,0.01374669714440673,0,0,0.01104270663818719,1,0,0,0,0,0,0,0,0,0,0.10605543780249296,3,0,0.3333,0,0.02781246807054294,0,0,0,0,0,0,0,0,0,0,0,0.01666224823662541,0,0,0,0.01582610613410414,partially_open
0,0,0.012,0.0955,28,2332,335,4,17,0.01129788508641837,15,0,0,0,0,0.00424332671857375,0,0,0.00509658038865944,0,0,0.0080548266416825,0,0,0,0,0,0,0.00800730911726963,0.02377425898644317,0,0,0.00686897281647951,0,0,0.00736105818560988,0,0,0,0,0,0,0,0.00950883189112686,0,0,0,0,0,0.00955573759435851,0.01106531888740856,0,0,0,0.00839954781887691,0,0.00991259605560314,0,0.0105144735370153,4,0,0,0,0,0,0,0.05514782312357166,0,0.00926524924310115,0,0,0,0,0,0.01024073613090101,0,0.01985876805696551,0,0,0,closed
1,0,0.0399,0.1756,56,1402,205,8,20,0,16,0.00879135489890134,0.00782058638954772,0,0,0,0.0132973280954247,0,0,0.01354288192582123,0,0,0,0,0,0.0139920299131192,0,0,0.01526393300479524,0,0,0,0,0,0,0,0,0,0,0,0,0,0,0,0,0.01542296917282429,0,0,1,0,0.02109326412912256,0,0.0171360946883047,0.02051761122625746,0,0,0.01889588623099348,0,0,4,0,0,0,0,0,0,0,0,0,0,0,0.01842729148186005,0,0,0,0,0,0,0,0,partially_open
0,0,0.0493,0.1224,70,1419,196,9,13,0,11,0.00691778746143056,0,0.03646242446313281,0,0.03182495038930312,0,0,0,0.0106566939744167,0.03331464821460293,0.0241644799250475,0,0,0,0.01101012189884789,0.00892751745817503,0.03027052811591447,0,0,0,1,0,0,0,0,0,0,0,0,0,0,0,0,0,0,0,0,0,0,0,0.01342068127806259,0,0,0,0,0,0,0.04731513091656886,4,0,0,0,0.04342848497900353,0.03774729660645977,0,0,0,0,0.03258646480580348,0,0,0,0.01672312154529963,0,0,0,0,0,0.04942415112371867,fully_open
0,0,0.0971,0.2593,73,752,108,10,16,0,12,0,0.01251293822327636,0,0,0.02588429298329987,0,0,0,0,0,0,0,0,0,0,0,0,0.02442229280767239,0.07251148990865168,0,0,0.04190073418052505,0,0,0,0.05553360879741648,0,0,0,0,0,0,0,0,0,0,0.11686864525414786,1,0,0,0,0,0.0656563559240239,0.02561862084757457,0,0.03023341796958957,0,0,4,0,0,0,0,0.03837641821656743,0,0,0.03107216936771483,0.02825901019145853,0,0,0,0,0,0,0,0,0.03694012327921656,0.03362343584600638,0,partially_open
0,0,0.0737,0.1289,112,1519,194,13,14,0,11,0.01188690239851449,0.03172294197450345,0,0,0,0,0,0,0.05493450696671147,0,0,0,0.02495713861875881,0.00863294112474638,0,0,0,0,0,0,1,0,0,0,0,0,0,0,0,0,0,0.01154857126703386,0,0,0,0,0,0,0,0,0.01153044447833546,0.01158496542307923,0,0,0,0,0,0,4,0,0,0,0,0,0,0.01184513102302067,0,0,0,0.01464395451887208,0,0.01467218002167165,0,0,0.01490215159191146,0,0,0,0.01415433435937483,fully_open
0,0,0.0709,0.1343,70,988,134,9,9,0,9,0.01029231793042108,0,0,0,0.04734931643286563,0,0,0.01137407574542291,0.01585508127901022,0,0.05392804666199625,0,0.02160922977965701,0,0.0163809130690176,0,0,0.01786997034707736,0.03979289080352836,0,1,0.03065907379062808,0,0,0,0,0,0,0.01829979887221973,0,0.02212201314848018,0,0,0,0,0,0.05130818572133321,1,0,0,0,0.02006176939118599,0,0,0,0,0,0,4,0,0,0,0,0,0,0,0,0,0,0,0,0,0,0,0,0,0,0,0,fully_open
0,0,0.0428,0.21,58,1354,200,8,25,0.01797837365925706,17,0.01467774035294833,0.00652848950779636,0,0.00966693502797187,0,0,0,0,0.02261072460658849,0,0,0,0,0,0.0233606064636425,0.00947093156432482,0,0.01274206581269864,0,0,1,0,0,0,0,0.0434610851458042,0,0,0,0,0,0,0,0,0,0,0,1,0,0.01760829005561535,0,0,0,0,0,0,0,0,2,0,0.6667,0,0,0,0,0,0,0,0,0,0,0,0,0,0,0,0.01927310779785211,0.01754266218052507,0,partially_open
0,0,0.0218,0.0911,58,2664,384,9,21,0,14,0,0.00379179946159889,0.04493349277274953,0,0,0.01289437875919971,0,0.004710475813761,0.00656624578221635,0.00684240249525514,0,1,0,0.01857390363203009,0.00678401450333052,0,0,0,0.01098658938009874,0,0,0.01904578826387502,0,0,0,0,0.01989460453606512,0,0,0,0,0,0.05273079503261262,0.00881732594615987,0,0,0,1,0,0,0,0.0083084095458447,0,0,0,0,0,0,3,0,0.3333,0,0,0,0,0.00849499295590371,0,0.0085633364216541,0,0,0.00893444435484124,0,0,0,0,0,0.02238795350255549,0,0,partially_open
0,0,0.0734,0.3579,43,586,95,7,20,0,14,0,0,0,0.0222339505643353,0,0,0,0,0,0.05419182776242078,0,0,0,0.02451755279427972,0,0.06534942779384127,0,0.05861350273841374,0,0,0,0,0,0,0,0,0,0,0,0,0,0,0,0,0,0,0,1,0,0,0,0,0,0,0,0,0,0,3,0,0.3333,0,0,0,0,0,0,0,0.03975548706308024,0,0,0,0,0,0,0,0,0,0,fully_open
0,0,0.0428,0.1973,46,1075,147,6,16,0,13,0.00937744522549476,0.01668391763103515,0,0,0,0,0,0,0,0.01505328548956132,0,0,0.03937681870959723,0,0,0.02420349177549676,0,0,0,0,0,0,0,0,0,0,0,0,0,0,0,0.03644215822041798,0,0,0,0,0,1,0,0,0,0,0,0,0,0,0,0,3,0,0.3333,0,0,0,0,0,0,0,0,0,0,0,0.02266912031696171,0,0,0,0,0,0,fully_open
1,0,0.0921,0.1558,121,1314,199,15,17,0,14,0,0,0.01360371799541958,0,0,0.02342281646166553,0,0,0,0,0,0,0,0.01124658385058702,0,0,0,0,0,0,0,0,0.05166928507127619,0,0,0,0,0,0,0.01490414266279035,0,0,0,0,0,0,0,0,0,0.01857755372840152,0,0,0,0,0,0,0,0.01765273997498899,4,0,0,0.01678404895790886,0.01620267635302273,0,0,0,0,0,0,0,0,0,0,0,0,0,0,0,0,closed
0,0,0.0683,0.1712,69,1010,146,9,16,0,9,0.01029231793042108,0,0,0,0,0.01556760362391184,0,0.02274815149084583,0,0,0,0,0,0,0,0.01328240402313847,0,0,0,0,0,0,0,0,0,0,0,0,0,0,0,0,0,0,0,0,0,0,0,0,0.03993471014447893,0,0,0,0,0,0,0,4,0,0,0,0,0,0.02397698605332723,0,0,0,0,0,0,0.02540792150094359,0,0,0,0,0,0,0,closed
1,0,0.0434,0.2324,45,1038,142,6,18,0,15,0.00970080540568424,0.0086296125677768,0,0,0.0089256182701034,0,0,0,0,0,0,0,0.02036732002220546,0,0,0.01251904747008453,0.01414944226107879,0,0.01250198101873304,0,0,0.01444852902776725,0,0,0,0,0.01509245861356664,0,0,0,0,0,0.02000133604685306,0,0,0,0.01611981313850315,0,0,0,0,0,0,0,0,0,0,0,4,0.095747601374856,0,0,0,0,0,0.03866686448894105,0,0.01948897254583347,0,0,0.02033356301446627,0,0.02345081412099488,0.02154085875810213,0,0,0,0,0,closed
0,0,0.1088,0.1439,105,965,139,13,11,0.02720411803703371,9,0,0,0,0,0,0.03359324992528346,1,0,0,0.01782625913237525,0,0,0,0,0,0,0,0,0,0,0,0.03307952698462503,0,0,0,0,0.03455378682579731,0,0,0,0,0,0.02289626626416074,0,0,0,0,0,0.0230092102601001,0,0,0,0,0,0,0,0.0251832513579245,0,4,0,0,0,0,0,0,0,0,0,0,0,0,0,0,0,0.02784349376383457,0.02390891154226769,0,0,0,partially_open
0,0,0.0688,0.1025,119,1729,244,16,14,0,11,0.01259656821335117,0,0.01106571090672189,0,0,0.00952644400866247,0,0.00696025530690059,0,0.04044166250926923,0,0,0,0,0,0,0.05511946910659053,0,0,0,0,0,0,0.01000985817520268,0,0,0,0,0,0,0,0,0,0,0,0,0,0,0.013049999849012,0,0,0,0.0146991841620949,0,0,0,0,0,4,0,0,0,0,0,0,0,0,0,0,0,0,0.0155481310677416,0,0,0,0,0,0,0,fully_open
0,0,0.0844,0.2578,85,1007,128,9,19,0,14,0,0,0,0,0,0,0,0,0,0,0,0,0,0,0,0,0,0,0,0,0,0,0,0,0.01480300712051219,0,0,0,0,0,0,0,0.01912215644039798,0,0,0,0,1,0,0,0,0,0,0,0,0,0,0,4,0,0,0,0,0,0,0,0,0,0,0.02285100595252567,0,0,0,0,0,0,0,0.04433859672000842,0,closed
0,0,0.0712,0.1212,121,1700,231,16,16,0,12,0,0,0,0.0231603651711826,0,0,0,0,0,0.00940830343097583,0,0,0,0.01702607832936091,0,0.05294513825889918,0.02564586409820531,0,0.03021312079527153,0,0,0,0,0,0,0,0,0,0,0,0,0,0,0,0,0,0,0,0,0,0,0,0,0,0,0,0,0,4,0,0,0,0,0,0,0,0,0,0,0,0,0,0,0,0,0,0.06156687213202759,0,0.01395774638216128,partially_open
0,0,0.0467,0.1138,83,1776,246,8,17,0,11,0.03353523458123956,0.00497202843308994,0,0,0.00514257476489401,0,0,0.0061766504047992,0.0172200882765409,0,0.00976180977104567,0,0,0.00811839496499328,0.01779119035310521,0.01442592225029608,0,0,0,0,1,0.0166492983498775,0,0.00888292049984873,0,0.01103316731074499,0,0.01409689924417621,0.00993763912266237,0,0,0,0,0,0,0.01181318741442965,0,1,0,0,0,0.04357788318085434,0,0,0,0.01201327866341307,0,0,4,0,0,0.01211563798948388,0,0,0,0,0,0,0.06582034281966928,0.0137711360376148,0,0,0,0.02482191671463424,0,0,0,0.01336030563417472,0.01331069853663063,fully_open
0,1,0.0789,0.0726,101,1280,179,15,7,0,6,0.01623019365951017,0.01443800564224195,0,0,0.01493324595190377,0,0,0.00896802126081422,0,0,0.0283467937582288,0,0,0.01178728499724986,0,0.02094532942110297,0.02367310532142029,0,0.02091677593518798,0.01635581832653452,0,0.03626025073314667,0,0.01289731726420345,0,0,0.02525084421885188,0,0.02885737514465419,0,0.01744235652091706,0,0,0,0,0,0,1,0,0.01947070534995929,0,0,0.01893933343962228,0,0,0.01744235652091706,0,0,2,0,0.6667,0,0.01698165117768728,0,0,0,0,0.01630327511045684,0,0,0,0,0,0.01801975684572005,0,0.0349437937925451,0.0213116095841634,0.03879627213000737,0,fully_open
0,0,0.0549,0.3154,55,1002,130,6,22,0,19,0,0.03374275475939693,0,0,0.03490017031456163,0.01434318536135698,0,0,0,0,0,0,0,0,0,0,0,0,0.0244420752501073,0,0,0,0,0,0,0,0,0,0.016860488848562,0,0,0,0.01955186782108108,0,0,0,0,0,0,0.02275228490332321,0,0.03696775483319666,0,0,0,0,0,0,2,0.01871919397665724,0.6667,0,0,0,0,0.03779794618581878,0,0.01905101810660126,0,0,0,0,0,0,0,0.02041659862036342,0,0,0,partially_open
0,0,0.0398,0.213,51,1283,169,5,19,0.0181360786913558,17,0.00740324623065376,0.01975727087885741,0,0,0,0,0,0,0.01140453214805998,0,0,0,0,0,0.01178276203210038,0,0.01079825856766539,0,0,0,1,0,0.0164676961192079,0,0.01181643550847903,0.01461410757826749,0,0,0.0263260264477547,0,0,0,0,0,0,0,0,0,0,0,0,0,0,0,0,0,0,0.03375699398725966,3,0,0.3333,0.01604790645975496,0,0,0.01724660400327046,0.0147544614497275,0,0,0,0.09120357638946648,0,0,0,0.01643907642065688,0,0,0,0,0,fully_open
0,0,0.0558,0.146,58,1039,137,9,10,0,10,0,0,0,0,0,0,0,0,0,0,0,0,0,0,0,0,0,0,0,0,0,0.01611566699250963,0,0,0.01727017497393089,0,0,0,0.03847650019287226,0,0,0,0,0.022382442786405828,0,0,0,0,0,0,0.02099132199902097,0,0,0,0,0,0,0,4,0,0,0,0,0,0,0,0,0.02173770014727579,0,0,0,0,0,0,0,0,0,0,0,closed
1,0,0.0744,0.2677,109,1466,198,13,28,0,25,0.0061157251470618,0.00544040792316363,0,0,0,0,0,0,0,0,0,0,0,0,0,0,0,0,0,0,0,0,0,0,0,0,0,0.04627460404066538,0,0,0.01314496433460416,0,0,0,0,0.06463011954995936,0,0,0,0,0,0,0,0,0,0,0,0.09760174348490294,4,0,0,0,0,0,0,0,0.01350963885552819,0,0,0,0,0,0,0,0,0,0,0.01461888515043755,0,closed
0,0,0.0984,0.1735,136,1382,196,14,19,0,15,0.00664543362436636,0.02364649742981359,0.01167563198032074,0.02626057153267949,0.00611439991731493,0,0,0,0.03071141728060247,0.03200304789119337,0,0,0,0.01930515968053521,0.02115330506550304,0.00857604039289255,0,0,0,0,0,0,0,0,0.01060687911784731,0.01311817530647633,0,0,0,0,0,0,0,0,0,0,0.01104270663818719,0,0,0,0,0,0,0,0,0,0,0,4,0.01311817530647633,0,0.01440520737332335,0,0,0,0.01324416224621209,0,0,0,0,0,0,0,0,0,0,0,0,0,partially_open
0,0,0.0382,0.1388,82,2145,317,12,22,0.01181435983322606,22,0.01446805834790621,0.00429015024798046,0,0.063525573040958,0.01331192210569708,0.00729453426949012,1,0,0,0.01548337936069165,0.02526914186447824,0,0,0.01401003016815983,0,0.04979004022387907,0,0,0,0.02916008753073584,0,0,0,0,0,0,0,0,0.00857476290012581,0,0,0,0.00994352134900695,0,0,0.02038618628090146,0,0,0,0,0,0,0,0,0,0.01036574330385928,0,0,3,0,0.3333,0,0,0,0,0,0,0,0,0.01188252309531334,0,0.01190542607472785,0,0,0,0,0.01266518512430281,0.01152803514720218,0,partially_open
0,0,0.0442,0.081,74,1676,247,12,11,0,9,0.01758270979780268,0,0,0.01544024344745507,0.01078512207637494,0.0177297707938996,0,0.0388614254635283,0,0,0,1,0,0,0,0.06050872943874191,0,0,0,0,0,0,0,0.0186294582705161,0,0,0,0,0.02084143760447247,0,0.01259725748732899,0,0,0,0,0,0,0,0,0,0,0,0.05471362993668657,0.01067442535315607,0,0,0,0,3,0,0.3333,0,0,0,0,0,0,0,0,0.01444056626166552,0.02456972197581341,0,0,0.02602853766604007,0,0,0,0,0.01395774638216128,fully_open
0,0,0.0866,0.2061,88,1016,131,12,16,0.04352658885925393,11,0,0,0,0.035106237733161,0,0,0,0,0,0,0,0,0,0.02580795030976812,0,0.02292962378731273,0,0.01542460598379309,0,0,1,0,0,0,0,0,0,0,0,0,0,0.05178622483954134,0,0,0,0,0,0,0,0,0,0,0,0.01618018158794183,0,0,0,0,4,0,0,0,0,0,0,0,0,0,0,0.02188885833347195,0,0,0,0.01972689170478826,0,0,0,0,0,fully_open
0,1,0.0381,0.0885,62,1627,260,10,14,0,9,0,0.01328807598932003,0,0.00983803122315721,0.02748774476102641,0,0,0.02476126224224812,0.0230109144226343,0.035968027275943,0.02608908452084774,0,0,0,0.0237740685249459,0.01927711734331601,0,0,0.01925083802884557,0,0,0.04449635488197349,0.01661342794327169,0.0118700973051076,0,0,0.0116198575166398,0,0.01327950006656653,0,0,0,0,0,0,0,0.02482165916902255,0,0,0,0.01448958509666934,0.0727904907113828,0,0,0,0,0,0,4,0,0,0,0,0,0,0,0.01649849700940611,0.03000956834491171,0,0,0.01565504409078376,0.01843760675289712,0,0,0.03745319515135269,0.09648197932100946,0,0.01785315177664056,0,fully_open
1,0,0.0566,0.1077,85,1503,195,9,12,0,9,0.00625163015032984,0,0,0.06587837204247497,0.01725619532219991,0.00945587775674645,0,0,0,0,0,0,0,0,0,0,0,0,0,0.02520007564384579,0,0,0,0,0,0,0,0.01576764285830079,0,0,0,0,0,0.03879623416310345,0,0.01321326888576946,0,0,0.01295333318346376,0,0,0,0,0,0,0,0,0,4,0,0,0,0.01308216090725538,0,0,0,0,0,0,0,0,0,0,0,0,0,0,0,0,partially_open
0,0,0.0632,0.2013,76,1202,159,10,17,0,15,0.0087007223741704,0.00773996178759362,0,0,0,0,0,0.01923039610566349,0,0,0,0,0,0,0,0,0,0,0,0,0,0,0,0.04148415449929359,0.01388735719553205,0,0.01353653504515771,0,0,0,0.0187010832801585,0,0,0,0.01526396949063022,0,0,0,0,0,0.01687961975179006,0,0,0,0,0,0,0,2,0,0.6667,0,0,0,0.02026920470487456,0,0,0,0,0.02143754166680243,0,0,0,0,0,0,0,0,0,partially_open
0,0,0.0721,0.0598,100,1387,184,13,6,0.01896800890655561,5,0,0,0.01360371799541958,0,0.01424823466970635,0,0,0,0.03578302747372949,0,0,0,0.01625648478836583,0.02249316770117405,0.03696976710989294,0,0,0.01344346393082884,0,0,0,0,0,0,0.01235847383455605,0,0.06023137153120633,0,0,0,0,0,0,0.01601679392054729,0,0,0,0,0,0,0.0150213129901251,0,0,0,0.1173154744322402,0,0,0,2,0,0.6667,0.01678404895790886,0,0,0.01803773262727369,0,0,0,0,0,0,0,0,0,0,0,0,0,0,fully_open
0,0,0.0783,0.1348,119,1520,230,17,18,0,13,0.02109925175736322,0.00625646911163818,0.02471342102501223,0,0,0,0,0,0.03250291662197096,0.03386989235151299,0,0,0.05906522806439585,0,0.03358087179148609,0,0,0,0,0,0,0,0,0,0.01122561373305507,0,0,0,0,0,0,0,0,0,0,0,0,0,0,0,0,0,0,0,0.08524924475409452,0,0.01594939252668552,0,3,0,0.3333,0,0,0,0.01638427380310694,0,0.01553608468385741,0,0,0,0,0,0,0,0,0,0,0,0,fully_open
0,0,0.13,0.1111,175,1346,198,24,13,0,9,0.00760333396661737,0.00676375039096019,0,0,0.01399150972070263,0.01150039186631325,0,0.0084024703704926,0,0.01220536661315783,0,1,0,0,0,0.01962445279094332,0,0,0,0,0,0,0,0,0,0,0,0,0,0,0,0,0,0.01572820303909599,0,0,0,1,0,0,0.02950131740402948,0.01482040621691217,0,0,0,0,0,0,3,0,0.3333,0,0,0.04148801969358641,0,0,0,0,0,0,0,0,0,0,0,0,0,0,0,fully_open
0,0,0.0553,0.197,73,1321,198,8,23,0,16,0,0.00721900282112097,0.01425774289904552,0,0.00746662297595188,0,0,0,0,0.01302688167365884,0,0,0.08519023278518632,0.01178728499724986,0,0.05236332355275743,0,0,0,0,1,0,0,0,0,0.01601931023002398,0,0,0,0,0,0.01576824153768085,0,0,0,0,0,0,0,0,0,0,0,0,0.02459112829445034,0,0.01840314522309867,0,3,0,0.3333,0,0,0.0442804825575778,0.01890493131127724,0,0,0,0,0,0,0,0,0,0,0,0,0,0,fully_open
0,0,0.0823,0.1212,147,1786,264,20,18,0,14,0.01633490458634572,0.01453115406574029,0,0.01434448423505503,0,0.00823576449781142,0,0,0,0,0,1,0,0,0,0,0,0,0,0,0,0,0,0,0,0,0,0,0,0.01048097774351063,0,0.01057998141883102,0,0.01126342282154616,0,0,0,1,0,0,0,0.01061332316178871,0,0,0,0.01170325856887338,0.0123479167948533,0,3,0.01074844041240319,0.3333,0,0,0.01485538769673578,0,0,0,0.0109389716870162,0,0.01341575188180539,0,0,0,0,0,0,0.01429940255969673,0,0.01296719663891113,partially_open
0,0,0.0921,0.25,93,1010,148,15,19,0,18,0,0,0,0,0,0.01402795051825023,0,0,0,0,0,0,0,0.02694236570799969,0,0,0,0,0,0.01869236380175374,1,0,0,0,0,0,0,0,0,0,0,0,0,0,0.01627038506144101,0,0,1,0,0.02225223468566776,0,0,0,0,0,0,0.02103216596925563,0,4,0,0,0,0,0,0,0,0,0,0,0,0,0,0,0,0,0,0,0,0,fully_open
0,0,0.0447,0.12,67,1498,200,10,13,0,11,0.00649207746380406,0.00577520225689678,0.04562477727694567,0.00855151944782127,0.01791989514228453,0,0,0.00717441700865137,0,0,0.01133871750329152,1,0.01363043724562981,0,0,0.01675626353688238,0.00946924212856811,0.01127182744969495,0.01673342074815038,0.03925396398368287,0,0.00966940019550578,0,0,0,0,0,0.01637409066054313,0,0.0249931007729869,0,0,0,0,0,0.01372147153522214,0,1,0,0,0,0,0,0,0,0,0,0,4,0,0,0,0.01358532094214982,0,0,0,0,0,0.01529057194733855,0,0,0,0.03138801274656238,0,0,0,0,0,0,partially_open
1,0,0.0836,0.2204,115,1376,186,15,24,0,17,0.006593516174176,0,0,0,0,0,0,0,0,0,0,0,0,0.00957716906026551,0,0,0,0,0.00849744022367011,0,0,0,0,0,0.01052401287473913,0,0,0,0,0.02538361797256482,0,0.01281169624936569,0,0.01363930107296605,0,0.02787173905591997,0,0,0,0,0,0,0,0,0,0,0,0,4,0.02603137912378898,0,0,0.01379759158187091,0,0,0,0.01456507939111633,0,0,0,0,0.01627694971154199,0,0,0,0,0,0,0,closed
0,0,0.0945,0.3714,70,741,105,9,22,0,17,0,0,0,0,0,0,0,0,0,0,0,0,0,0.01776634260455052,0,0,0,0,0,0,0,0,0,0,0,0,0.01902962173014924,0,0.04349517413107299,0,0,0,0,0,0,0,0,0,0,0,0,0,0,0,0,0,0,0,4,0,0,0,0,0,0,0,0,0,0,0,0,0,0,0,0,0,0,0,0,partially_open
0,0,0.0822,0.2064,133,1618,218,16,25,0,20,0.0126912792525493,0.0056449345368164,0,0,0,0,0,0,0,0.02037286757985743,0,0,0,0,0,0,0.04627825100428027,0.01101757570270934,0,0,0,0,0,0,0,0,0,0,0,0,0,0,0,0,0,0,0,1,0.01314812014862863,0,0,0,0,0,0,0,0.01439042934738543,0,4,0,0,0.01375534839407568,0,0,0,0,0,0,0,0,0,0,0,0,0,0,0,0,0,closed
1,0,0.0684,0.0655,115,1682,229,15,8,0,7,0,0,0,0.00823479650530937,0,0,0,0.02072609358054842,0.01926098762783464,0,0,0,0,0,0.0198997758764362,0.02420349177549676,0,0,0,0,0,0,0,0.00993571107760859,0.02993496995481354,0,0.00972625110652072,0,0.01111543338905198,0,0,0,0,0.01293207805436781,0,0,0,0,0,0,0.01212831937721212,0,0,0.01138605371003314,0.018944276612021,0,0.01417723780149824,0.01425295301684296,2,0,0.6667,0,0,0,0,0,0,0.01255956008509268,0,0,0.02620770344086763,0,0,0.02776377351044274,0.01567485574852909,0,0,0,0,fully_open
0,0,0.0834,0.0418,137,1643,239,17,5,0,5,0,0.01182324871490679,0.01167563198032074,0,0,0.01005152359969111,0,0,0.03071141728060247,0,0,0,0,0,0.03172995759825457,0,0.00969292501349492,0,0,0,0,0,0,0.02112316528310487,0.03182063735354195,0.01311817530647633,0.01033892834157715,0,0,0,0,0,0.01370170264626942,0,0.01165830740622938,0,0,0,0,0,0,0.01295326842580513,0.0310187508302475,0,0.0402752337420919,0,0,0,3,0,0.3333,0,0,0,0.03096240718697374,0,0,0,0,0,0,0.01640511466990059,0,0,0,0,0,0,0,fully_open
0,0,0.0326,0.0423,107,3279,449,13,11,0,8,0.00324603873190203,0,0,0.00427575972391063,0,0,0,0.00717441700865137,0.00500044871107245,0.01563225800839061,0,0,0.0068152186228149,0.00942982799779989,0.00516628796792093,0,0.00946924212856811,0,0.00418335518703759,0,0,0.00966940019550578,0,0.00515892690568138,0,0,0,0,0.01154295005786167,0,0,0.00630729661507234,0,0,0.01708390431451306,0,0,1,0.00672576915295233,0,0,0,0.01515146675169782,0,0,0,0,0,3,0,0.3333,0.00703638975543102,0,0,0.02268591757353268,0,0,0.00652131004418273,0,0,0,0,0,0,0,0,0,0,0,fully_open
0,1,0.0456,0.0612,91,1995,294,11,10,0,8,0,0.00433974736067388,0,0.02570398909171711,0,0.00737886414543798,0,0.00539118041112531,0,0,0,0,0,0.00708599791742188,0,0,0.00711561547233442,0.0084701593552621,0,0,0,0,0.0868123633567492,0,0,0.00963010557180632,0,0,0,0.05634282833216699,0,0,0,0,0,0.04124372947003186,0,0,0,0.01170493269592928,0,0,0,0,0,0,0,0,3,0.00963010557180632,0.3333,0,0,0,0,0,0,0,0,0,0,0,0,0,0.0244636477000165,0.0105033368624991,0,0.0233226144596576,0,fully_open
0,0,0.0753,0.3043,55,730,115,7,20,0,15,0.0150708941124023,0.01340671952493895,0.02647866538394168,0,0,0.02279541959215663,0,0,0,0,0,1,0,0.02189067213774974,0,0,0,0.0261667422939347,0.03884544102249197,0,0,0,0,0,0,0,0,0,0,0,0,0,0,0,0,0,0,1,0,0,0,0,0.03517304781644137,0,0,0,0,0,4,0,0,0,0,0,0,0,0,0,0,0,0.03158964254033152,0,0,0,0,0,0,0,0,partially_open
0,1,0.049,0.1282,84,1715,273,14,19,0,16,0,0,0.01123337319318738,0.03368780388535652,0.02353117543936352,0.00967078406939978,0,0,0.01969873734664906,0.01026360374288272,0.01116691875324164,0,0,0,0.02035204350999157,0.04950714226806157,0.00932576876298375,0,0,0.02577280463575137,0,0,0.04266630358158412,0,0,0,0,0,0,0.04922883485588329,0,0,0,0,0,0,0.0424976891833265,1,0,0,0,0,0,0,0,0,0,0,3,0.01262127472668556,0.3333,0,0,0,0,0.01274248943385557,0,0,0,0,0,0,0,0,0,0.01376573694857837,0,0,0,fully_open
0,0,0.0823,0.1691,83,1008,136,13,13,0,10,0,0.00843568868984923,0,0,0,0,0,0,0,0,0,0,0,0,0,0,0.01383147726644781,0,0,0,0,0.01412384298219945,0,0,0.01513565896591695,0,0,0,0.016860488848562,0,0.02038207953006039,0,0,0,0.01663601169203519,0,0,0,0,0,0,0,0,0,0,0,0.02150479891238497,0,3,0,0.3333,0,0,0.02587174261791063,0,0,0,0,0,0,0,0,0.02292382953400623,0,0,0,0,0,0,partially_open
0,0,0.0512,0.0647,118,2305,340,16,12,0,10,0.00499390574138774,0.00888492654907197,0.00877399563018186,0,0.02297422454139042,0,0,0.038631476200430503,0.00769299801703454,0.01603308513681088,0,1,0,0.01450742768892291,0.01589627067052595,0,0,0.00867063649976534,0,0,0,0.00743800015038906,0,0,0,0,0,0,0,0.00961273106653342,0,0.00970353325395744,0,0.01033035820911038,0.00876097657154515,0,0,0,0,0,0,0.00973411295903699,0,0.00909536834825132,0.01513300202735405,0,0,0,3,0,0.3333,0,0,0,0.01163380388386291,0,0,0.02006556936671611,0,0,0,0.02465620784706952,0,0,0,0,0,0,0,fully_open
0,0,0.1156,0.4286,63,545,77,8,20,0,13,0,0,0,0,0,0,0,0,0,0,0,0,0,0,0,0,0,0.06977797945049255,0,0,0,0,0,0,0.03207318209444308,0,0,0,0,0,0,0,0,0,0,0,0,1,0,0,0,0,0,0,0,0,0,0,4,0,0,0.04355860324790634,0,0,0,0,0,0,0,0,0,0,0,0,0,0,0,0,0,partially_open
0,0,0.6752,1.8,79,117,15,12,14,0,13,0,0,0,0,0,0,0,0,0,0,0,0,0,0,0,0,0,0,0,0,0,0,0,0,0,0,0,0,0,0,0,0,0,0,0,0,0.1649910285940911,0,0,0,0,0,0,0,0,0,0,0,4,0,0,0,0,0,0,0,0,0,0,0,0,0,0,0,0,0,0,0,0,partially_open
0,0,0.045,0.0326,59,1311,184,8,3,0,3,0.00774284468160118,0.00688785590272093,0,0,0.00712411733485317,0,0,0,0,0,0.013523241058971531,0,0,0.01124658385058702,0,0,0.02258718305896982,0,0,0,0,0,0,0,0.01235847383455605,0,0,0,0,0,0,0.01504492770567714,0,0.01601679392054729,0,0,0,0,0,0,0,0,0,0,0,0,0,0,4,0,0,0.01678404895790886,0,0,0,0,0.01710394644094395,0,0,0,0,0,0,0,0,0.01667043373589307,0,0,0,closed
0,0,0.0458,0.2719,38,829,114,4,16,0,15,0,0.02346175916864317,0,0,0.01213326233592181,0.01994599214313705,0,0.01457303454882311,0,0,0,0,0,0,0,0,0.01923439807365399,0.02289589950719287,0,0,0,0,0,0.02095814055433061,0,0,0,0,0,0.02538361797256482,0,0,0,0,0,0,0.02191287098515272,1,0,0,0,0,0,0.02401745704460116,0,0,0,0.06012964553980627,4,0.02603137912378898,0,0,0,0,0,0,0,0,0,0,0,0,0,0,0,0,0,0,0,partially_open
1,0,0.0615,0.1894,52,845,132,7,14,0,11,0.01205671528992184,0,0,0,0.0332798052642427,0,0,0.02664783460356226,0,0.01935422420086456,0,0,0,0,0,0,0,0.04186678767029553,0,0,0,0,0,0.01916172850681656,0,0,0.03751553998229422,0,0,0,0.0259143582596482,0,0,0,0.04230300115974662,0,0.02003462490071106,0,0,0,0,0,0,0,0,0,0,0,4,0,0,0,0.02522988174970681,0,0,0,0.02663328802946986,0,0,0,0,0,0,0,0.03023007894359182,0.02595824681731921,0,0,0,closed
0,0,0.0328,0.0799,72,2198,313,9,13,0,12,0,0,0,0.01221645635403038,0.01706656680217574,0.00701397525912511,0,0,0,0,0.03239633572369006,0,0,0.01347118285399984,0,0.00598437983460085,0,0,0.00597622169576799,0.00934618190087687,0,0,0,0,0,0.0091538915600137,0,0,0,0.01785221483784779,0.00996706086909546,0.00901042373581763,0.02868323466059698,0,0,0.00980105109658724,0,1,0,0,0,0,0,0,0,0.00996706086909546,0,0,4,0,0,0.02010397072980293,0,0,0,0,0,0,0.01092183710524182,0,0,0,0.0112100045523437,0,0,0,0.04871225047808777,0,0.01104349164302871,fully_open
0,0,0.0701,0.1199,132,1882,267,15,18,0.01268412865530406,14,0,0,0,0,0,0,1,0,0,0,0,0,0,0,0,0,0,0.00898980103349904,0.01334567298932239,0.01043561414699135,0,0,0,0,0,0,0,0.01305909071086262,0.00920603378847863,0,0,0,0,0,0,0,0,0,0,0.02484605345270878,0,0,0,0,0,0,0.01174188406872553,0,3,0,0.3333,0.03367106754132638,0,0.0282525778281478,0,0.07223349838578252,0,0,0,0,0,0,0.02503338439909883,0,0,0,0,0,0,partially_open
0,0,0.0414,0.0729,73,1763,247,12,9,0,9,0.01148258599040175,0,0,0,0,0,0,0,0,0.01843259447701387,0,0,0,0,0,0,0,0.00996828277864179,0,0,1,0,0.01277086637816123,0,0,0,0,0,0.01020805107157835,0,0,0,0,0,0,0,0,1,0,0,0,0,0,0.01045657993778553,0,0,0.01301991226668205,0,3,0,0.3333,0,0,0,0,0,0,0,0,0,0.01203414953917391,0,0,0,0,0,0,0,0,partially_open
0,0,0.0898,0.1111,100,1113,153,14,9,0,8,0,0,0,0.0113438523287425,0.01584752631630604,0,0,0,0,0,0,0,0,0,0,0,0,0,0.0110986974349977,0,1,0,0,0,0,0.01700008432573974,0,0,0.01531207660736753,0,0,0,0,0,0,0.01820195203651916,0.02862089271530151,1,0,0,0,0,0,0.01568486990667831,0,0,0,0,3,0,0.3333,0,0,0,0,0,0,0,0,0,0,0,0,0,0,0,0.09046560803073442,0,0,fully_open
0,0,0.0487,0.1198,77,1581,217,10,13,0,13,0,0,0,0,0.01203920603874412,0,0,0,0.01007842375875068,0,0,0,0,0,0.01041267342371661,0,0.00954264710630895,0,0,0.01318608609271,1,0,0.0727642386662675,0,0,0,0,0,0,0,0,0,0,0,0.02295511690838964,0,0.02174300376821355,1,0,0.01569731284027726,0,0,0,0,0,0,0,0,3,0,0.3333,0.01418187082489974,0,0.05354849053474525,0,0,0,0,0,0,0,0,0,0,0,0,0,0,0,partially_open
0,0,0.0411,0.1789,65,1582,218,8,22,0.01566297705162547,17,0,0.01137539838479669,0,0,0.00588279385984088,0.00967078406939978,0,0,0,0,0,0,0,0.00928695181601504,0,0,0,0,0,0,0,0,0,0,0,0,0,0,0.0113680568751668,0,0,0,0,0,0,0,0,1,0,0,0,0,0,0,0,0,0,0,4,0,0,0,0,0,0,0,0,0.01284500463248115,0,0,0,0.01578370881119223,0,0,0.01603110247008657,0,0,0,0,partially_open
0,1,0.0527,0.2345,52,986,145,7,20,0,14,0,0,0,0,0,0.01575979626124409,0,0,0,0,0,0,0,0,0,0.04033915295916128,0,0,0,0,0,0,0,0,0.0166305388637853,0.0205680032583024,0,0,0.01852572231508664,0,0,0.06073693036736329,0,0,0,0,0,0,0.04317777727821254,0.02499942415303415,0,0,0,0,0,0,0,0,4,0,0,0,0,0,0,0,0,0,0,0,0,0,0,0,0,0,0,0,0,fully_open
0,0,0.0679,0.1397,89,1310,179,12,14,0,11,0.04441947738392257,0.00658575695961913,0,0,0.04086993628942086,0,0,0,0.01140453214805998,0,0.0129301164511219,0,0,0,0,0,0,0,0.00954098551429627,0,0,0.01102650899487501,0,0,0,0.01461410757826749,0.03455378682579731,0,0,0,0,0,0,0,0,0,0,0,0,0.01776274874031374,0,0,0,0,0,0,0,0,4,0,0,0,0,0.02019811485082496,0,0,0,0,0.03487323426585986,0,0,0,0.01789667393444346,0,0,0.06375709744604718,0,0,0,partially_open
0,0,0.0615,0.15310000000000001,73,1187,196,11,18,0.0246132496525543,12,0.04018905096640614,0.00893781301662597,0,0.01323449438353291,0.00924439035117852,0,1,0.01110326441815094,0,0.01612852016738713,0,0,0,0.01459378142516649,0,0.01296615630830184,0.04396433845406625,0.03488898972524627,0,0,0,0,0,0.0159681070890138,0,0.05950029514008909,0,0,0,0,0,0,0.04143133895419563,0,0,0,0.0333910415011851,1,0,0.02410658757614007,0,0,0.02344869854429424,0,0,0,0,0,3,0,0.3333,0,0.02102490145808901,0,0,0.02002391196748732,0,0.02018500727961323,0,0,0,0.02480297098901636,0,0,0,0.02163187234776601,0,0,0.0239275652265622,partially_open
0,0,0.0618,0.0761,84,1360,184,10,7,0,7,0,0,0,0,0.01493324595190377,0,0,0,0,0,0,0,0,0.01178728499724986,0,0.03141799413165446,0,0,0,0.01635581832653452,1,0,0,0,0,0,0,0,0,0,0,0,0,0,0,0,0.02696968736634181,1,0,0,0,0,0,0,0,0,0,0,3,0,0.3333,0,0,0,0,0,0,0,0,0,0,0,0,0,0,0,0.0213116095841634,0,0,fully_open
0,0,0.0921,0.2044,122,1324,181,15,21,0,16,0.01372309057389478,0,0.10849794596346836,0,0,0,0,0.03791358581807639,0,0,0,0,0,0,0,0,0,0.01191331356471824,0.03537145849202521,0,0,0,0,0,0,0,0,0,0.01219986591481315,0,0,0,0,0,0,0.01450236828925917,0.01140181904918515,1,0,0.01646303541785176,0,0,0,0,0,0.01474800876565345,0,0,3,0,0.3333,0.02974733880344823,0,0,0,0,0.03031431157825838,0,0,0,0,0,0,0,0,0,0,0.01640167602244214,0,partially_open
0,0,0.0758,0.0694,94,1240,173,14,8,0,4,0.02281000189985213,0,0,0.02003058609399577,0,0.01150039186631325,0,0.0084024703704926,0,0.01220536661315783,0,0,0,0,0,0.00981222639547166,0,0,0.00979884998765563,0,1,0.02264904550298651,0,0.02416794586445332,0.01213579863032981,0,0,0,0.01351877033803619,0,0,0,0,0,0.06669392074734828,0,0,0,0,0,0,0,0,0,0,0,0.0172425865153357,0,3,0,0.3333,0,0,0,0,0,0,0,0,0.01873370758270122,0,0,0.03676073564912711,0.01688337578337734,0,0,0,0,0,fully_open
1,0,0.0594,0.0842,112,1886,273,11,13,0,10,0.02109925175736322,0.00469235183372863,0.00926753288437959,0,0.00970660986873745,0,0,0,0,0,0,0,0,0.01532347049642482,0,0,0,0,0.00679795217893609,0.01063128191224744,0,0,0,0,0,0,0,0.01330394866169129,0,0,0,0.01024935699949255,0,0.02182288171674569,0,0.01114869562236798,0,1,0,0,0,0,0,0,0,0.02267506347719218,0,0.04810371643184502,4,0.01041255164951559,0,0.01143413335257541,0.01103807326549673,0,0,0,0,0,0.02484717941442515,0,0,0,0,0.01171284194971803,0,0,0,0,0.01256197174394516,partially_open
0,0,0.1015,0.1884,162,1596,207,17,22,0.01396968223523352,17,0,0.01014562558644029,0,0,0,0,0,0,0,0,0.01991936858686348,0,0.04789072545761826,0,0,0,0.00831757754536388,0,0,0,0,0.00849339206361994,0.01268457674047095,0,0.00910184897274736,0.01125681259407091,0,0,0.01013907775352715,0,0,0,0,0,0,0.024105287832147,0,1,0,0,0,0,0,0,0,0,0,0,4,0.01125681259407091,0,0,0,0,0,0,0,0,0,0,0,0.02815472382536993,0,0,0,0,0,0,0,fully_open
0,0,0.052,0.09,131,2519,389,21,20,0,15,0.02068554093859139,0,0.00726865324265065,0.02724748843668542,0.01522605469605875,0.0062575661625528,0,0,0,0,0.00722565331092106,1,0,0.01201840823249005,0,0.01067801107742504,0,0,0.00533172719916556,0.00833826032333132,0,0,0,0,0,0.0408335358804533,0,0,0,0,0,0.00803871137215102,0,0.00855799283009635,0,0,0.02062387857426138,1,0,0,0.00802609370550802,0,0,0,0,0,0,0,4,0.00816670717609066,0,0,0,0,0,0.00824514022190654,0,0,0,0,0,0,0,0,0,0.00890724155496247,0,0,0.0098525268579962,partially_open
0,0,0.0527,0.2,73,1386,195,9,24,0.01845993723941573,15,0.00753544705620115,0.00670335976246947,0,0.01985174157529937,0.00693329276338389,0,0,0,0.01160818450784676,0,0.01316101138774908,0,0.0158210432315346,0,0.01199316849695931,0.03889846892490552,0,0,0,0,0,0.01122341094121206,0,0,0.01202744328541615,0.01487507378502227,0.03517081873340084,0.01900564094527328,0.01339806703144659,0,0.01619647391228013,0.01464193857070365,0,0,0,0,0,1,0.0780669633824825,0.01807994068210505,0.01461895639217532,0,0,0.02744852233668704,0,0,0,0,4,0.01487507378502227,0,0.01633447621796488,0,0,0,0.01501793397561549,0.01664580501841866,0,0,0,0,0.01860222824176227,0,0,0,0,0,0,0,partially_open
0,0,0.05,0.3014,50,1000,146,6,24,0.02617105026347546,20,0,0,0,0,0,0,0,0.01180600267246429,0,0,0,0,0,0,0,0,0,0,0,0,0,0,0,0,0.03410313032826859,0,0,0,0,0,0,0,0,0,0,0,0,0,0,0,0.04145121812464901,0.04164721747031016,0,0,0,0,0,0,4,0,0,0,0,0,0,0,0,0,0,0,0,0,0,0,0,0,0,0,0,partially_open
0,0,0.0989,0.127,126,1274,189,19,14,0,10,0.01455120810852636,0,0,0,0,0.02200937064070295,0,0,0,0,0,1,0,0.02113582137437907,0,0,0,0,0,0,0,0,0,0,0,0,0,0,0,0,0,0,0,0,0,0,0,0,0,0,0,0,0.01698009204931652,0,0,0,0,0,4,0,0,0,0,0,0,0,0,0,0,0,0,0,0,0,0,0,0,0,0,fully_open
1,0,0.1085,0.2222,136,1253,162,18,21,0,15,0,0.00630904448232421,0,0,0,0,0,0.00783759841281243,0,0,0,0,0,0.01030149277070576,0,0,0,0,0,0,0,0.02112642059522271,0,0.01127160500400974,0,0.2380011805603564,0,0,0,0,0.01524374015273424,0.01378064806654461,0,0,0,0,0,1,0.01469495781317317,0,0,0.02764815277440758,0.03310404500370952,0.02583390337570545,0,0,0,0,4,0,0,0,0,0,0,0,0.01566664001733521,0,0,0,0,0,0,0,0,0,0,0,0,closed
0,1,0.0694,0.1295,87,1254,193,14,14,0,11,0.00774284468160118,0.00688785590272093,0,0.04079623956758771,0,0.01171140823083276,0,0,0,0,0,0,0,0.01124658385058702,0,0,0,0,0,0.03121110286164387,0,0,0,0.01230569720621247,0,0.03056895897105495,0,0,0,0.01490414266279035,0,0,0,0,0,0.01636505779430163,0.01286627287201627,0,0.01604311908043677,0.01857755372840152,0,0,0,0,0,0,0,0,4,0.07642239742763737,0,0,0,0,0,0.07715635803985944,0,0,0,0,0,0,0,0,0,0.01667043373589307,0.16267210251398118,0.01850831330972828,0,fully_open
1,0,0.0638,0.2302,63,987,139,7,18,0,14,0.01041938358388307,0,0,0.01372466084218228,0.03834710071599982,0,0,0.01151449643363801,0,0,0.01819794167194935,0,0,0,0,0.01344638431972042,0,0.03618117452988502,0,0,0,0.03103758087446299,0,0.01655951846268098,0.0498916165913559,0,0.03242083702173575,0.02627940476383466,0.01852572231508664,0,0.0223951244219182,0,0,0,0,0,0,1,0,0.02499942415303415,0,0,0,0.01897675618338857,0,0,0,0,2,0,0.6667,0,0,0,0,0,0,0,0.02454042411301249,0,0.02183975286738969,0,0,0,0,0.02243305280509067,0,0,0,partially_open
0,1,0.04,0.0809,100,2497,346,12,14,0,14,0.01259656821335117,0,0,0.00553083347371524,0.01158998193282084,0,0,0,0.01940472634147519,0,0.01466699776545171,0,0.01763141136250622,0,0.01336552111103923,0,0,0,0.02164522086825423,0,0,0,0,0,0,0.00828859832797261,0.00653255671333481,0,0.00746558958966178,0,0,0,0.00865729470684684,0,0,0,0.00697723255248643,1,0.00869999989934133,0,0.00814588614887381,0,0,0,0,0,0,0,3,0,0.3333,0,0,0,0.00978165600185489,0.00836820201626336,0,0,0,0.01034548030686485,0,0,0,0,0,0.00904018545876788,0,0,0,fully_open
0,0,0.0814,0.0984,140,1719,244,17,13,0,11,0.00582048324341054,0.01553330262199824,0,0,0.00535537096206204,0,0,0.0707545953266998,0.01793264365350121,0.02803025573918316,0.01016574672708894,1,0,0.00845432854975162,0.01852737754013025,0,0,0,0,0,0,0,0,0.02775146887194123,0,0,0,0,0,0,0,0,0,0,0,0,0,0,0,0,0,0,0,0,0,0,0.02639899452692775,0,3,0,0.3333,0,0,0,0,0,0,0,0,0,0,0,0,0,0,0,0,0,0,partially_open
0,1,0.1209,0.1449,125,1034,138,14,12,0,8,0.03516541959560537,0.00782058638954772,0,0,0.05662189090096848,0.0132973280954247,0,0,0.01354288192582123,0,0.10748159299995089,0,0,0,0.0139920299131192,0,0,0,0.01132992029822682,0.03543760637415814,0,0.02618795886282815,0,0,0.01403201716631884,0.0347085054983853,0.01367754061854477,0,0.01563107820335435,0,0,0,0,0,0,0,0,1,0,0,0,0,0,0,0,0,0,0,3,0,0.3333,0,0.01839678877582788,0,0,0,0,0,0,0,0.03685458296372011,0,0,0.01952140324953005,0,0.07571155321718104,0,0.02101464740375399,0,fully_open
0,0,0.0373,0.1569,44,1179,153,4,13,0,11,0,0,0,0,0,0,0,0,0,0.01505328548956132,0,0,0,0,0,0,0,0,0,0,0,0.04190073418052505,0.02085908175099668,0,0,0,0,0.02365146428745119,0,0.01805057278049054,0,0,0,0,0.01645116711767924,0,0,0,0,0,0,0,0,0,0,0,0,0,3,0,0.3333,0.02032734818235629,0,0,0,0,0,0,0,0,0,0,0,0,0,0,0,0,0,closed
1,0,0.0516,0.1331,91,1765,248,13,18,0,15,0.01082012910634011,0,0,0,0.00497774865063459,0.00818297113564597,0,0,0,0,0.01889786250548586,0,0,0.00785818999816657,0,0,0.00789103510714009,0,0,0,0,0,0.03610225687672503,0,0,0,0,0,0,0.03124137596623362,0,0,0,0,0,0.03430367883805535,0,0,0.01120961525492056,0.01298047023330619,0.01049566099951048,0.01054528903895674,0,0.0098533157106056,0,0,0,0,4,0.03203862046004797,0,0.02345463251810341,0.0226422015702497,0,0,0.03234631933209492,0,0,0,0,0,0,0,0,0,0.04659172505672679,0,0,0,fully_open
1,0,0.0729,0.2202,93,1275,168,11,21,0,16,0,0,0,0,0,0.01100468532035147,0,0,0,0,0,0,0,0,0,0,0.01061208169580909,0,0.03750594305619914,0,0,0,0,0,0.01161270386178111,0,0.01131934396017498,0,0.03880819416005219,0,0.01563797481185667,0,0,0,0,0,0,0,0,0,0,0.02836319120822847,0,0,0,0,0,0,4,0,0,0,0,0,0,0,0,0,0,0,0,0,0,0,0,0,0,0,0,fully_open
0,0,0.0591,0.1168,81,1370,197,12,12,0,11,0,0,0,0,0.01522605469605875,0,0,0,0,0,0,0,0,0,0,0,0,0,0,0,1,0,0.01840507213323236,0,0,0.06533365740872528,0,0,0,0,0,0,0,0,0,0,0.02749850476568185,1,0,0.019852483886233,0,0,0,0,0,0,0,0,2,0,0.6667,0,0,0,0,0,0,0,0,0,0,0,0,0,0,0,0,0,0,partially_open
0,0,0.0311,0.2222,32,1028,144,3,17,0,15,0,0.0172592251355536,0,0.02555626501647736,0,0,0,0,0,0,0,0,0,0,0,0,0,0,0,0,1,0,0,0,0,0,0,0,0.01724808629335653,0,0,0,0,0,0,0,0,0,0,0,0,0.03781758827763796,0,0,0,0,0,0,3,0,0.3333,0,0,0,0,0,0,0,0,0.02390162691586018,0,0,0,0,0,0,0,0,0,fully_open
0,0,0.0728,0.1327,102,1401,196,15,14,0,12,0,0,0.01323933269197084,0,0.00693329276338389,0,0,0,0.01160818450784676,0.0241927802510807,0.01316101138774908,1,0.0316420864630692,0,0.01199316849695931,0,0,0,0,0,0,0,0,0.01197608031676035,0.01202744328541615,0,0.02344721248893389,0,0.02679613406289318,0,0,0,0,0,0.01321968786242082,0,0,0,0,0,0.02923791278435064,0,0,0,0.02283461913056103,0,0,0,3,0,0.3333,0,0,0,0.0526637372242723,0,0,0,0,0,0,0,0,0,0.01889379933974488,0,0,0,0,partially_open
0,0,0.0687,0.1227,84,1222,163,9,10,0.01914363861865335,10,0,0.00695163234626464,0,0,0,0,0,0,0.0240762345347933,0,0,0,0,0,0,0,0,0,0,0.01575004727740361,1,0.01163909282792362,0,0,0,0,0,0,0,0,0,0.01518423259184082,0,0,0.02741861186279873,0,0,0,0.0161916664793297,0,0,0.01523208416738195,0,0,0,0,0,0,4,0.0154260024437268,0,0,0,0.02132023234253746,0,0.01557415375249014,0,0,0,0.01925408834888736,0,0,0,0,0,0,0,0.01867968658111465,0,fully_open
1,0,0.0422,0.086,69,1634,221,7,10,0,9,0.00551614425029103,0.00490703459736327,0.00969153765686754,0.02179799074934833,0,0.0083434215500704,0,0,0,0,0,0,0,0,0,0,0.00804576128571147,0.00957736972849897,0.01421793919777484,0,0,0,0,0.00876680389200757,0,0,0,0.01391262605144188,0,0.03185395196557154,0,0.0107182818295347,0,0.01141065710679513,0,0.02331753332782847,0.04583084127613641,0,0.01142941163246802,0,0,0,0,0,0,0,0,0.01257613501486144,4,0,0,0,0,0,0,0,0,0,0,0,0,0,0,0,0,0,0,0,0,closed
0,0,0.0487,0.1577,82,1683,241,9,20,0,18,0.00654240364569402,0.00581997126664016,0,0.02585343088876198,0.01203920603874412,0,0,0.01446006528875471,0,0,0.05713307269100378,0,0,0.0190058548792866,0,0,0,0,0.03372627437611706,0.02637217218542001,0,0,0,0,0,0.01291479274358523,0,0,0,0,0.01406205486957654,0,0,0,0,0.02765567906323842,0,1,0,0,0,0,0,0,0,0,0,0,4,0,0,0,0.01369063350759284,0,0.01524118493312273,0,0,0.01314372567044583,0,0,0,0,0,0,0.01640391880660021,0,0.0171814526880077,0,0,closed
0,0,0.0557,0.0917,88,1581,218,10,12,0,8,0.00669817516106769,0,0,0.01764599251137722,0.04930341520628548,0,0,0,0,0,0.09358941431288238,1,0,0,0,0.03457641682213824,0.0097698529897925,0.01162966324174875,0,0,0,0,0,0.0106454047260092,0.01069106069814769,0,0.02084196665683012,0,0,0,0.01439686569980456,0,0.05524178527226084,0,0,0,0,1,0,0,0,0,0,0.01219934326074979,0,0.01439686569980456,0.0303797952889248,0,3,0,0.3333,0,0,0,0,0,0.01479627112748325,0,0,0,0,0,0.04857668639348939,0.01487345009488004,0.01679448830199545,0,0,0,0,fully_open
0,0,0.1537,0.1979,202,1314,192,22,22,0,16,0.00740324623065376,0,0.02601412739474972,0,0.01362331209647361,0.01119774997509448,0,0,0.02280906429611997,0,0,0,0,0,0.02356552406420076,0,0.01079825856766539,0,0,0,0,0,0,0.01176597364453648,0.01181643550847903,0,0,0,0,0,0,0,0,0.01531430295911978,0.01298776351395729,0,0,0,0,0,0.01436248347301435,0,0,0,0.08973604710957318,0,0,0,3,0,0.3333,0,0,0,0,0,0,0,0,0,0,0,0,0,0,0,0,0,0,partially_open
0,0,0.0667,0.1897,55,825,116,7,12,0,10,0,0,0,0,0,0.01905288801732494,0,0,0.03880945268295039,0,0,1,0,0,0.04009656333311771,0,0,0,0.01623391565119067,0,0,0.01876152276739927,0,0,0,0,0,0,0,0,0,0.02447607641669864,0,0,0.02209858269539003,0,0,1,0,0,0.02443765844662143,0,0,0,0,0.02707470265933395,0,0,3,0,0.3333,0,0,0,0.02934496800556466,0,0,0,0,0,0,0,0,0,0,0,0,0,0,fully_open
0,0,0.0175,0.1206,24,1370,199,3,14,0,10,0,0.0122077446080745,0,0.01807638257263033,0,0.01037840241594123,0,0,0,0,0,0,0,0.00996648487572346,0,0.02656480804627694,0,0,0,0,0,0,0,0,0,0.01354478263351621,0,0.01730594947862283,0,0,0.0294960175313069,0,0,0,0,0.01450236828925917,0,0,0,0,0,0,0,0,0,0,0,0.04693045505545856,3,0,0.3333,0,0,0,0,0.01367486670950354,0,0,0,0,0,0,0,0,0,0,0,0,0,partially_open
0,1,0.0664,0.1059,121,1821,255,16,16,0,11,0.01148258599040175,0,0.02017422124490795,0,0.01056501754420403,0.00868396936844062,0,0.00634472252465768,0.01768866210719507,0,0,0,0,0,0.01827530437631895,0.02222769652851744,0,0,0,0,0,0.00855117024092347,0.01277086637816123,0.0182492652445872,0.01832753262539604,0,0.00893227142435576,0,0,0,0,0,0,0,0.02014428626654601,0,0.01908059514353434,1,0,0,0.02227650497855287,0,0,0.01045657993778553,0,0,0,0,3,0,0.3333,0,0.01201422940462229,0,0,0,0,0.0115342898740647,0,0.01414586082775398,0.01203414953917391,0,0,0,0,0.01236106991300914,0.01507760133845573,0,0,fully_open
1,0,0.0697,0.1224,119,1708,237,15,17,0,12,0,0.00975034147268288,0,0.00721881511829068,0,0,0,0,0,0,0,0,0,0,0,0.01414489779087473,0,0.00951517901597625,0.0070628074586349,0.0110454877010363,0,0,0.01219037245188118,0,0,0.0108182354800162,0,0,0,0.02109807208109284,0,0,0,0,0,0.01158306038687583,0.01821329536428278,0,0,0,0,0,0,0,0,0,0,0.01249447180047922,4,0.05409117740008099,0,0,0,0,0,0.0327664014013429,0.01210604001339539,0,0.01290762566983124,0,0,0,0,0,0.01374094497435991,0,0,0,0,closed
0,0,0.0701,0.102,120,1711,245,17,14,0,11,0.01103228850058207,0.00981406919472655,0,0,0.01015070313070583,0,0,0.00609590987663189,0,0.00885487381738901,0.01926840882912284,1,0,0.00801227215499337,0,0,0.00804576128571147,0,0,0,0,0,0.02454009617764315,0.00876680389200757,0,0,0,0,0,0.01061798398852384,0,0.0214365636590694,0.01137330873252429,0,0,0.02331753332782847,0,0,0,0.01323498925748866,0,0.03225617823680885,0,0,0,0,0,0,4,0,0,0,0,0,0.01285041082596622,0,0,0,0.05196795694520293,0,0,0,0,0,0,0.0118763220732833,0.01448632285459472,0,0,partially_open
0,0,0.0827,0.2038,87,1052,157,11,17,0,15,0,0.01706309757719503,0,0.02526585291401739,0.01764838157952264,0.01450617610409967,1,0.01059857058096226,0,0,0.03350075625972494,0,0,0,0,0.02475357113403078,0.01398865314447562,0,0,0.01932960347681353,0,0.01428434119790626,0,0,0,0,0,0,0,0,0,0,0,0,0,0,0,1,0,0,0,0,0,0,0,0,0,0,4,0,0,0,0,0,0,0,0,0,0,0,0,0.0473511264335767,0,0,0,0.04129721084573511,0,0.02292506989500435,0,partially_open
1,0,0.2451,0.9787,75,306,47,11,27,0,19,0,0,0,0,0.04853304934368727,0,0,0,0,0,0.0921270797142436,0,0,0,0,0,0,0,0,0,0,0,0,0,0,0,0,0,0,0,0,0,0,0,0,0,0,1,0,0,0,0,0,0,0,0,0,0,4,0,0,0,0,0,0,0,0,0.05298564410898475,0,0,0,0,0,0,0,0,0,0,0.1884295761591774,closed
0,0,0.0823,0.184,103,1252,163,11,16,0,14,0.00733887017647416,0.01305697901559272,0,0.00966693502797187,0,0,0,0,0,0,0,0,0,0,0,0,0,0,0,0,1,0,0,0,0,0,0,0,0.01304855223932189,0,0.01577395720152499,0,0,0,0,0,0,1,0,0,0,0,0,0,0,0,0,0,4,0.05794811352773894,0,0.04772507834118434,0,0,0,0,0,0,0,0,0,0,0,0,0,0,0,0,0,fully_open
0,0,0.0622,0.1722,74,1189,151,10,14,0,12,0.01607562038656245,0.00715025041330077,0,0.02117519101365267,0,0,0,0,0,0,0,0,0,0,0,0,0,0,0.01035878427266452,0,1,0,0,0,0.01282927283777723,0,0,0,0,0,0,0,0,0.0166269574984729,0.01410100038658221,0,0,1,0,0,0,0,0,0,0,0,0,0.01832522530736953,3,0.01586674537069042,0.3333,0,0,0,0,0.01601912957398986,0,0,0,0,0,0,0,0,0,0,0,0.01921339191200365,0,partially_open
0,0,0.0666,0.0859,82,1232,163,9,7,0.0181360786913558,7,0,0.00658575695961913,0,0,0.0068116560482368,0,0,0,0.02280906429611997,0,0.02586023290224381,0,0.01554348106957785,0,0.01178276203210038,0,0,0,0,0,1,0,0,0,0,0,0,0,0,0,0,0.01438506245542814,0,0.01531430295911978,0,0,0,0,0,0,0,0,0,0,0,0,0,0.01687849699362983,4,0.01461410757826749,0,0,0,0.02019811485082496,0,0.02950892289945501,0,0,0.01743661713292993,0.01824071527789329,0,0.01827587336032785,0,0.01643907642065688,0,0,0,0,0,fully_open
0,1,0.1198,0.1235,137,1144,170,17,12,0,9,0,0,0.01577452405851845,0,0,0,0,0,0,0.02882544029915999,0,0,0,0.013041251486319,0,0,0,0,0,0,0,0,0,0,0,0,0,0,0,0,0,0,0,0,0,0,0,0,0,0,0,0,0.02095415614596507,0,0.08162161731775007,0,0,0,4,0,0,0,0,0,0,0,0,0,0,0,0,0,0,0,0,0,0,0,0,fully_open
0,0,0.0596,0.2117,88,1476,222,15,28,0.01752129636283527,19,0,0.00636251096098798,0,0,0,0.01081816523017602,0,0.01580803747668947,0,0,0,0,0,0,0,0,0,0,0,0,0,0,0,0,0,0,0.03338247201814317,0,0,0,0,0,0,0,0,0,0,1,0,0,0,0,0,0,0,0.01537292439131673,0,0,4,0,0,0,0,0,0,0,0,0,0,0,0,0,0,0,0,0,0,0,0,partially_open
1,0,0.0621,0.16,85,1369,200,9,19,0,13,0.01288503924113784,0.01146223348697071,0,0,0.02371080273279378,0,0,0,0,0,0,0,0,0,0,0,0,0,0.00830284235595248,0,0,0,0.02866133370365956,0,0,0,0,0.0162490976020657,0,0,0,0,0,0,0,0.01361672747770135,0.02141104951221029,0,0.01334885480738632,0,0,0,0,0,0,0,0,0.07344078844556491,4,0.02543524067057243,0,0,0,0.03515397088540528,0,0.01283976034556439,0,0,0,0,0,0,0,0,0,0,0,0,0.01534286625214676,partially_open
1,0,0.1278,0.382,86,673,89,10,20,0,14,0,0,0,0,0,0,0,0,0,0,0,0,0,0.01751253771019979,0,0,0.0175857353816265,0,0,0,0,0,0,0,0,0.14280070833621383,0,0,0,0.02320787928920212,0.0259143582596482,0,0,0,0,0,0,1,0,0,0,0.0470018597164929,0,0,0,0,0,0,4,0,0,0.0261351619487438,0,0,0,0,0.02663328802946986,0,0,0,0,0,0,0,0,0,0,0,0,closed
0,0,0.0396,0.2239,35,883,134,4,16,0,14,0,0,0,0,0.03818994046716375,0,0,0,0,0,0,0,0,0,0,0,0,0,0,0,0,0,0,0,0,0,0,0,0,0,0,0.02688355934293129,0,0,0.02427221378018249,0,0,0,0,0,0.02684136255612518,0,0,0,0.04192585807578419,0.02973778816680942,0,0,3,0,0.3333,0.02999116944937814,0,0,0.06446271660238796,0,0,0,0,0,0,0,0,0,0,0,0,0,0,fully_open
0,0,0.0817,0.0361,98,1200,166,13,3,0,3,0.00861193949280131,0.0076609825856794,0,0.022687704657485,0.01584752631630604,0,0,0,0,0,0.04512346761513972,1,0,0,0,0,0.01256123955830464,0.01495242416796268,0.0110986974349977,0,0,0.01282675536138521,0,0,0,0,0.01339840713653365,0,0,0.01657705663514437,0,0,0,0.0178145973197924,0.0151082146999095,0.01820195203651916,0,0,0,0,0,0.0503591354105281,0.02009888446653792,0.03136973981335662,0,0,0,0,3,0,0.3333,0,0,0,0,0,0,0.01730143481109706,0,0.02121879124163097,0,0,0,0,0,0,0,0,0,partially_open
0,0,0.0302,0.0838,84,2784,394,10,18,0,15,0,0.00732464676484469,0,0,0,0,0,0,0.01268406502320817,0.00660875948322204,0,0,0,0.00597989092543407,0.01310473045521408,0,0.03602931151357625,0.00714798813883094,0,0,0,0,0,0,0,0.02438060874032919,0,0,0,0,0,0,0,0,0,0,0,1,0.00853024380374442,0,0,0,0,0,0,0,0.00933622977171835,0,3,0,0.3333,0,0,0,0,0,0,0,0,0,0,0,0,0,0,0,0,0,0.00980446575137183,partially_open
1,0,0.0661,0.1031,101,1528,194,12,12,0,8,0,0.00540126829781713,0,0.01599564788801101,0,0.00918376616662425,0,0,0,0,0,0,0,0.00881926359506464,0,0,0.00885612573175435,0,0.00782498092539406,0,0,0,0,0,0,0,0,0.01531389774007631,0,0.01168742122477804,0.013050396245866,0.0943825680528811,0,0,0,0,0,0,0,0,0,0,0,0,0,0,0,0.01384279609549497,3,0.04794268385388474,0.3333,0,0.01270569584517609,0,0,0.01210078133287004,0,0,0,0,0,0.01498884577753507,0,0,0.04567134228887973,0,0,0,0,closed
1,0,0.0432,0.0718,60,1390,209,6,8,0,7,0.01548568936320236,0.0206635677081628,0,0,0.02137235200455953,0,0,0.00855664413875852,0,0,0,0,0,0,0,0,0,0.01344346393082884,0.059871872401639,0,0,0.02306462431955507,0,0.01230569720621247,0,0,0.01204627430624126,0,0,0,0,0.01504492770567714,0,0,0.01358353248248745,0,0,0,0,0,0,0,0,0.01410199312710527,0,0,0.01755896424956204,0,4,0,0,0,0.01620267635302273,0.02112463388067932,0,0,0.0342078928818879,0.01555541845401387,0.0182364619555414,0,0.01622954112163821,0,0,0,0,0,0,0,0,closed
0,0,0.0526,0.3077,37,703,104,5,19,0,13,0,0.01390326469252929,0,0.02058699126327342,0,0,0,0,0,0,0,0,0,0,0,0,0,0,0,0,0,0,0,0,0,0,0,0,0,0,0,0,0,0,0,0,0,1,0,0,0,0,0,0,0,0,0,0,4,0,0,0,0,0,0,0,0,0,0,0,0,0,0,0,0,0,0,0,0,closed
0,0,0.0582,0.1481,59,1013,135,8,11,0,9,0.05444968195448574,0,0.03188828519356418,0,0.05844840351067714,0,0,0,0,0,0.09509892099534822,1,0,0,0,0,0.01323657501842855,0,0.01169540159816962,0.01829037748343646,0,0.0135163658646855,0,0,0,0,0.02823750321247952,0,0,0,0,0,0,0,0,0.01918055160837503,0,1,0.01880322558889901,0,0.01760562490240469,0,0,0,0,0.01950543094812231,0,0,4,0,0,0,0,0,0,0,0,0,0,0,0,0,0,0,0,0,0.02383233759949455,0,0,fully_open
0,0,0.0464,0.0704,90,1941,270,12,11,0,8,0.01534491036899143,0,0,0.0067375607770713,0,0.01547325451103965,0,0.01130514195302641,0.00787949493865962,0.03284353197722471,0,0,0,0,0.00814081740399662,0.01320190460481642,0,0,0,0,0,0,0,0.00812921815440702,0.01632816542989829,0,0,0.0129007987022461,0.01818889100026688,0,0,0.00993877042375035,0,0.01058079113539185,0.01794672776474099,0,0,1,0,0,0.01984634079907437,0.04985045727506822,0,0,0,0,0,0,2,0,0.6667,0,0,0,0,0,0,0.01027600370598492,0,0,0,0,0,0,0,0,0,0,0,fully_open
0,0,0.1164,0.1488,90,773,121,13,10,0,8,0,0,0,0,0.06933292763383896,0,0,0,0.06964910704708062,0,0,0,0,0,0.0719590109817559,0,0,0.0261667422939347,0,0,0,0,0,0,0,0,0,0,0,0,0,0,0,0,0.02643937572484164,0,0,0,0,0,0,0,0,0.02744852233668704,0,0,0,0,3,0,0.3333,0,0,0,0,0,0,0,0,0,0,0,0,0,0,0,0,0,0,partially_open
1,0,0.0302,0.0897,47,1558,223,6,11,0,9,0.01372309057389478,0.01831161691211175,0,0,0.03156621095524375,0,0,0.02274815149084583,0,0.02202919827740682,0,0,0,0,0,0,0,0,0.0088428646230063,0,0,0,0,0,0,0,0.01067515365349836,0,0,0,0,0.02666499381981803,0.01414728647216436,0,0.02407487870879889,0,0.02280363809837031,0,0,0,0.02662314009631929,0,0.0320274906946458,0.01249688821832906,0,0.05899203506261381,0,0,3,0.01354478263351621,0.3333,0,0.01435846928845103,0,0.01598465736888482,0.01367486670950354,0.01515715578912919,0,0,0,0.02876455255704985,0,0,0,0,0,0,0,0,partially_open
0,1,0.0664,0.0676,112,1686,222,13,8,0,7,0,0,0,0,0.01584752631630604,0,0,0,0.05306598632158523,0.0276488917155208,0,0,0,0.00833930367152371,0.05482591312895688,0,0,0.00996828277864179,0,0,0,0,0,0,0.00916376631269802,0,0,0,0,0,0,0,0.01183752541548446,0,0.03021642939981901,0,0,0,0.07137550937826971,0,0,0,0,0,0.1391824404148482,0,0.01301991226668205,0,3,0,0.3333,0.01244531521368752,0,0,0,0,0,0,0,0,0,0.02834625255887584,0.01387905325528268,0,0,0,0,0.01372385136571689,0,fully_open
1,0,0.0661,0.055,94,1423,200,9,6,0,5,0,0.01908753288296394,0,0.00942116549336241,0.00658075245338132,0,0,0,0,0,0,0,0.03003316681240466,0.01038879355689818,0,0,0,0,0.01843512455304704,0,0,0,0,0,0,0,0,0.01803925242263226,0,0,0,0,0,0.01479517404525131,0,0.03023375084031996,0.01188494697499808,0,0,0,0,0,0,0,0,0,0,0,4,0,0,0,0,0,0,0,0,0,0,0,0,0,0,0,0.05379929303520579,0,0,0,0,partially_open
0,0,0.0665,0.2455,82,1234,167,11,22,0,19,0,0.00695163234626464,0,0,0,0,0,0.01727174465045702,0,0,0,0,0,0,0,0,0,0,0.01007104026509051,0,0,0,0,0,0,0,0,0,0,0,0,0,0,0,0,0,0,1,0,0,0.01516039922151514,0.01523208416738195,0,0,0,0.01679634331643865,0,0,4,0,0,0,0,0,0,0,0.01726231631539713,0.01569945010636585,0,0,0,0,0,0,0.01959356968566136,0,0,0,0,partially_open
1,0,0.0851,0.2365,93,1093,148,10,21,0,14,0,0.01457818045430255,0,0.01079317988559966,0,0,0,0,0,0,0,0,0,0.01190172465741733,0,0,0,0,0,0.01651461267921932,0,0,0,0,0,0.04852451254143188,0,0,0,0.03154469029600288,0.01761169978811043,0.01592133126134766,0,0,0,0,0,1,0,0,0,0.0319430114578107,0,0,0,0,0,0,4,0.01617483751381062,0,0,0,0,0,0.01633018063367898,0.01810029283556204,0,0,0,0,0,0,0,0,0,0,0,0,closed
1,0,0.0517,0.0711,79,1528,225,11,8,0,8,0,0,0,0,0.01974225736014397,0,0,0.00790401873834473,0,0,0,0,0,0,0,0,0.0104322159043547,0.03725434496085619,0.01843512455304704,0,0,0.02130545805789409,0,0.01136712708031491,0,0,0.03338247201814317,0.01803925242263226,0,0,0.01537292439131673,0,0,0.01479517404525131,0,0.01511687542015998,0.01188494697499808,1,0,0.0171606216643709,0,0,0.01669229387898912,0,0.02167353680188844,0,0,0,3,0,0.3333,0,0.02993375800812673,0,0,0,0,0.02873797646589003,0,0,0.01499169476490309,0,0,0,0,0.03079791995275161,0,0,0.01703318202568835,partially_open
1,0,0.0377,0.0826,89,2359,339,13,16,0,12,0,0.00405825023457611,0,0.01201835165639746,0.00419745291621079,0.00690023511978795,0,0,0,0,0,0,0,0.0132527312401512,0,0.01177467167456599,0,0,0.00587930999259338,0,0,0,0,0,0,0,0,0,0.00811126220282172,0,0.00980543285500202,0.00886430875631788,0,0.01887384364691519,0,0,0,1,0,0,0.00885039522120884,0,0,0,0,0,0,0,3,0,0.3333,0.03955592078728792,0,0.01244640590807592,0,0,0,0,0,0,0,0.01126188953014797,0,0,0,0,0,0,0.04345763197905353,closed
0,0,0.062,0.1166,70,1129,163,9,11,0,8,0,0,0,0,0.02773317105353558,0,0,0,0.03095515868759138,0,0.01754801518366544,1,0,0,0.03198178265855818,0,0,0.01744449486262313,0,0,0,0,0,0.0159681070890138,0,0,0.04689442497786778,0,0,0,0,0,0,0.02078369687309113,0,0,0,0,0,0,0.01949194185623376,0,0,0,0.06089231768149609,0,0,0,4,0,0,0,0,0,0,0,0,0.02018500727961323,0,0,0,0,0,0,0,0,0,0.02401673989000456,0,fully_open
0,0,0.0837,0.1468,62,741,109,10,10,0,6,0,0,0,0,0,0.02163633046035205,0,0,0,0,0,0,0,0,0,0,0,0,0,0,0,0,0,0,0,0,0,0,0,0,0,0,0,0,0,0,0,0,0,0,0,0,0,0,0,0,0,0,4,0,0,0,0,0,0,0,0,0,0,0,0,0,0,0,0,0,0,0,0,partially_open
0,0,0.0795,0.1129,111,1396,186,12,11,0,10,0,0.00695163234626464,0.02745935669445804,0,0,0,0,0,0,0,0,1,0,0.02270143777248122,0,0,0,0,0,0,0,0,0,0,0,0,0,0.01970955357287599,0,0,0,0.01518423259184082,0,0,0,0.03303317221442366,0,1,0,0.01874956811477561,0,0,0,0,0,0,0.0177215472518728,0,4,0,0,0,0.01635270113406923,0,0,0,0,0,0,0,0.01637981465054227,0,0,0,0,0,0,0,0,fully_open
1,0,0.0379,0.087,51,1347,184,4,8,0,8,0.02434529048926526,0,0,0,0.04479973785571133,0,0,0.00896802126081422,0,0,0.0425201906373432,0,0,0,0,0,0,0,0,0.01635581832653452,0,0,0,0.02579463452840691,0.01295263123044816,0,0,0,0.01442868757232709,0,0,0,0.08365943442674119,0,0.02847317385752177,0,0,0,0,0,0,0,0,0.0147799735659084,0,0,0,0,4,0,0,0,0.01698165117768728,0,0,0,0.01792625155829702,0,0,0,0,0,0,0,0,0,0,0,0.0386522207506005,closed
0,0,0.0892,0.0374,62,695,107,8,2,0,2,0,0,0,0,0.02930297318864137,0,0,0,0.04906100622184295,0,0.05562389718595839,0,0,0,0.0506881083645073,0,0,0,0,0,1,0,0,0,0.02541648392389829,0,0.02477441319585468,0,0,0,0,0,0,0,0,0,0,0,0,0,0.12357155591876498,0.03103896396372172,0,0,0,0,0,0,4,0,0,0,0,0,0,0,0,0.0319913322922172,0,0,0,0,0,0,0,0.0342844769285348,0,0,0,fully_open
0,0,0.0694,0.0817,106,1527,208,15,9,0,8,0.00644251962056892,0.02292446697394142,0,0,0,0,0,0.0142393009332012,0.00992455469373159,0,0,0,0.02705277621270038,0.00935784457796935,0.01025370131037743,0.03325670625640777,0.01879391567502069,0,0,0,0,0.03838235192109164,0,0,0,0,0,0,0.03436450780584774,0,0,0,0,0.01332695066671492,0.02260465710826155,0,0,1,0,0,0,0,0,0.01173371947217155,0,0,0,0,2,0.01271762033528621,0.6667,0,0,0,0,0.01283976034556439,0.01423152795467855,0,0,0.0158735995548079,0,0,0,0,0,0,0,0,0.01534286625214676,closed
0,1,0.0485,0.1639,61,1257,183,8,18,0,12,0.00811509682975508,0,0,0,0.04479973785571133,0.01227445670346895,0,0.00896802126081422,0,0.01302688167365884,0.0141733968791144,0,0,0,0,0.03141799413165446,0,0.01408978431211869,0,0,0,0,0,0.01289731726420345,0.02590526246089633,0,0.02525084421885188,0,0,0,0.01744235652091706,0,0,0,0,0,0.05393937473268363,0,0,0,0.01574349149926573,0.01581793355843511,0.01893933343962228,0.0147799735659084,0,0,0,0,3,0,0.3333,0,0,0,0,0.01617315966604746,0,0,0,0,0.01700980752171697,0,0,0,0,0.01747189689627255,0,0,0.01932611037530025,fully_open
0,0,0.0896,0.2126,93,1038,127,12,14,0,13,0,0,0.01398872888208239,0,0.02197722989148103,0,0,0,0,0,0.02781194859297919,0,0,0,0,0,0,0.01382393932509758,0,0.01604721798075085,0,0.01185869835297878,0,0,0,0,0,0,0,0,0,0,0,0,0,0.0168282198073479,0.01323041267028089,0,0,0,0,0,0,0,0,0,0,0.01815234582333774,3,0.01571705909360844,0.3333,0,0,0,0,0.0952080342605058,0,0,0,0,0,0,0,0.01767976143353665,0,0,0,0,0,partially_open
1,0,0.0675,0.1343,108,1600,216,13,17,0,12,0.00675176056235623,0.0120124206943453,0,0,0.01242446063198394,0.01021234797728617,0,0.01492278737799486,0.0104009333190307,0,0,0,0,0.00980702111771188,0.02149175794655109,0,0,0,0,0,0,0.04022470481330404,0,0.01073056796381727,0,0.02665613222275991,0,0,0,0,0.01451204062540299,0,0,0,0.01184484032472905,0,0,0,0.02797919967628173,0,0.01309858492738908,0.03948156216185403,0.01575752542176573,0.02459387601367159,0,0,0,0,3,0,0.3333,0,0,0,0,0,0,0,0.0159021948252321,0,0.01415215985806852,0,0,0,0.01692884420841142,0.01453661821769876,0,0,0,closed
0,1,0.1903,0.1867,213,1119,150,23,15,0,13,0,0.05417973251315537,0.01528665218041994,0.0458431970398666,0,0,0,0.01923039610566349,0.02680652917275955,0,0,0,0,0.01263791381148439,0.02769556436411224,0,0,0,0,0,0,0.0129589899527397,0,0,0,0,0,0,0,0,0,0,0,0,0,0,0,0,0,0,0,0,0,0,0,0,0,0,4,0,0,0,0,0,0.2229612517536202,0,0,0,0.04098503820936108,0,0,0,0,0,0,0,0,0,0,fully_open
0,0,0.1135,0.18,121,1066,150,15,16,0,11,0,0,0,0.01263292645700869,0,0,0,0.01059857058096226,0,0,0,1,0,0.01393042772402256,0,0,0.01398865314447562,0,0,0,0,0,0,0,0,0,0,0,0,0,0.02061369407017471,0,0,0,0,0,0,0,0,0,0,0,0,0,0,0,0,0,4,0,0,0,0,0,0,0,0,0,0,0,0,0,0,0,0,0,0,0,0,partially_open
0,0,0.0581,0.122,65,1118,164,9,11,0,9,0,0,0,0,0.04514702264529048,0,0,0.03253514689969811,0.01511763563812602,0.01575343830302929,0.08569960903650567,0,0.02060414932478925,0,0.01561901013557492,0,0,0,0,0,0,0.05846614071701169,0,0,0.01566364706937918,0,0.01526795231837555,0,0,0,0,0,0.02023390972181647,0,0.01721633768129223,0,0,1,0,0,0,0,0,0.03574691281056917,0,0,0,0,4,0,0,0,0,0,0,0,0,0,0,0,0,0,0,0,0,0,0,0,0,partially_open
0,1,0.0872,0.1739,97,1112,161,11,15,0,13,0,0,0,0.01208366878496483,0.02532159096192379,0,0,0.01013776316439868,0,0,0.06408840327947381,0,0,0,0.01460037903977656,0,0,0,0,0,0,0,0,0,0,0.01810878547741842,0,0.02313730202033269,0,0,0,0,0.01891430691387191,0,0,0,0,0,0,0,0,0,0,0,0,0,0,0,3,0,0.3333,0,0,0,0,0,0,0,0,0,0,0,0,0,0,0.1185050398181964,0,0,0,fully_open
0,0,0.061,0.2159,80,1312,176,13,21,0,17,0,0,0,0,0.0068116560482368,0,0,0,0.01140453214805998,0,0,0,0.04663044320873356,0.01075331262907005,0.01178276203210038,0.02866202973414091,0,0,0,0,1,0,0,0,0,0,0,0,0,0,0.0159123252471524,0,0,0,0,0,0.01230196265833135,0,0,0,0,0,0,0,0,0,0,0,3,0,0.3333,0,0,0,0,0,0,0,0,0.03648143055578659,0,0,0,0,0,0.03187854872302359,0,0,0,partially_open
0,0,0.0663,0.2639,72,1086,144,9,19,0,19,0.04537473496207145,0,0,0,0,0,0,0,0.01397974908471869,0,0,0,0,0.01318147999692458,0.01444338571676821,0.04684546795257439,0.01323657501842855,0,0,0,1,0,0,0,0,0,0,0,0,0,0,0,0,0,0,0,0,1,0,0,0,0,0,0.01652814248230617,0,0,0,0.06206931152496131,3,0,0.3333,0,0.01899023357504814,0,0,0,0,0,0,0,0,0,0,0,0,0,0,0.02169253925548799,0.02161199439818522,fully_open
0,0,0.074,0.1535,102,1379,215,13,19,0,14,0.00664543362436636,0,0.01167563198032074,0.03501409537690599,0,0.01005152359969111,0,0,0.05118569546767079,0,0,1,0,0.0096525798402676,0.01057665253275152,0.02572812117867766,0.00969292501349492,0,0,0.0133937409918078,0,0,0,0,0,0.01311817530647633,0,0,0.01181561816946471,0,0,0,0,0,0.01165830740622938,0,0.02208541327637439,1,0,0,0,0,0,0,0,0,0.01507029215119891,0,3,0.05247270122590535,0.3333,0,0,0,0,0.02648832449242418,0,0,0,0,0,0,0,0,0,0.01430769509616019,0.01745202674608656,0.01588508780126285,0,partially_open
1,0,0.0257,0.1585,32,1243,183,5,18,0,11,0,0,0,0,0.00826094456913825,0.01358024996979544,0,0.03968826430317784,0.01383102834977487,0,0.01568120505774359,0,0,0.013041251486319,0.02857946535445624,0,0,0,0,0,0,0.04011772421539632,0.01997146125095427,0.0142693722923102,0.01433057072304903,0,0,0,0,0,0.01929792636356781,0,0.01851187485187464,0,0,0,0,1,0,0,0,0,0.10477078072982536,0.01635231117930291,0,0.01929792636356781,0,0,3,0,0.3333,0,0,0,0,0,0,0.01803766607965438,0,0,0.01881936151338899,0,0,0,0,0.03866121866409244,0,0,0,fully_open
0,1,0.0806,0.084,145,1799,238,18,10,0,10,0.00586090326593422,0,0,0,0.03774792726731232,0.0088648853969498,0,0,0,0,0,0,0,0,0,0,0,0.02035191067306032,0,0,0,0,0,0,0.00935467811087923,0,0,0.01478216517965699,0.01042071880223623,0,0,0,0,0,0,0,0,0,0.02428749971899455,0,0,0,0,0,0.05328077797130907,0,0.0132911604389046,0,3,0,0.3333,0,0,0,0,0,0,0,0.02760797712713905,0,0,0.01446839974359288,0,0,0,0,0,0,0,fully_open
0,0,0.0529,0.1141,102,1928,263,13,15,0,15,0.00541006455317005,0.00481266854741398,0.04752580966348507,0,0,0.00818297113564597,0,0.02391472336217126,0,0.01736917556487845,0,1,0,0.00785818999816657,0,0,0,0.01878637908282491,0.00697225864506266,0,0,0.02417350048876445,0,0,0,0,0.02525084421885188,0,0.01923825009643613,0,0,0,0,0,0.00949105795250725,0,0,1,0,0,0,0,0,0,0,0.02325647536122275,0,0,4,0,0,0,0,0.01476016085252593,0,0,0,0,0,0.01332975347230664,0,0,0,0,0,0,0,0,0,fully_open
0,0,0.0811,0.1698,94,1159,159,12,15,0,12,0.02482264912630967,0.01472110379208983,0.01453730648530131,0.01089899537467416,0.02283908204408812,0.03754539697531681,0,0.0274315944448435,0.02549248362507526,0,0.0433539198655264,1,0,0.01201840823249005,0.02633793865998909,0,0,0.01436605459274846,0,0.03335304129332531,0,0.01232374534721324,0.03681014426646473,0,0,0,0,0,0.01471160301492174,0,0,0,0,0,0,0,0,1,0,0,0,0,0,0,0,0,0.01876399120786532,0,4,0,0,0,0,0,0,0,0,0,0,0.02038668178117486,0,0,0.06000649495666337,0,0,0.0356289662198499,0,0,0.0197050537159924,fully_open
0,0,0.0426,0.1411,51,1198,163,6,12,0,11,0,0,0,0,0,0,0,0,0,0,0,0,0,0,0,0,0,0,0.01026105989273372,0,0,0,0,0,0,0,0,0,0,0,0.01711325545448466,0,0,0.01647009940886467,0,0.03365643961469581,0,1,0.03299433924089826,0,0,0,0,0.01450110614013655,0,0,0,0,4,0,0,0.01725906921143458,0,0,0,0,0,0,0,0,0.01668886775715627,0,0,0,0,0,0,0,0,closed
0,0,0.0461,0.1607,58,1257,168,7,15,0,12,0,0,0,0,0,0,0,0,0,0,0,0,0,0,0,0,0.012434358350645,0,0,0,0,0.01269719217591668,0,0.02709739384802342,0.02721360904983049,0,0,0,0,0,0.01832328361793308,0,0,0,0.01495560647061749,0,0,1,0,0,0,0,0,0.01552643687731792,0,0,0.01933259700204305,0,4,0,0,0,0,0,0,0,0,0,0,0,0,0,0,0,0,0,0,0,0,closed
0,0,0.0472,0.0673,105,2226,312,14,12,0,9,0.01332584321517677,0.02370872505462889,0,0.0058510396221935004,0.0286089554025946,0,0,0.02454405818749155,0.01368543857767198,0.0071305036529501,0.05430648909471201,0,0,0.00645198757744203,0.01413931443852045,0,0,0,0.00572459130857776,0,0,0.006615905396925,0,0,0,0,0.00691075736515946,0,0,0,0,0,0.04579253252832149,0,0,0,0,0,0,0,0,0.02597471194858818,0,0.00809009079397091,0,0.00954739514829144,0.0100733005431698,0,4,0,0,0,0,0,0,0.02655803060950951,0,0.00892389795519743,0,0,0,0,0,0,0,0.019127129233814152,0.01166530208817365,0,0,closed
1,0,0.0654,0.0931,99,1513,204,10,10,0,9,0.01308480729138804,0.01163994253328033,0,0,0.01203920603874412,0,0,0,0,0,0,0,0,0.0095029274396433,0,0,0.00954264710630895,0,0.00843156859402926,0,0,0,0,0,0,0,0,0,0,0.02518684574021935,0,0.06356190387282205,0,0,0,0.01382783953161921,0,0,0,0,0,0,0,0,0,0.01406205486957654,0,0.02983176212827597,4,0,0,0,0.01369063350759284,0,0,0,0,0,0.0154091035128218,0,0,0,0,0,0,0,0,0,0.01558074014752888,closed
0,0,0.029,0.053,62,2141,302,10,8,0,8,0,0.0043148062838884,0,0,0.02677685481031021,0,0,0,0,0,0,0,0,0,0,0.00625952373504226,0.03537360565269699,0.00842148027850772,0.03750594305619914,0,0,0.00722426451388362,0.11868098237636043,0.007708741353317,0,0,0.03018491722713328,0,0,0.00933650316232269,0,0.03769878436594963,0,0.02006701767057074,0,0.01025167413551079,0.04835943941550946,0,0,0,0,0,0,0,0,0,0,0,4,0,0,0,0,0,0,0,0,0,0,0,0,0.01197384806366307,0,0,0,0,0,0,0.02310247677047386,fully_open
0,0,0.0526,0.0723,96,1826,249,12,10,0.01445813266303889,8,0,0,0,0,0.00543027125523773,0,0,0.01304439456118432,0.01818344985844529,0,0,0,0,0,0.01878650170153067,0,0,0.01024711586335904,0,0,0,0,0,0,0.01884019088065188,0,0,0.01488553696413012,0.01049359096169243,0,0,0.03440343608221278,0,0.06104302578110683,0.03106164420820556,0,0,0,0,0,0,0,0,0,0.03576891388283686,0,0,0,2,0,0.6667,0,0,0,0,0,0.0260745477211593,0,0,0,0,0,0,0,0,0,0,0.01410773532000267,0,fully_open
0,1,0.08,0.2756,89,1112,156,10,23,0,20,0,0,0.01497783092424984,0,0.03137490058581804,0.01289437875919971,0,0.02826285488256603,0.01313249156443271,0,0.05955690001728879,0,0,0,0,0,0,0,0.03295976814029622,0,0,0.01269719217591668,0,0.02709739384802342,0,0,0,0,0,0,0,0,0,0,0,0,0.01416589639444216,0,0,0,0,0,0,0,0,0,0,0,4,0,0,0,0,0,0,0.01698998591180743,0,0.0171266728433082,0,0,0,0,0,0,0,0,0.06716386050766647,0,0,fully_open
0,0,0.0404,0.0482,90,2225,332,14,8,0,8,0.00888389547678451,0.00395145417577148,0,0.0175531188665805,0.01634797451576834,0,0,0,0,0,0.00775806987067314,0,0.00932608864174671,0,0,0.00573240594682818,0.00647895514059923,0,0,0.00895265845241889,0,0,0.02964185301457423,0,0,0.00876846454696049,0,0.01120332518879267,0,0.0256508139512234,0,0,0.00915850650566429,0.02756574532641561,0,0,0.02214353278499643,1,0,0,0,0,0,0,0,0,0.0100733005431698,0,4,0,0,0,0,0,0,0,0.00981226401085731,0.00892389795519743,0.01046197027975795,0,0,0,0,0,0,0,0,0,0.03173550756365093,closed
0,0,0.0441,0.0536,94,2131,280,12,8,0,7,0,0.00463442156417643,0,0.00686233042109114,0.01917355035799991,0,0,0.005757248216819,0,0.02508880914926888,0,0,0,0.0075671459241604,0,0.0537855372788817,0,0,0.00671402684339367,0,0,0.01551879043723149,0,0,0,0,0,0,0,0,0,0,0,0,0,0,0.00865693668549243,1,0,0,0,0,0,0,0,0,0.01181436483458186,0,4,0,0,0,0.04360720302418462,0,0,0,0.01150821087693142,0,0,0,0,0,0,0.02313647792536895,0,0,0,0,0.01240688567303225,partially_open
0,0,0.0576,0.1783,88,1529,230,10,26,0,15,0,0.0129444188516652,0,0.02875079814353703,0,0,0,0.01608058984697722,0.02241580456687652,0.0233585464493193,0,1,0,0.01056791068718953,0.02315922192516282,0.0093892856025634,0,0,0,0,0,0.03250919031247633,0,0.01156311202997551,0,0,0,0,0,0,0,0,0,0,0,0.01537751120326619,0,1,0,0,0,0,0,0,0.02204721847088651,0,0.01649937157932984,0,3,0,0.3333,0,0,0.01984987149132798,0.03389849752366953,0,0,0,0,0,0,0.01796077209549461,0,0,0,0,0,0,0,fully_open
0,0,0.0421,0.2403,39,926,129,4,17,0,14,0,0,0,0,0,0,0,0,0.01605082302319553,0,0,1,0,0,0.01658314656369683,0,0,0,0,0,0,0,0,0,0,0.0205680032583024,0.01621041851086787,0,0,0,0,0,0,0,0.01827907457519916,0,0,1,0,0,0.02021386562868686,0,0,0.01897675618338857,0,0,0,0,3,0,0.3333,0,0.02180360151209231,0,0,0,0,0,0,0,0,0.02572159954416512,0,0,0,0,0,0,0,partially_open
0,0,0.0366,0.1391,64,1751,230,8,16,0,16,0.02312246767930216,0,0,0,0,0,0,0.00638817952825122,0,0,0,0,0.01213669069816352,0,0,0.0074599803417627,0,0.01003655868808454,0.02234943182115976,0,0,0,0,0.00918713010600794,0.00922653183538773,0,0.00899345136561848,0,0.03083390768880859,0,0,0,0,0,0,0,0,0,0,0,0,0.01126756911011816,0.05396412815673197,0,0,0,0,0,3,0,0.3333,0,0,0,0,0,0,0,0,0,0.01211657522094907,0,0,0.01283599117777318,0,0,0,0,0,closed
0,1,0.0482,0.1049,86,1784,267,12,17,0,11,0.00541006455317005,0.01443800564224195,0,0.02137879861955317,0,0.00818297113564597,0,0,0.00833408118512075,0,0,0,0,0.01571637999633315,0.00861047994653489,0,0.00789103510714009,0,0.00697225864506266,0.0218077577687127,0,0,0.12034085625575008,0,0,0.02135908030669864,0,0,0,0.01041379198874454,0,0.01051216102512057,0,0,0,0,0,0,0,0.02596094046661238,0.02099132199902097,0.02109057807791348,0,0,0,0,0,0.01233428626457564,4,0,0,0,0,0.02952032170505187,0.01260328754085149,0,0,0.02173770014727579,0,0,0,0,0.01307833864440099,0,0,0,0,0.02586418142000491,0.01288407358353349,fully_open
1,0,0.0818,0.119,132,1614,210,15,15,0,10,0,0.01014562558644029,0,0,0,0,0,0,0,0,0,0,0,0,0,0,0,0,0,0,0,0,0.02536915348094191,0,0,0,0,0.01438264720182843,0.01013907775352715,0,0.01225679106875253,0.01108038594539736,0,0,0.01000408811210224,0,0,0,0,0,0,0,0,0,0,0.01225679106875253,0,0.01300100444103919,4,0.02251362518814182,0,0,0.01193305217891538,0.07779003692547452,0,0.01136492300857389,0,0,0,0,0,0,0,0,0.02859602062231658,0,0.01497572565373644,0,0,closed
0,0,0.0529,0.0776,78,1474,219,10,9,0,8,0,0,0,0,0,0.01081816523017602,0,0.03952009369172369,0.02203587567591251,0,0,1,0,0,0.02276669273999056,0,0,0,0,0,0,0.03195818708684114,0,0.02273425416062982,0.02283175674519677,0,0.03338247201814317,0,0.01271680938577981,0,0,0,0,0,0,0,0,0,0,0,0,0.01394122957692585,0,0,0,0,0,0,4,0,0,0,0,0,0,0,0,0,0,0,0,0,0,0,0.01793309767840192,0,0,0,0,partially_open
0,0,0.0528,0.0949,91,1722,253,11,12,0,12,0.02538255850509861,0.01693480361044921,0,0,0.01751568698118036,0,0,0.01402517610713803,0,0.01018643378992871,0,0,0,0,0,0.00818915135261168,0,0,0.00817798758368252,0,0,0.01890258684835716,0,0.01008512026674556,0.02025674658596405,0,0.01974502104331275,0,0,0,0.01363913592613063,0,0,0,0.02226473745249822,0,0.01054453942142687,0,0,0,0,0.01236891045170865,0.01480970434376478,0,0,0.04091740777839191,0.02878085869477086,0,4,0,0,0,0,0,0,0,0,0,0,0,0.01330090212224485,0,0,0,0,0.04098670550103033,0,0,0,partially_open
0,0,0.0658,0.2372,75,1139,156,10,21,0,16,0,0,0,0,0.00844053032064126,0,0,0.01013776316439868,0,0,0,0,0,0,0,0,0,0,0,0,1,0,0,0.01457957603779521,0.04392631460760683,0.01810878547741842,0,0,0,0,0,0,0,0.01897641888412668,0.01609353304990361,0,0,0,0.01900760847573486,0,0,0.07152456913379354,0,0,0,0,0,0,2,0,0.6667,0,0,0.0250280988368918,0,0,0,0,0.02160624296906535,0,0,0,0,0,0,0,0.02409138474731514,0,0,fully_open
0,0,0.1015,0.1901,106,1044,142,16,14,0,13,0,0,0,0,0,0,0,0.0109726377779374,0,0,0,0,0,0,0,0,0.0289647406285613,0,0,0,0,0.02957698883331179,0,0,0,0,0.01544757528682703,0,0.01765392361790609,0,0,0,0.02047195571854372,0,0,0,0,0,0,0,0,0,0,0,0,0.02134123621382793,0,0,2,0,0.6667,0,0,0.02708923638816524,0,0,0,0,0,0,0,0,0,0,0,0,0,0.02373419000894568,0,fully_open
1,0,0.0411,0.1401,43,1045,157,6,12,0,10,0,0.01028460675885728,0.02031240084247581,0.01522873326324335,0,0,0,0,0,0,0,0,0,0,0,0,0,0.02007311737616909,0.0148996212141065,0,0,0,0,0,0,0.02282203101263691,0.01798690273123696,0,0,0.0222541308252623,0,0,0.02383720871337282,0,0,0,0,0,0,0,0,0,0,0,0,0.02484938463253937,0,0,3,0,0.3333,0,0,0,0,0,0,0,0,0,0,0,0,0,0,0,0,0,0,partially_open
1,0,0.0688,0.0847,92,1337,189,15,8,0,8,0,0,0,0.01100690621996797,0.0076884038564257,0,0,0.01846879625989463,0,0,0,0,0,0,0,0,0,0,0,0,0,0.02489152525575745,0,0,0.01333736285115455,0,0.03900130394198905,0,0.01485726245071305,0,0,0,0.01722887362451699,0,0.01465945584743695,0,0.01388538359455222,0,0,0,0,0,0.03900377579644984,0,0,0.03592089263713613,0,0,3,0,0.3333,0,0,0,0,0,0.0369174289517404,0.01678753080680705,0,0,0,0,0,0,0.04190307972379064,0,0,0,0,partially_open
0,0,0.0499,0.1899,66,1323,179,10,21,0,13,0,0,0,0.00992587078764968,0.01386658552676779,0,0,0,0,0,0.01316101138774908,0,0,0,0,0.03889846892490552,0,0.01308337114696735,0.00971136025562299,0,0,0.01122341094121206,0,0,0.01202744328541615,0,0,0,0,0,0,0,0,0,0,0,0,1,0.06245357070598599,0,0,0,0,0.01372426116834352,0,0.01619647391228013,0,0,3,0,0.3333,0,0,0,0,0,0,0,0,0,0,0.01860222824176227,0,0,0,0.01622390426082451,0,0,0,partially_open
1,0,0.1304,0.2421,85,652,95,11,12,0,11,0.07033083919121075,0,0,0,0.02588429298329987,0,0,0,0,0,0.04913444251426325,0,0.02953261403219792,0,0,0.018152618831622572,0.02051669127856425,0,0,0,0,0,0,0,0,0,0,0,0,0,0,0,0,0,0,0,0,0,0,0,0,0.02741775150128752,0,0,0,0.03023341796958957,0,0,4,0,0,0,0,0.03837641821656743,0,0,0,0,0,0,0,0.03472415938462291,0,0,0,0,0,0,0.10049577395156128,closed
0,1,0.0736,0.1295,91,1237,193,16,13,0,12,0,0.00676375039096019,0,0.04006117218799154,0.01399150972070263,0,0,0,0,0,0,0,0,0,0,0,0,0,0,0.06129748129584111,0,0,0.03382553797458922,0,0,0,0,0,0,0.02927119910349817,0,0,0,0,0,0,0.0252688962711671,1,0,0,0,0,0,0,0,0,0,0.01733467258805226,4,0.01500908345876121,0,0.01648163366136996,0,0,0,0.01515323067809852,0,0,0.01790787705544155,0,0,0,0,0,0,0,0,0,0,fully_open
0,0,0.0453,0.072,132,2912,389,15,16,0,12,0,0,0.01256614628390452,0.0047105827466812,0.00329037622669066,0,0,0.01580803747668947,0.02203587567591251,0.01722197916178626,0,0,0,0,0.02276669273999056,0,0,0.01862717248042809,0,0,0,0.00532636451447352,0,0,0,0,0,0,0,0,0,0.03474358304912731,0,0,0.00627375017199632,0,0,0,0.00740974567698139,0,0.00693780981323574,0,0,0,0.02167353680188844,0,0,0,4,0,0,0.00775195481530536,0,0,0.0333239467181836,0,0,0,0.04211386341427992,0,0,0,0.00864500351070574,0,0,0,0,0,0,closed
0,1,0.085,0.1773,85,1000,141,13,15,0,10,0.00937744522549476,0,0.03295122803334965,0,0,0,0,0,0,0.03010657097912265,0,0,0,0,0,0,0,0,0,0,0,0,0,0,0,0,0,0,0.01667315008357798,0,0,0,0,0,0,0,0,1,0,0,0,0,0,0,0,0,0,0,4,0,0,0,0,0,0,0,0,0,0,0,0,0,0,0,0,0,0,0,0,fully_open
0,0,0.0664,0.1895,93,1401,190,11,21,0,15,0.02260634116860345,0.00670335976246947,0.01323933269197084,0.00992587078764968,0,0,0,0.0083274483136132,0,0.01209639012554035,0,0,0,0.01094533606887487,0,0.01944923446245276,0.05495542306758282,0,0,0,0,0,0,0,0,0,0,0,0,0,0,0,0,0,0,0,0,0,0.01561339267649649,0,0,0,0,0,0,0,0,0,4,0,0,0,0,0,0,0,0,0,0,0,0,0,0,0,0,0,0,0.01801255491750342,0,fully_open
1,0,0.0382,0.0888,61,1598,214,7,10,0,9,0.01932755886170677,0.01146223348697071,0,0,0.01185540136639689,0,0,0,0,0,0,0,0,0.00935784457796935,0,0,0.00939695783751034,0,0.01660568471190496,0,0,0,0,0,0,0.02543524067057243,0,0.0162490976020657,0,0,0,0.02503659725066884,0,0.01332695066671492,0,0,0,0,0,0,0,0,0,0,0,0,0,0,4,0,0,0,0.01348161620213341,0,0,0,0.01423152795467855,0,0,0,0,0,0,0,0,0,0,0,0,closed
0,0,0.0537,0.1154,64,1192,182,8,11,0,10,0.00948280977859021,0,0.0666429331011566,0.01249098346310972,0,0,0,0.02095897103650964,0,0,0,0,0,0.02754781212840417,0,0.01223772056064443,0,0,0.01222103762505365,0,0,0,0,0.01507102242109167,0,0,0,0,0,0,0.02038207953006039,0,0,0,0,0,0,0,0,0,0,0,0,0,0,0,0,0,4,0,0,0,0,0,0,0,0.06284258973245697,0,0,0,0,0,0,0,0,0,0,0,0,partially_open
0,0,0.0702,0.1739,88,1253,161,9,15,0,13,0,0.01283378279310396,0,0,0,0,1,0.01594314890811417,0.01111210824682767,0,0.02519715000731449,0,0.07572465136461007,0,0.01148063992871319,0,0.01052138014285346,0,0,0,0,0.01074377799500642,0,0,0,0,0,0,0.02565100012858151,0,0,0,0,0,0,0,0,0,0.01494615367322742,0,0,0.02812077077055131,0,0.01313775428080747,0,0,0,0,4,0,0,0,0,0,0,0,0,0.01449180009818386,0,0,0,0,0,0,0,0,0,0,0,fully_open
0,0,0.0984,0.2293,117,1189,157,17,20,0.01862624298031136,16,0.00760333396661737,0.03381875195480097,0.01335860595946607,0,0.02098726458105395,0,1,0.0084024703704926,0,0,0,0,0,0,0,0,0,0.02640247871099718,0.00979884998765563,0,0,0.01132452275149325,0,0.01208397293222666,0,0,0.02365844863748284,0,0.01351877033803619,0,0,0.01477384792719647,0.01567672284753348,0,0,0.032140383776196,0.03790334440675066,0,0,0,0,0,0,0.01384790316085112,0,0,0,0,4,0.01500908345876121,0,0,0,0,0,0.01515323067809852,0,0,0,0,0,0,0.01838036782456355,0,0,0,0,0,0,partially_open
0,0,0.0976,0.119,112,1148,168,14,11,0,9,0.00843970070294529,0,0,0.01111697528216765,0.00776528789498996,0,0,0,0,0,0,0,0,0,0,0.01089157129897354,0,0,0,0.03402010211919181,1,0,0,0,0,0,0,0,0.01500583507522018,0,0,0,0,0,0,0,0,1,0,0,0,0,0,0,0,0,0,0,2,0,0.6667,0,0,0,0,0,0,0,0,0,0,0.02083449563077374,0,0.01874054711954885,0,0,0.02216407396752993,0,0.04019830958062451,partially_open
0,0,0.0998,0.2909,89,892,110,8,17,0,15,0,0,0,0,0,0,0,0,0,0,0,0,0,0,0,0,0,0,0,0,0,0,0,0.0186294582705161,0.01870935622175846,0,0,0,0,0,0.02519451497465798,0,0,0,0,0,0,0,0,0,0.02274059883227272,0,0.02735681496834328,0,0,0,0,0,2,0,0.6667,0,0,0,0,0,0,0,0,0,0,0,0,0,0,0,0,0.02801952987167198,0,closed
0,0,0.0232,0.132,43,1852,250,3,17,0.01445813266303889,16,0,0,0,0,0,0,0,0,0,0,0,0,0,0,0,0,0,0,0.00760610034006835,0,1,0,0,0,0,0,0,0,0,0,0,0.01146781202740425,0,0,0,0.02494813006404025,0,0,0,0,0,0.02300790335772379,0,0,0,0.01268535019703059,0,0,3,0,0.3333,0,0,0.01610199365730102,0,0,0,0,0,0,0,0,0,0,0,0,0,0,0,partially_open
0,0,0.1233,0.2816,135,1095,174,21,28,0.02223132226682325,21,0,0,0,0,0,0,0,0,0,0,0,0,0,0,0,0,0,0,0,0,0,0.0135163658646855,0,0,0,0,0,0,0,0,0,0,0,0,0.01592048430743152,0.01918055160837503,0,0,0,0,0,0,0,0,0,0,0,0,3,0,0.3333,0,0,0,0,0,0,0.01823161947836034,0,0,0,0,0,0,0,0,0,0,0,partially_open
1,0,0.0394,0.1317,56,1421,205,6,20,0,7,0.0078145376879123,0,0,0,0.00719008138424996,0,0,0,0,0,0,0,0,0,0,0,0,0,0.01007104026509051,0,0,0,0,0,0.01247290414783897,0,0,0.01970955357287599,0,0,0,0.06073693036736329,0,0.01616509756795977,0,0.01651658610721183,0,0,0,0,0,0,0,0,0,0.01679634331643865,0,0,4,0,0,0,0,0,0,0,0,0,0.01840531808475937,0,0,0,0,0,0,0,0,0,0,closed
1,0,0.0704,0.10780000000000001,120,1704,232,14,13,0,12,0.02557485061498573,0.03412619515439007,0.01123337319318738,0.01684390194267826,0.01176558771968176,0,0,0,0,0,0,0,0,0.01857390363203009,0,0.03300476151204105,0.00932576876298375,0.01110104218530563,0.00823994203507405,0.01288640231787568,0,0.00952289413193751,0,0,0,0.02524254945337113,0,0,0,0,0,0.02484692605937589,0,0,0,0,0.02124884459166325,0,0,0,0,0.01246261431876705,0,0,0,0.0137424627134498,0,0,4,0.01262127472668556,0,0.01385955557887929,0,0,0,0,0,0,0,0,0,0,0,0.0283947683629528,0.04809330741025972,0,0,0.0152833799300029,0,fully_open
0,0,0.0201,0.0933,54,2688,375,5,19,0,16,0,0,0,0.00567192616437125,0.00396188157907651,0,0,0,0,0.0138244458577604,0.00752057793585661,0,0,0,0,0.00555692413212936,0,0.01495242416796268,0.0110986974349977,0,0,0,0,0,0,0,0,0,0,0.02486558495271655,0,0,0.01775628812322669,0,0.00755410734995475,0,0,1,0.00892193867228371,0.0103313946754886,0,0.0503591354105281,0,0,0,0.00925512794987436,0,0,4,0,0,0,0,0.03524364938256193,0,0,0,0,0,0,0,0,0,0.00956150363242288,0,0,0,0,0,partially_open
0,0,0.0654,0.1296,104,1589,247,15,18,0,14,0.00602835764496092,0.01072537561995116,0,0.0158813932602395,0.07210624473919251,0,0,0.00666195865089056,0.00928654760627741,0.00967711210043228,0.07370166377139488,1,0,0,0.00959453479756745,0,0.0175857353816265,0,0.00776908820449839,0,0,0,0.05363763878827719,0,0,0,0.01875776999114711,0,0,0,0,0.01171355085656292,0.06214700843129345,0,0,0,0.07012118715248872,1,0,0,0,0,0,0,0,0.0259143582596482,0.01367090788001616,0,4,0,0,0.0130675809743719,0,0,0,0,0,0.01211100436776794,0,0,0.02527171403226522,0.01488178259340982,0,0,0,0,0,0,0,fully_open
0,0,0.0912,0.1579,124,1360,190,18,18,0.01829657496296072,12,0.01493752336804476,0,0,0,0.0137438723805132,0.01129684510761744,1,0.00825375408074937,0,0,0.02608908452084774,0,0,0,0,0,0,0,0.03850167605769115,0,0,0,0,0,0,0.05897374385566353,0.02323971503327961,0,0,0,0,0,0.0615970349053528,0,0,0,0,0,0.03095044211978067,0.01791994120704218,0,0,0,0.01360280752968561,0,0.01605314228473783,0,0,4,0,0,0,0,0,0.01739922881745869,0,0,0,0,0,0,0,0,0,0,0.01608032988683491,0,0,0,partially_open
1,0,0.0572,0.066,89,1555,212,9,7,0,7,0,0.0112898690736328,0,0.01671725606341,0.01167712465412024,0,0,0,0,0,0,0,0,0,0,0,0,0,0,0,0,0,0,0,0,0.01252637792422928,0,0,0.01128258276332344,0.01221467331010637,0,0.02466010706644825,0.01308358072237756,0,0,0.02682392931697561,0,0,0,0.0152252132059832,0,0,0,0,0,0,0,0.04340184941219099,3,0.02505275584845856,0.3333,0,0.01327888513142464,0,0,0,0,0,0,0,0,0,0,0,0.01591056786504832,0,0,0,0.03022429291776279,closed
1,0,0.0541,0.097,92,1702,237,10,14,0,9,0,0.01050036773981233,0,0.03887054294464214,0,0.00892687760252287,0,0,0,0,0,0,0,0.01714514181418162,0,0.00761648342585562,0,0,0.03042440136027343,0,0,0,0,0,0,0,0,0.01488553696413012,0,0,0,0.01146781202740425,0,0.01220860515622136,0,0,0,0,0.03668601356155821,0,0,0,0,0,0,0,0,0.04036675504770212,3,0.023300814880034888,0.3333,0,0.01235029176559075,0,0,0,0,0,0,0,0,0,0,0.01310527770597821,0,0,0,0,0,closed
1,0,0.0441,0.1261,69,1564,230,9,17,0,12,0.01480649246130752,0,0,0,0,0.02239549995018897,0,0,0.02280906429611997,0.01188417275491683,0,0,0.01554348106957785,0,0.02356552406420076,0.0095540099113803,0,0,0,0,0,0,0,0,0,0,0.02303585788386487,0,0.01316301322387735,0,0.0159123252471524,0,0,0,0.01298776351395729,0,0,0,0,0,0.01436248347301435,0.05772158210797373,0,0,0,0,0,0,3,0,0.3333,0,0,0,0.01724660400327046,0,0,0,0,0,0.01551771914261899,0,0,0,0,0,0,0,0,fully_open
0,1,0.0417,0.1315,96,2301,327,13,23,0,20,0.00831497606201506,0.00369840538619005,0.01460891883251955,0,0.02295158983740875,0.00628839161162941,0,0.01378336272598048,0,0.01334774082818245,0.04356748597323835,0,0,0,0,0.01609591817582297,0,0,0.01071598373034261,0.00837933549733788,0,0,0.00924786875659951,0,0,0.04924162356421166,0,0,0,0.00800271699627659,0,0,0,0,0,0,0,1,0,0.04987569843339326,0.00806563111292431,0,0,0,0,0.00893598560677524,0,0,3,0,0.3333,0.00901212480991165,0,0,0,0,0,0,0.00979199188745818,0.0102435543925115,0,0,0,0,0,0.00895111959217903,0,0.00993796133379499,0,fully_open
0,1,0.0464,0.1969,63,1357,193,9,20,0,18,0,0.02310080902758713,0,0,0,0.00981956536277516,0,0.01434883401730275,0.01000089742214491,0,0,0,0,0,0.02066515187168375,0,0,0.0225436548993899,0.01673342074815038,0,0,0,0,0.02063570762272553,0,0,0.02020067537508151,0.01637409066054313,0.01154295005786167,0,0.01395388521673365,0,0,0,0.0113892695430087,0.01372147153522214,0,0,0,0,0,0.01265434684674808,0,0.01182397885272672,0,0,0,0,3,0,0.3333,0,0,0,0,0,0,0.05217048035346191,0,0,0,0,0.01569400637328119,0,0,0.04193255255105412,0,0,0,fully_open
0,0,0.0383,0.0432,85,2221,324,11,7,0.01202042424892187,7,0.00490680273427051,0.00872995689996025,0,0,0.01354410679358714,0.00742176451837657,0,0.00542252448328301,0,0.00787671915151464,0.00856996090365056,0,0.01030207466239462,0.00712719557973247,0,0,0,0,0.01897102933656585,0.0098895645695325,0,0.00730826758962646,0.087317086399521,0,0.00783182353468959,0,0.00763397615918777,0,0.00872432271815126,0,0,0,0,0.01015017754267241,0,0.0103708796487144,0.01630725282616016,0,0,0.01177298463020794,0.00951932044141649,0.00956433191905378,0,0,0,0,0,0.03356073239431047,3,0,0.3333,0,0,0,0.0228617773996841,0.0097791197980752,0.01083912884920285,0,0,0,0.01028499989685212,0,0.01186174900306136,0,0.01230293910495015,0.01056440277449037,0,0,0,partially_open
1,0,0.0447,0.0942,67,1500,191,9,10,0,8,0,0,0,0,0,0,0,0.0071196504666006,0,0,0,0,0,0.00935784457796935,0,0.01662835312820388,0.00939695783751034,0.01118578296534613,0.02490852706785745,0,0,0.00959558798027291,0,0,0.01028300494630999,0,0,0,0,0,0,0,0.01328333004638333,0,0.01130232855413077,0,0.03211657426831544,1,0,0,0.01249864973987508,0,0.03007161340031628,0.01173371947217155,0,0,0.01461013055879589,0,3,0.01271762033528621,0.3333,0,0,0,0,0.06419880172782198,0.01423152795467855,0.0129430581029581,0,0,0,0,0,0,0,0.0138708189100179,0,0,0,closed
1,0,0.0496,0.0983,82,1653,234,11,13,0,10,0,0.00552041392203368,0,0.00817424653100562,0,0,0,0,0,0,0,0,0.02605818885193934,0.00901380617436754,0,0.00800850830806878,0,0,0,0,0,0,0,0,0,0,0,0.01565170430787211,0,0.01194523198708932,0,0.02411613411645307,0,0,0,0,0,0,0,0,0,0,0,0,0,0,0,0,4,0.01225006076413599,0,0,0.01298596854764321,0,0,0,0,0,0,0,0,0,0,0,0,0,0,0,0,closed
0,0,0.103,0.0925,121,1175,173,19,8,0,8,0,0,0,0,0,0,0,0,0,0,0,0,0,0,0,0,0,0,0,0,0,0,0,0,0,0,0,0,0,0,0,0,0,0,0,0,0,1,0.01784387734456742,0,0,0,0,0,0,0,0,0,4,0,0,0,0,0,0,0,0,0,0,0.04243758248326195,0,0,0,0,0,0,0,0,0,fully_open
0,0,0.0472,0.0734,77,1632,218,9,8,0,8,0,0.01137539838479669,0,0.00842195097133913,0.00588279385984088,0.00967078406939978,0,0,0,0.01026360374288272,0,1,0.01342391546918087,0.01857390363203009,0,0,0.0186515375259675,0,0,0,0,0,0,0,0,0,0,0,0.03410417062550041,0.01230720871397082,0,0,0,0,0,0,0,0,0.01324772711945157,0,0,0,0,0,0,0,0,0,2,0,0.6667,0.01385955557887929,0,0,0,0,0,0,0,0,0,0,0,0,0,0.01376573694857837,0,0,0,partially_open
0,0,0.1266,0.1477,142,1122,149,20,12,0.02223132226682325,10,0.00907494699241429,0,0.01594414259678209,0.01195373686254586,0,0,0,0,0.01397974908471869,0.04370308690517804,0,0,0,0,0.01444338571676821,0,0.03970972505528565,0.0157563179404338,0,0,0,0,0,0,0,0,0,0,0,0,0,0,0,0,0.01592048430743152,0,0,0,0,0,0,0,0,0,0,0,0,0,2,0,0.6667,0,0,0,0,0,0,0,0,0,0,0,0,0,0,0,0,0,0,fully_open
1,0,0.0753,0.1649,102,1354,194,14,17,0,15,0,0.00652848950779636,0,0.00966693502797187,0,0.01110037823618062,0,0,0,0,0,0,0,0.01065980556273031,0,0,0,0,0,0,0,0,0,0,0,0,0,0.03701968323253231,0,0,0,0,0,0,0,0,0,0,0,0,0,0.04291474148027612,0,0,0,0,0,0,3,0,0.3333,0,0,0,0,0,0,0,0.01728499437525228,0,0,0,0,0.04888838379012743,0.0184009176178385,0.01580067197575952,0,0.01754266218052507,0,closed
0,0,0.0711,0.1572,106,1491,229,14,20,0.01615244508448876,16,0,0.01759631937648238,0,0,0.01213326233592181,0.00997299607156852,0,0,0,0,0.0230317699285609,0,0,0.01915433812053103,0,0.00850904007732308,0.00961719903682699,0,0.01699488044734023,0.0265782047806186,0,0,0.02933308371233908,0,0,0,0,0,0,0.01269180898628241,0,0.01281169624936569,0,0,0,0.08361521716775991,0,0,0,0,0,0,0,0,0,0,0,0,3,0.03904706868568347,0.3333,0.02858533338143853,0,0,0,0,0,0,0,0,0,0,0,0,0,0,0,0.01576098555281549,0,fully_open
0,0,0.0511,0.1984,86,1683,252,12,29,0.01445813266303889,21,0,0.00525018386990616,0,0.01554821717785685,0.01086054251047547,0,0,0,0,0,0.02061585000598458,0,0,0.00857257090709081,0,0.02284945027756688,0.04304200967530963,0.01024711586335904,0,0,1,0,0,0,0,0.03495122232005233,0,0,0,0,0,0,0,0,0,0,0,0,0,0,0.01144981199946598,0,0,0,0,0,0,0,3,0,0.3333,0,0,0,0,0,0,0,0,0,0,0,0,0,0,0,0,0,0,fully_open
0,0,0.0456,0.105,61,1337,200,8,11,0,10,0.00907494699241429,0.00807286336985571,0,0,0,0,0,0.01002875495832988,0,0,0,0,0,0,0,0.01171136698814359,0.01323657501842855,0,0,0,0,0.0405490975940565,0,0,0.01448466288136139,0,0.01411875160623976,0,0,0.06987318495673758,0,0,0,0,0,0,0,0,0,0,0,0,0.02117946965291093,0,0,0.01950543094812231,0,0,4,0,0,0,0.01899023357504814,0,0,0,0.04009312176479334,0,0,0,0,0,0.02193785837125327,0,0,0,0,0,0,partially_open
0,0,0.0271,0.3404,17,627,94,3,17,0,15,0,0,0,0,0,0,0,0,0,0.0276488917155208,0,0,0,0,0,0,0,0,0,0,0,0,0,0,0,0,0,0,0,0,0,0,0,0,0,0,0,0,0,0,0,0,0,0,0,0,0,0,4,0,0,0,0,0,0,0,0,0,0,0,0,0,0,0,0,0,0,0,0,closed
1,0,0.0652,0.1864,76,1165,177,10,18,0,15,0,0,0,0.011702079244387001,0.01634797451576834,0.02687459994022676,0,0.00981762327499662,0.01368543857767198,0,0.01551613974134629,0,0,0,0.01413931443852045,0.04585924757462546,0.01295791028119847,0.01542460598379309,0.01144918261715552,0.01790531690483779,0,0,0,0.01411916837344378,0.01417972261017483,0,0.01382151473031892,0,0,0,0,0,0.03663402602265719,0,0,0,0.01476235518999762,0,0,0,0,0,0.0207335860812707,0,0,0,0,0,4,0,0,0,0,0,0,0,0,0,0,0,0.01862126297114279,0,0,0,0,0.019127129233814152,0.0233306041763473,0,0,fully_open
0,0,0.1057,0.3506,65,615,77,10,14,0,13,0,0,0,0,0.01438016276849993,0,0,0,0,0,0.02729691250792402,0,0,0,0,0,0,0,0,0,0,0,0,0,0,0,0.02431562776630181,0,0.02778858347262996,0,0,0,0,0,0,0,0,0,0.0971499988759782,0,0,0,0,0,0,0,0.0354430945037456,0,4,0,0,0,0,0,0,0,0,0,0,0,0,0,0,0,0,0.03364957920763602,0.04104458142135173,0,0,partially_open
0,0,0.0446,0.1156,93,2083,294,11,19,0.0135131566719906,15,0,0,0,0.00726599691644944,0,0.0083434215500704,1,0,0.00849749454169175,0,0,0,0.01158141726752859,0,0.00877931288666303,0.06406806646455027,0,0,0,0,0,0,0,0,0.02641320878365901,0.01088894290145421,0.00858198627045946,0,0,0,0,0.03215484548860409,0,0.01141065710679513,0.00967715712804661,0,0,1,0,0,0.01070145827401069,0.03225617823680885,0,0,0,0,0,0,2,0,0.6667,0,0,0.01504957577120291,0,0,0,0,0,0,0,0,0.0133347766570363,0.01224872360754827,0,0,0,0,0.01313670247732827,partially_open
0,0,0.1465,0.1342,163,1113,149,20,10,0,10,0,0.00773996178759362,0,0,0,0,0,0,0.04020979375913933,0.01396696591814968,0,0,0,0,0.04154334654616835,0,0,0.01510657287072519,0,0,0,0,0,0,0,0,0,0,0,0,0,0,0,0,0,0,0,0,0,0,0,0,0,0,0,0,0,0,2,0,0.6667,0,0,0,0.06080761411462369,0,0,0,0.02049251910468054,0,0,0,0.02103320441779953,0,0,0,0,0,0,closed
0,0,0.0809,0.0749,120,1483,227,16,9,0.01767105103260309,8,0,0.00641689139655198,0.01267354924359602,0,0,0.01091062818086129,1,0.02391472336217126,0.02222421649365535,0.01157945037658563,0,0,0,0,0.02296127985742638,0,0,0,0.0743707588806684,0,0,0,0,0.01146428201262529,0,0,0,0,0,0,0,0,0,0,0,0.04573823845074046,0,1,0,0,0,0,0.03366992611488405,0,0,0.01550431690748183,0,0,3,0,0.3333,0,0,0,0,0,0,0.01449180009818386,0,0,0.01511982890819286,0,0,0,0,0,0,0,0,partially_open
0,0,0.0997,0.2131,88,883,122,11,15,0,11,0,0,0,0,0,0,0,0,0,0,0,0,0,0,0,0,0,0.02063855730225836,0,0,1,0,0,0,0,0,0.01849357604760983,0,0,0,0,0,0,0,0,0,0,1,0,0,0.02306088895667093,0,0,0.02164953874442921,0,0,0,0,3,0,0.3333,0,0,0,0,0,0,0,0,0,0,0,0,0,0,0,0,0,0,fully_open
0,0,0.1159,0.1935,78,673,93,12,10,0,8,0,0,0,0,0,0,1,0.03216117969395445,0,0.0233585464493193,0,0,0,0,0,0,0,0,0,0,0,0.08669117416660355,0,0.02312622405995102,0.04645081544712446,0,0.04527737584069993,0,0,0,0,0,0,0,0,0,0,0,0,0,0,0,0,0.02650202156645645,0,0,0,0,3,0,0.3333,0,0,0,0,0,0,0,0,0,0,0,0,0,0,0,0,0,0,partially_open
0,0,0.0515,0.1494,56,1088,174,12,13,0,13,0.03204949634029857,0,0,0.01407212061033879,0.01965895669617712,0,0,0,0,0,0,0,0,0,0,0,0.0155822971735931,0.01854857681595371,0,0,0,0,0,0.01697874677819189,0,0,0,0,0,0,0,0,0,0,0,0,0.03550439855822213,0,0,0.02563232096703501,0,0,0.04986558677773967,0,0,0,0,0,4,0,0,0,0,0,0,0,0.02359911597547962,0,0,0,0.02239265800327298,0,0,0,0.02678614589938515,0.02300097819256132,0,0,0,partially_open
0,0,0.0333,0.1528,50,1502,216,7,20,0.01879557246195056,13,0,0.00682523903087801,0,0,0,0,0,0,0,0,0,0,0,0,0,0,0,0,0,0,1,0,0,0,0.01224612407242372,0,0,0,0,0,0,0,0,0,0,0,0,0,0,0,0,0.02991027436504093,0,0,0,0,0,0,4,0,0,0,0,0,0,0,0,0,0,0,0,0,0,0,0,0,0,0,0,partially_open
0,0,0.0384,0.126,66,1717,246,9,18,0,13,0,0.02843849596199173,0,0,0,0,0,0.0070657137206415,0.01969873734664906,0.01026360374288272,0,1,0,0.01857390363203009,0.02035204350999157,0.00825119037801026,0,0.01110104218530563,0,0,0,0,0,0,0.01020510339368643,0,0,0,0,0,0,0.01242346302968794,0,0,0,0,0,1,0,0,0.01240396299942148,0.03738784295630117,0,0,0.03874965670640661,0,0,0,2,0,0.6667,0.01385955557887929,0,0,0,0,0,0,0,0,0,0,0,0,0,0,0,0,0,fully_open
1,0,0.0399,0.0749,67,1680,227,9,9,0,8,0.01148258599040175,0.00510732172378627,0,0.03025027287664667,0,0.00868396936844062,0,0,0,0,0,0,0,0,0,0.00740923217617248,0.00837415970553643,0.00996828277864179,0,0.01157146330584755,0,0,0,0.0091246326222936,0,0,0,0.01448048833925583,0,0,0,0,0,0,0.010072143133273,0,0,0,0.01189591822971161,0,0,0,0,0.01045657993778553,0,0,0.02603982453336411,0.09162612653684764,2,0,0.6667,0,0.02402845880924458,0,0,0.01144223540999276,0,0.0115342898740647,0,0,0,0,0,0.01274867150989717,0,0,0,0,0,closed
0,0,0.0683,0.0403,133,1948,248,17,6,0,4,0.0091735877205927,0,0,0,0,0,0,0.00506888158219934,0.0141317028791178,0,0,1,0,0,0.01460037903977656,0.00591933222770301,0,0,0,0,0,0,0.02040562345206197,0.0072897880188976,0.01464210486920227,0.01810878547741842,0.00713610814880596,0,0.00815534514957618,0,0,0,0.00945715345693595,0,0.0080467665249518,0,0,1,0,0.02201036256951919,0,0,0,0,0,0,0,0.01045732965909674,2,0,0.6667,0,0.00959832457869281,0,0,0,0,0,0,0,0,0,0,0.01018507995627654,0,0,0,0,0,fully_open
0,0,0.0507,0.1429,78,1539,231,10,18,0,15,0.01361242048862143,0.02421859010956715,0,0.01793060529381879,0.00626232894757255,0,0,0,0,0.01092577172629451,0,1,0,0,0,0.02635057572332309,0,0,0,0.04115334933773203,0,0,0.07569828054797183,0,0,0,0,0,0,0.03930366653816488,0,0,0,0,0,0,0.01130986889556269,0,0,0,0,0.01326665395223589,0,0,0,0,0.01543489599356663,0,3,0.04030665154651196,0.3333,0,0.04272802554385831,0.01856923462091972,0.01585574884171639,0.01356458552636238,0,0,0,0,0,0,0,0,0,0,0,0,0,fully_open
1,0,0.0744,0.1026,108,1452,195,14,11,0,9,0,0.0174599137999205,0,0.00861781029625399,0.01203920603874412,0,0,0,0,0,0,0,0,0.0095029274396433,0,0,0.00954264710630895,0,0,0,0,0,0,0,0.01044243137958612,0,0,0,0,0,0,0.01271238077456441,0.02697854629575529,0,0,0,0.03261450565232033,0,0.02711162759329624,0,0,0,0,0,0,0,0,0,3,0.02582958548717046,0.3333,0,0,0,0,0,0,0,0,0,0,0.01615077180680135,0,0,0,0,0,0.03127761474047105,0,closed
0,0,0.0806,0.1875,110,1365,208,15,23,0,16,0,0.02755142361088373,0.01360371799541958,0,0,0.01171140823083276,0,0,0,0,0,1,0,0.01124658385058702,0,0,0,0,0,0,0,0,0,0,0,0,0,0,0,0.05961657065116142,0.01664224842362729,0.01504492770567714,0,0,0,0.01636505779430163,0,0,0,0,0,0,0,0,0,0.01664224842362729,0,0,4,0.07642239742763737,0,0.06713619583163546,0,0.06337390164203796,0,0,0,0,0,0,0,0.05734264852506536,0,0,0,0,0,0,0,partially_open
0,0,0.0618,0.141,69,1116,156,7,12,0,10,0.04489202501566643,0,0,0,0,0,0,0,0,0,0,0,0,0,0,0,0.01309576039057292,0,0,0,0,0,0,0.0142693722923102,0,0,0,0,0,0,0,0,0,0,0,0,0,0,0,0,0.01741833102046421,0,0,0,0,0,0,0,4,0,0,0,0,0,0.02091609421673226,0,0,0,0,0.02212171852850889,0,0.02216435705401462,0,0,0,0,0,0,0,closed
0,1,0.0365,0.0737,78,2135,312,11,12,0,11,0,0.00834195881551757,0,0,0.00431404883054997,0,0,0.0051815233951371,0.00722287036043799,0.00752664274478066,0.0081890737523772,0,0,0.00681043133174436,0.00746241595366357,0,0.00683889709285475,0,0.02417049663621722,0.01890005673288434,0,0,0.06257724525299005,0,0,0,0,0,0,0.04512643195122635,0.01007780598986319,0,0,0,0,0.06936966165028971,0.01558248603388638,1,0,0,0,0,0,0,0,0,0.01063292835112368,0.01068971476263222,4,0.01851120293247216,0,0.02032734818235629,0.00981162068044154,0,0,0.01868898450298817,0,0.00941967006381951,0,0,0,0,0,0,0,0,0,0,0,fully_open
0,0,0.0482,0.1176,79,1639,238,11,18,0,10,0.0301417882248046,0,0,0.00794069663011975,0.00554663421070711,0,0,0,0,0,0.01052880911019926,0,0,0,0,0.02333908135494331,0.00879286769081325,0.02093339383514776,0,0,0,0,0,0.00958086425340828,0.00962195462833292,0,0,0,0,0,0,0,0,0,0,0,0,0,0,0,0.02339033022748051,0,0,0,0,0,0,0,3,0,0.3333,0,0.0126149408748534,0,0,0.01201434718049239,0,0,0,0,0,0,0,0.02677221017078407,0,0,0.01583148140537852,0,0.04306961740781197,closed
1,0,0.0614,0.1353,76,1238,170,11,12,0,11,0,0.01377571180544186,0,0.01019905989189692,0.02137235200455953,0.01171140823083276,0,0.00855664413875852,0,0,0,0,0,0,0,0.00999226724676472,0,0.01344346393082884,0.0299359362008195,0.01560555143082193,0,0.01153231215977753,0.10333857014255238,0.01230569720621247,0,0,0.02409254861248253,0,0,0,0.01664224842362729,0,0,0,0,0,0.05146509148806511,0,0,0,0.0150213129901251,0,0.01807055667633685,0,0,0.01664224842362729,0.03511792849912408,0.03530547994997799,3,0.01528447948552747,0.3333,0,0,0,0,0.03086254321594378,0,0,0,0,0,0,0,0,0,0.03334086747178615,0,0,0.01843959155074519,fully_open
0,0,0.0431,0.0473,111,2574,402,14,12,0,7,0.00456200037997042,0.00405825023457611,0.00801516357567964,0,0,0,0,0,0.02108297294398116,0,0.01593549486949078,0,0.02873443527457095,0.0132527312401512,0.02178218710799098,0,0.01996218610887333,0,0.00587930999259338,0.00919462219437616,0,0,0,0,0,0,0,0,0,0,0,0,0,0,0,0,0,1,0,0,0,0.0088922437301473,0,0,0,0,0,0,3,0,0.3333,0,0,0,0,0,0.01007746033547508,0,0,0,0,0,0,0,0,0,0.01198058052298915,0,0.01086440799476338,partially_open
0,0,0.0517,0.1929,51,986,140,8,14,0,13,0,0,0,0,0,0,0,0,0,0,0,0,0,0,0,0,0,0,0,0,0,0.03142555063539378,0,0,0,0,0.04923914622676117,0,0.01875729384402523,0.02030689437805186,0,0,0,0,0,0,0,0,0,0,0,0,0,0,0,0,0,0,3,0,0.3333,0,0,0,0,0,0,0,0,0,0,0,0.02550276035658193,0,0.02645131907564284,0,0,0,0,fully_open
0,0,0.0767,0.2017,65,847,119,10,14,0,10,0,0,0,0,0,0,0,0.01434883401730275,0,0,0,0,0,0,0,0.01675626353688238,0,0,0,0,1,0,0,0,0,0,0,0.06549636264217254,0,0,0,0,0,0,0,0,0,0,0,0,0.02518958639882517,0,0,0,0,0.0279077704334673,0,0,3,0,0.3333,0,0,0,0,0,0,0,0,0,0,0,0,0,0,0,0,0,0,partially_open
0,0,0.0573,0.1103,110,1920,272,16,17,0,13,0,0.01876940733491454,0,0.01389621910270956,0.00970660986873745,0.00797839685725482,0,0.02914606909764622,0.00812572915549274,0.02540241926363473,0,0,0,0,0.00839521794787152,0,0,0,0,0,0,0,0,0,0,0,0,0,0,0,0,0,0,0.01091144085837284,0,0,0,0,0.01092937487354755,0,0,0,0.01231056673575448,0,0.04795270017417817,0,0.01196204439501414,0,3,0,0.3333,0.01143413335257541,0,0,0.02457641070466041,0,0,0,0,0,0,0,0.01275138017829096,0,0,0,0,0.01260878844225239,0,closed
0,1,0.0466,0.161,66,1417,205,10,21,0,12,0,0.01173087958432158,0,0.03474054775677391,0,0,0,0,0,0.0105843413598478,0,0,0,0.00957716906026551,0,0.00850904007732308,0,0,0.01699488044734023,0.0132891023903093,0,0,0.08799925113701726,0,0,0,0,0.01662993582711412,0,0.02538361797256482,0.01417191467324511,0,0,0.01363930107296605,0,0,0,0,0,0,0.0127915868431534,0,0,0,0,0,0,0,3,0,0.3333,0.01429266669071926,0,0,0,0,0,0.01324641102724618,0,0,0,0,0,0,0.03306414884455355,0,0,0,0,fully_open
0,1,0.0807,0.1579,112,1387,209,13,18,0,15,0.00664543362436636,0.01773487307236019,0,0.01750704768845299,0.03057199958657465,0.01005152359969111,0,0,0,0,0.01160656122384171,0,0,0,0,0.00857604039289255,0,0,0,0.0133937409918078,0,0,0.01478202643771418,0,0,0.01311817530647633,0,0,0,0.02558348898022281,0,0,0.01370170264626942,0,0,0,0.02208541327637439,1,0,0,0,0,0,0.01210328543979901,0,0,0,0,4,0.01311817530647633,0,0.01440520737332335,0,0,0,0.01324416224621209,0,0,0.04695529968080343,0,0,0,0,0,0,0.02861539019232039,0,0,0,fully_open
0,0,0.0824,0.1165,132,1602,206,15,13,0,11,0,0.00581997126664016,0,0,0.03611761811623238,0,0,0.03615016322188679,0,0,0,0,0,0,0,0.01688615705267216,0,0,0,0,0,0,0,0,0,0.01291479274358523,0,0,0,0.01259342287010967,0.01406205486957654,0.02542476154912882,0,0.01353357005689655,0,0,0,0,0,0.01569731284027726,0.01269242725522198,0,0,0.01191563760352305,0,0,0,0,4,0,0,0,0,0,0,0,0,0.01314372567044583,0.0924546210769308,0,0,0.06460308722720542,0,0,0,0,0,0,0,closed
0,0,0.0587,0.1507,70,1192,146,9,11,0,11,0,0.01416559044144493,0,0,0.00732574329716034,0,0,0,0.02453050311092147,0,0.01390597429648959,0,0,0,0,0,0,0,0,0,1,0,0,0.0126539716554449,0,0,0,0,0,0,0,0,0,0,0.01396797208104841,0,0,1,0,0,0,0.04655844594558259,0,0,0,0,0,0,4,0,0,0,0,0,0,0,0,0,0,0,0,0,0,0,0,0,0,0,0,fully_open
0,0,0.0299,0.0602,71,2376,349,8,12,0,9,0,0.00401484648875177,0.00792943990107344,0.00594490656800409,0,0,0,0,0,0.01448979351936384,0,0,0.00947570503706885,0.01311099079908006,0,0,0,0,0.00581642967181697,0,0,0,0,0,0,0,0,0,0,0,0,0,0,0,0,0.00953899090683891,0,1,0,0,0,0.00879713951912968,0,0,0,0,0,0.02057913002431872,4,0,0,0,0,0,0,0,0.00996968001103149,0,0,0,0,0,0,0,0,0,0,0,0,closed
0,0,0.0818,0.1357,125,1528,199,12,14,0.01531491089492268,13,0,0,0,0,0,0,0,0,0.01926098762783464,0,0,0,0,0,0.0099498879382181,0,0.00911852945713966,0.0108543523589655,0,0.01260003782192289,0,0,0,0,0,0,0,0,0,0,0,0,0,0,0,0,0,0,0,0,0.02425663875442424,0.01218566733390556,0,0,0,0,0,0,4,0,0,0,0,0,0,0,0,0,0,0,0,0,0,0,0,0,0,0,0,closed
1,0,0.0497,0.0905,79,1589,221,10,11,0,9,0.00602835764496092,0.01072537561995116,0,0,0.00554663421070711,0,0,0.00666195865089056,0.00928654760627741,0.02903133630129684,0,0,0.01265683458522768,0,0.00959453479756745,0,0,0,0,0,0,0,0,0.01916172850681656,0.01924390925666585,0,0,0,0.01071845362515727,0.02320787928920212,0,0,0,0,0,0,0,0,0,0,0,0.01175046492912322,0,0,0,0,0,0,4,0.01190005902801781,0,0,0,0,0.01404366325980594,0,0.01331664401473493,0,0.08519032942088624,0,0,0,0,0,0.01511503947179591,0,0.01583148140537852,0,0,closed
0,0,0.0763,0.2065,88,1153,155,13,18,0,14,0.01671227861969364,0.0074334286474909,0,0.01100690621996797,0.02306521156927711,0,0,0,0,0,0.01459438886562274,0,0,0,0,0,0,0.0145082927570331,0.01076903315475025,0.03368326942494239,1,0,0.03717460114039013,0,0,0,0,0,0,0,0,0.01623660514771098,0,0.01728545086474906,0,0.01766129999583047,0,1,0,0,0,0,0,0,0,0.03592089263713613,0,0,4,0.01649513132596529,0,0,0,0,0,0.01665355054721718,0,0,0.03936186837928737,0,0,0,0,0,0,0,0,0,0.03980030651546981,partially_open
1,0,0.0316,0.145,47,1489,200,5,16,0,13,0,0,0,0,0,0,0,0,0,0,0,0,0,0.02786085544804513,0,0,0,0,0.01647988407014811,0,0,0,0,0,0,0,0,0.01612599837780763,0,0.01230720871397082,0.0137424627134498,0.03727038908906384,0,0.02645197783847962,0,0.02702714090271027,0,0,0.01324772711945157,0,0,0,0,0,0,0,0,0,4,0,0,0,0.01337948274605664,0,0,0,0,0,0.01505889661480312,0,0,0,0,0,0.01603110247008657,0,0,0,0,closed
0,0,0.252,0.4464,96,381,56,14,14,0,11,0,0,0,0.058510396221935,0,0,0,0.02454405818749155,0,0.07130503652950101,0,0,0,0,0,0.02866202973414091,0.03239477570299619,0,0,0,0,0,0,0,0,0,0,0,0,0,0,0,0,0,0,0,0,0,0,0,0,0,0,0,0,0,0,0,2,0,0.6667,0,0,0,0,0,0.04906132005428658,0,0,0,0,0,0,0,0,0,0.11665302088173649,0,0,partially_open
1,0,0.0598,0.1341,78,1304,179,9,13,0,11,0,0,0,0,0,0,0,0,0,0,0,0,0,0,0,0,0.0120686419285672,0,0,0,0,0,0.01840507213323236,0,0,0,0,0.04173787815432564,0,0,0,0,0,0.0171159856601927,0,0,0,0,0,0,0,0,0,0,0,0,0,0.01886420252229216,3,0,0.3333,0,0,0.13544618194082622,0,0,0,0,0,0,0,0,0,0.0183730854113224,0.10373066304173664,0,0,0,0,closed
1,0,0.084,0.1667,112,1333,198,16,25,0,8,0,0,0.02936248042575711,0,0,0,0,0,0,0,0,0,0,0,0,0.02156746791875949,0.03656440029843134,0.0145082927570331,0,0.05052490413741358,0,0,0,0,0,0,0,0.02107556223634265,0.01485726245071305,0,0,0.01623660514771098,0,0,0,0.01766129999583047,0.02777076718910444,1,0,0,0,0,0,0,0,0.01796044631856806,0,0,4,0,0,0,0,0,0,0,0,0.01678753080680705,0,0,0,0,0,0,0,0,0,0,0,partially_open
1,0,0.0172,0.096,41,2378,323,6,19,0,12,0.00922371661524075,0.00410260269615618,0,0.00607484988096593,0,0,0,0.01019316077731889,0,0.02220976547640196,0,0,0,0.00669878491646986,0,0,0,0.00800730911726963,0,0,0,0,0,0,0.00736105818560988,0,0,0,0,0,0,0,0,0.01908011516218202,0,0,0,1,0,0,0,0,0,0,0,0,0.01045861805028558,0,4,0,0,0.00999705648312604,0,0,0.05371893050198996,0,0.01018759651400486,0,0.01086215493526782,0,0,0,0,0,0,0,0,0,0,partially_open
1,0,0.0785,0.1648,99,1261,182,12,17,0,13,0,0.01305697901559272,0,0.01933387005594374,0.00675242425651301,0,0,0,0,0,0,0,0,0.01065980556273031,0,0,0.010704360667077,0,0.00945802042286761,0.0147913487474747,0,0,0.08162249380824789,0,0,0,0,0,0,0.05650614087805734,0.01577395720152499,0,0,0.01518113510730135,0,0.03102245738398049,0.01219498906999803,0,0,0,0,0,0,0,0,0,0,0,4,0.05794811352773894,0,0,0,0,0,0,0,0,0,0,0,0,0,0,0,0,0,0,0.0349550518092387,closed
1,0,0.0818,0.1529,104,1272,170,14,16,0,10,0.00740324623065376,0.01317151391923827,0,0.0292551981109675,0.01362331209647361,0.01119774997509448,0,0,0,0,0,0,0,0.0215066252581401,0,0,0.02159651713533079,0,0,0,0,0,0,0,0,0,0,0.03734441729597557,0.01316301322387735,0.01425045219512411,0,0.01438506245542814,0,0,0,0.06258916840627642,0,0,0,0,0,0,0,0.01348348465661819,0,0,0,0.01687849699362983,2,0,0.6667,0.01604790645975496,0.01549203265332874,0,0,0,0,0,0,0,0,0,0,0.03287815284131377,0,0,0,0,0.01763083753536162,partially_open
0,0,0.0324,0.0851,92,2836,388,12,19,0,14,0.00724437828578994,0.00966664755446242,0.00636397107940229,0.00477123402668139,0.0033327415858326,0,0,0,0,0.01744372138275347,0,0,0,0.01052255484733035,0,0.04674494119731135,0.0422661451232225,0,0.00466812166793895,0,0,0.00539494431508906,0,0,0,0,0,0,0,0,0,0.00703818506402922,0,0,0.01906358421361972,0,0,1,0,0,0.00702713783658212,0,0,0,0,0,0,0,2,0,0.6667,0,0.0075797928003411,0,0,0,0,0,0.02559366119940788,0.0089246418097847,0,0,0.00875631256878349,0.0402157663509632,0,0,0,0.01731679099365135,0.02587874007336342,partially_open
0,0,0.0636,0.2083,59,927,144,9,15,0.02617105026347546,15,0,0,0,0,0,0,0,0,0,0.01714931258304455,0,0,0.02242983344217563,0.01551743847739222,0,0,0,0,0,0,1,0,0,0,0,0,0,0,0,0,0,0,0,0,0,0,0,1,0,0,0.06217682718697352,0,0,0,0,0,0,0,2,0,0.6667,0,0,0,0,0,0,0,0,0,0,0,0,0,0,0,0,0,0,partially_open
0,0,0.0946,0.1386,105,1110,166,13,13,0,10,0.00937744522549476,0,0,0,0,0,0,0,0.02889148144175196,0,0,0,0,0.01362086266348873,0.0298496638146543,0,0,0.01628152853844826,0,0.05670017019865302,0,0,0,0,0,0,0.01458937665978108,0,0,0,0,0.07288431644083596,0,0,0,0,0,1,0,0,0,0.01827850100085835,0,0,0,0,0,0,3,0,0.3333,0,0,0,0,0,0,0,0,0,0,0,0,0,0,0,0,0,0,fully_open
1,0,0.0303,0.1388,60,1978,245,5,20,0,14,0,0,0,0,0.00821723586771424,0.00675419839767603,0,0,0,0,0,0,0,0,0,0,0.00651323532652833,0,0.00575488015148029,0,0,0,0,0,0,0,0,0.02252520408328685,0,0,0,0.06073693036736329,0,0.00923719861026272,0,0.00943804920412104,0,1,0.00925238084533126,0,0,0,0,0,0,0,0,0.06108408435789843,3,0,0.3333,0,0,0,0,0,0,0,0.01051732461986249,0,0,0,0,0,0,0,0,0,0.02126894686805529,closed
0,0,0.0646,0.2654,70,1083,162,8,24,0,19,0.01896561955718042,0,0,0,0.0087250425786404,0,0,0,0.02921610482873794,0.06088969411507952,0,1,0,0.02754781212840417,0.03018505329571783,0,0,0.01646446706135217,0.01222103762505365,0,0,0,0,0,0.01513565896591695,0,0,0,0,0,0,0.01842581033616639,0,0,0.01663601169203519,0,0,1,0,0,0,0,0,0,0.02873570047890826,0,0,0,3,0,0.3333,0.02055574535294456,0,0,0,0,0,0.01905101810660126,0,0,0,0,0,0,0,0,0,0,0,fully_open
0,1,0.0843,0.1786,88,1044,140,10,14,0,11,0,0.02530706606954769,0,0,0.02617512773592122,0,0,0,0.01460805241436897,0,0,0,0,0,0.01509252664785891,0,0,0,0.0244420752501073,0,0,0.01412384298219945,0,0.01507102242109167,0.03027131793183391,0,0.01475330224022806,0,0,0,0,0,0,0,0,0,0.03151514029325335,0,0,0,0,0.01848387741659833,0,0.01727098034667948,0,0.02038207953006039,0,0,4,0,0,0,0,0,0,0,0,0.01905101810660126,0,0,0,0,0,0,0,0,0,0,0,fully_open
1,0,0.0699,0.1359,90,1288,184,8,16,0,9,0,0.01352750078192039,0,0,0.00699575486035131,0.01150039186631325,0,0,0,0,0,0,0,0,0,0,0,0,0.00979884998765563,0,0,0,0.01691276898729461,0,0,0.01500908345876121,0,0.01917686293577124,0,0.01463559955174908,0,0,0,0,0,0.016070191888098,0,0,0,0,0,0,0,0,0,0,0,0,4,0,0,0,0,0,0,0,0,0,0,0,0,0,0,0,0,0,0,0,0,fully_open
0,0,0.0614,0.1325,104,1695,249,14,17,0,16,0,0,0,0.01554821717785685,0.01629081376571321,0.00892687760252287,0,0,0,0,0,1,0,0.00857257090709081,0,0,0.00860840193506192,0,0,0.01189514060111602,0,0,0.01312809340971819,0,0,0.01165040744001744,0,0,0,0.03408150105407304,0,0,0,0.01220860515622136,0,0,0.02942147712691834,1,0,0,0,0,0,0,0,0,0,0,4,0.023300814880034888,0,0,0,0,0,0.0117622979389436,0,0,0,0,0,0.01456957736417744,0,0,0,0.01270683410638003,0,0,0,fully_open
0,0,0.0561,0.252,48,856,123,6,18,0.02650657654890463,13,0,0,0,0,0.02986649190380755,0,0,0,0.03333632474048303,0,0.0566935875164576,0,0,0,0.01722095989306979,0.02792710589480396,0.01578207021428019,0,0,0,0,0,0,0,0,0,0,0,0,0,0,0,0.02230918251379764,0,0,0.02286911922537023,0,0,0,0,0,0,0,0,0,0,0,0.04933714505830258,4,0.04271816061339729,0,0,0,0,0,0.06469263866418984,0,0.02173770014727579,0,0,0,0,0,0.04805268492192013,0,0,0,0,0,fully_open
1,0,0.0465,0.1359,57,1227,184,7,15,0,10,0.03155028300166463,0.01403320174573049,0,0.0727278756777323,0,0.0238606261151546,0,0,0,0,0,0,0,0.01145680037115874,0,0.02035807719434307,0,0,0.02033032427345374,0.01589724398093075,0,0.01174786939640889,0,0.01253571023810429,0,0.1401315362177799,0,0.01989375500813652,0,0.0151827247686369,0,0.01532614130765242,0,0.03263234649233,0,0,0,1,0,0.01892479772332491,0,0,0,0,0,0,0,0,3,0,0.3333,0,0,0,0,0,0,0,0,0,0,0,0,0,0.1186601229561548,0,0.04142817564024286,0,0,fully_open
0,0,0.0854,0.2381,78,913,126,8,17,0,13,0,0.00962533709482797,0,0,0,0,0,0,0,0,0,0,0,0,0,0,0.04734621064284059,0,0,0,0,0,0,0,0,0,0,0,0,0,0,0,0,0,0,0,0,0,0,0,0,0,0,0,0,0,0,0,4,0.04271816061339729,0,0,0,0,0,0,0,0.02173770014727579,0,0.02665950694461328,0,0.05342178366865063,0,0,0,0,0,0,0,fully_open
1,0,0.0953,0.2752,100,1049,149,12,22,0,19,0.01758270979780268,0,0,0,0.01617768311456242,0,0,0,0,0,0,0,0,0.02553911749404137,0,0,0,0,0.02265984059645365,0,0,0,0,0,0,0,0,0,0,0.05076723594512964,0,0,0,0,0,0.07432463748245324,0.05843432262707393,0,0,0,0,0,0,0,0,0,0.01993674065835689,0.04008643035987085,4,0.0347085054983853,0,0,0,0,0,0,0.01942010585482177,0,0,0,0,0,0,0,0,0,0,0,0,closed
1,0,0.0381,0.1298,56,1468,208,7,16,0,11,0,0.012109295054783571,0,0,0,0.01029470562226428,0,0,0,0,0,0,0,0,0,0,0,0,0,0,0,0,0.01513965610959436,0,0,0,0,0.01716638536992425,0,0,0,0,0,0.0140792785269327,0,0,0,0,0.01410241919167425,0,0,0,0,0,0,0,0,0.03103465576248065,4,0.02687110103100798,0,0,0,0,0,0,0,0,0,0,0,0,0,0.04534003335374722,0.01706536714557603,0,0,0.01626940444161599,0,closed
0,0,0.0614,0.1678,59,961,143,7,12,0,12,0,0,0,0,0,0.0187726984876584,0,0.01371579722242175,0,0,0,1,0,0,0,0,0,0,0,0,0,0.01848561802081987,0,0.05917592627105116,0.01980990658774425,0,0.01930946910853379,0,0,0,0,0,0,0,0,0,0,1,0,0,0,0,0,0,0,0,0,0,4,0,0,0,0,0,0.14456712179212006,0,0,0.02493442075716929,0,0,0,0,0,0,0,0,0,0,0,fully_open
0,0,0.0709,0.0757,121,1706,251,15,10,0,9,0,0.01057431399150115,0,0,0,0.00898974293775191,0,0,0,0,0,0,0.02495713861875881,0,0,0,0,0,0.00765966442697024,0.01197890919689852,0,0,0,0,0,0.02346490512566893,0,0.01499036468922963,0,0,0.01277468364912235,0.01154857126703386,0,0,0.01042679606050093,0.02512382112082926,0,0,0.01231478858991273,0,0,0,0,0,0,0,0,0,4,0.05866226281417235,0,0,0,0,0,0.01184513102302067,0,0.0238808536829227,0,0,0,0,0,0,0.01490215159191146,0,0.01560850279403516,0,0,closed
0,0,0.0921,0.1573,110,1195,178,14,16,0,12,0,0.0086296125677768,0,0,0,0,0,0,0,0,0,0,0,0.01409054758291937,0,0,0,0,0,0,0,0,0,0,0,0,0,0,0,0,0,0,0,0,0.0340368974848536,0,0,0,0,0,0,0,0,0,0,0,0,0,2,0,0.6667,0,0,0,0,0,0,0,0.02284798107073577,0,0,0,0,0,0,0,0,0,0,closed
0,0,0.0741,0.3413,67,904,126,9,23,0,20,0,0.01072537561995116,0,0,0,0,0,0.01332391730178113,0,0,0,0,0,0,0,0,0,0.02093339383514776,0,0,0,0,0,0,0,0,0,0,0,0,0,0,0,0,0,0,0,1,0,0,0.02339033022748051,0,0,0,0,0,0,0,3,0,0.3333,0,0,0,0,0,0,0.04844401747107177,0,0,0,0,0,0,0,0,0,0,0,closed
0,0,0.0862,0.1606,113,1311,193,15,19,0.01845993723941573,12,0,0.00670335976246947,0,0.00992587078764968,0,0.01139770979607831,0,0,0,0,0,0,0,0,0,0.00972461723122638,0.01099108461351656,0,0,0,0,0,0,0,0,0,0,0.01900564094527328,0,0,0,0.01464193857070365,0,0,0,0,0,0,0,0,0,0,0,0.01372426116834352,0,0,0.0170886348500202,0,3,0,0.3333,0.01633447621796488,0.01576867609356676,0,0,0,0,0,0,0,0,0,0,0,0,0,0,0,0.07178269567968663,fully_open
0,1,0.0752,0.1707,89,1183,164,12,16,0,12,0,0.00695163234626464,0,0,0.03595040692124982,0.01181984719593306,0,0.01727174465045702,0,0,0.01364845625396201,0,0,0,0,0,0,0,0.03021312079527153,0,0,0,0.06953027250332228,0,0.01247290414783897,0.0154260024437268,0.02431562776630181,0,0,0,0.01679634331643865,0,0.04833656211322824,0,0.01370930593139936,0,0.0519416201129546,1,0,0.01874956811477561,0,0,0,0,0,0,0.0177215472518728,0.01781619127105371,3,0,0.3333,0,0,0,0,0,0,0,0,0.03850817669777473,0,0,0,0,0.01959356968566136,0,0,0,0,fully_open
0,0,0.0443,0.2368,42,949,152,8,19,0,17,0,0,0,0,0,0,0,0,0.02096962362707803,0,0,1,0,0,0.02166507857515231,0.01756705048221539,0,0,0,0,0,0,0,0,0,0,0,0,0,0,0,0,0,0,0.02388072646114729,0,0,0,0,0.03266053800638333,0.02640843735360703,0,0,0,0,0,0,0,3,0,0.3333,0,0,0,0.03171149768343279,0,0,0,0,0,0,0,0,0,0,0,0,0,0,partially_open
0,0,0.0758,0.0796,131,1729,226,15,10,0,8,0.00582048324341054,0.00517776754066608,0,0,0,0.01760749651256236,0,0,0.08069689644075548,0.00934341857972772,0,0,0,0,0.08337319893058615,0,0,0,0,0,0,0,0,0,0.00929016308942489,0,0,0,0,0,0,0.01130963530978489,0,0.01204021060234245,0.03063320773636824,0,0,1,0,0,0.02258376711618808,0.02269055296658278,0,0.01060080862658258,0.01763777477670921,0,0,0,3,0,0.3333,0,0,0,0.01355939900946781,0,0,0,0,0,0,0,0,0,0,0,0,0,0.01386148606228431,closed
0,0,0.0732,0.1494,140,1912,261,17,22,0,17,0,0,0,0,0,0.00802857545384133,0,0.05279287987498184,0.01635366874061431,0,0,0,0,0,0.01689603612150243,0,0,0.00921595955006505,0,0,0,0,0,0.0253079433108898,0,0,0,0,0,0.01021730534744747,0,0,0,0.01098006627257644,0.00931198138736561,0,0,1,0.01099811308029942,0,0,0,0,0,0,0,0,0,4,0,0,0.01150604614095639,0,0,0,0,0,0,0.02500345098306933,0,0.01112591183810418,0,0.07698946522741715,0,0,0,0,0,0,closed
0,0,0.1279,0.28,138,1079,150,14,24,0,18,0,0,0,0,0,0,0,0,0,0,0,1,0,0,0,0,0,0.01395559589009851,0,0.01620004862818658,0,0,0,0,0,0.01586674537069042,0,0,0,0,0,0,0,0,0,0,0,1,0,0.01928527006091206,0,0,0,0,0,0,0,0,4,0,0,0,0,0,0,0,0,0,0,0,0,0,0.01943067455739576,0,0,0.01730549787821281,0,0,0,fully_open
0,0,0.1013,0.2222,89,879,117,9,13,0,13,0,0,0,0,0,0,0,0,0,0,0,0,0,0,0,0,0,0,0,0,0,0,0,0,0,0,0,0,0,0,0,0,0.02175145295095271,0,0,0,0,0,0.0437174994941902,0,0,0.02056331362596564,0,0,0,0,0,0,4,0,0,0,0,0,0,0,0,0.0211942576435939,0,0,0,0,0,0,0,0,0,0,0,closed
0,0,0.0441,0.1649,56,1271,188,8,19,0,12,0.02434529048926526,0.00721900282112097,0,0,0,0.01227445670346895,0,0.01793604252162844,0,0.01302688167365884,0,1,0,0,0,0,0,0,0.02091677593518798,0,0,0.0483470009775289,0.10830677063017508,0,0.01295263123044816,0,0,0,0,0,0.01744235652091706,0,0,0,0,0,0,0,0,0,0,0.01581793355843511,0.03787866687924456,0.04433992069772522,0,0,0,0,4,0.01601931023002398,0,0,0,0,0,0,0,0.03260655022091369,0,0,0,0,0.03923501593320298,0,0,0.01747189689627255,0,0,0,partially_open
0,0,0.0454,0.1079,80,1762,241,12,14,0,12,0,0,0,0,0.01086054251047547,0,0,0.00652219728059216,0,0,0.01030792500299229,1,0,0,0,0.00761648342585562,0,0,0.01521220068013671,0.0594757030055801,0,0,0,0,0,0,0,0,0,0,0,0,0,0,0,0,0.00980715904230611,1,0,0,0,0,0,0,0,0.01268535019703059,0,0,2,0,0.6667,0,0.01235029176559075,0,0,0,0.01303727386057965,0,0,0,0,0,0.01426727852116471,0,0,0.02541366821276007,0.04649805727453832,0,0.04216605900065508,partially_open
0,0,0.0592,0.0505,90,1521,198,10,5,0,5,0,0.02979271005541991,0.03530488717858891,0.00882299625568861,0.01232585380157137,0,0,0.01480435255753459,0,0.02150469355651618,0,1,0,0.01945837523355533,0,0,0.0097698529897925,0,0,0.01350004052348881,0,0.01995273056215478,0,0.0106454047260092,0.04276424279259077,0,0,0,0,0,0.01439686569980456,0,0.02762089263613042,0,0,0,0.0333910415011851,0,0,0,0,0,0.03126493139239233,0.01219934326074979,0,0,0,0.12216816871579686,2,0,0.6667,0,0.01401660097205934,0,0,0.01334927464499155,0,0.01345667151974215,0,0.01650350429904631,0.01403984112903623,0.01653531399267758,0.01619222879782979,0,0,0.02884249646368801,0,0,0,fully_open
0,1,0.0855,0.1718,97,1135,163,15,15,0,13,0,0.00825028893842397,0,0,0,0.01402795051825023,0,0,0,0,0,0,0,0,0,0,0,0,0.05976221695767995,0,0,0,0,0,0,0,0.02885810767868787,0,0,0,0,0.01802084747163526,0.05736646932119396,0,0,0,0,0,0.01921648329414953,0,0,0.05423291505749181,0,0,0,0,0,0,3,0,0.3333,0,0,0,0,0,0,0,0,0,0.0194397800248194,0,0,0,0,0,0,0.02216929836000421,0,fully_open
1,0,0.0412,0.1385,70,1699,231,9,17,0,15,0.00620566228157741,0.01104082784406737,0,0,0.01141954102204406,0,0,0.02057369583363263,0,0,0,0,0,0,0,0.01601701661613756,0,0.01077454094456135,0.00799759079874834,0,0,0.04621404505204968,0,0.01972530875701705,0.00990495329387212,0.01225006076413599,0.00965473455426689,0,0.01103370226119131,0,0.01333827263364246,0,0,0,0,0,0,0,0,0,0.01203914055826203,0.02419213367760664,0.04344905906736875,0.02260466545374227,0,0,0,0,3,0,0.3333,0,0.01298596854764321,0,0,0.02473542066571964,0,0,0,0,0.01300749986954827,0,0.01500162373916584,0,0,0,0.01629711321141906,0,0,partially_open
1,0,0.0746,0.1965,92,1234,173,13,20,0,14,0,0,0,0,0,0.01160494088327974,0,0.00847885646476981,0,0.01231632449145926,0,0,0,0,0,0,0,0.01332125062236675,0,0,0,0,0,0.01219382723161054,0.01224612407242372,0,0.02387352544327814,0,0.01364166825020016,0,0,0,0.01581923850978378,0.01587118670308777,0,0,0,0,0.01589727254334189,0,0,0.02991027436504093,0,0.01397379318958613,0,0,0,0,4,0,0,0,0,0,0,0,0.01694845601875354,0.01541400555897738,0,0,0.03216399967742846,0,0,0,0,0.01651888433829404,0,0,0,fully_open
0,0,0.1017,0.2133,54,531,75,6,9,0,7,0.03591362001253315,0.01597396368928897,0,0,0,0,0,0,0,0,0,0,0,0,0,0,0,0.03117739507362433,0.0231419648644633,0,1,0,0,0,0,0,0,0,0,0,0,0,0,0,0,0.03795300637401868,0,1,0,0,0,0,0,0,0,0,0,0,4,0,0,0.03892470928536312,0.03757641962722292,0,0,0,0,0,0,0,0,0,0,0,0,0,0,0,0,fully_open
0,0,0.0374,0.2,41,1096,155,7,18,0,13,0,0.00843568868984923,0,0,0,0.01434318536135698,0,0.01047948551825482,0,0,0,0,0,0,0,0,0,0,0,0,0,0.01412384298219945,0,0.01507102242109167,0.01513565896591695,0,0.05901320896091226,0,0,0,0.02038207953006039,0,0,0,0,0,0,0,0,0,0,0,0,0,0,0,0,0,4,0,0,0,0,0,0.02209115568958239,0,0,0,0,0,0,0,0,0,0,0,0,0,0,fully_open
0,0,0.047,0.1085,66,1404,212,14,12,0,11,0.00835613930984682,0,0.01468124021287855,0,0,0.02527808905268854,0,0.01846879625989463,0,0,0,1,0,0,0,0,0,0,0,0,0,0.03733728788363617,0,0.01328040589581346,0,0,0.01300043464732968,0,0.01485726245071305,0,0,0,0,0,0,0,0,0,0,0,0.01621111995963996,0,0,0,0,0,0,0,4,0,0,0,0,0,0,0,0,0,0,0.02058853011564193,0,0,0,0,0.02095153986189532,0,0,0,0,partially_open
1,0,0.1293,0.2672,117,905,131,15,18,0,17,0,0.0172592251355536,0.01704373863793947,0,0.01785123654020681,0.01467291376046863,0,0,0,0,0,0,0,0,0,0,0,0,0,0,0,0,0,0,0,0,0,0,0,0.03734601264929077,0.02085063308247557,0,0,0,0,0.04100669654204317,0.04835943941550946,0,0,0,0,0,0,0,0,0,0,0,4,0.0382990405499424,0,0,0,0,0,0.01933343224447052,0,0,0,0.02390162691586018,0,0,0,0,0,0,0,0.02318857644552164,0,closed
0,0,0.049,0.0827,94,1919,266,12,11,0,11,0,0.00493931771971435,0,0,0.01021748407235521,0,0,0.00613601454687288,0,0,0,0,0.01165761080218339,0.00806498447180253,0,0,0,0,0.0071557391357222,0,0,0,0,0.00882448023340236,0,0.01096058068370062,0,0,0,0,0.0119342439353643,0,0,0.01148572721933983,0.01948164527093594,0.03520640722853049,0.01845294398749703,1,0,0,0,0,0,0,0,0,0,0,4,0.05480290341850311,0,0,0,0,0,0.02213169217459126,0,0,0,0,0,0.01370690502024588,0,0,0.04176524064575186,0,0.01458162761021706,0,0,closed
0,0,0.0282,0.2051,34,1206,156,4,18,0,14,0,0.0074334286474909,0,0,0,0.01263904452634427,0,0,0,0,0,0,0,0,0,0,0,0,0.01076903315475025,0,0,0.06222881313939363,0.03717460114039013,0.01328040589581346,0.01333736285115455,0,0,0,0,0,0.01796044631856806,0,0,0,0,0,0,0,0,0,0,0,0,0,0,0,0,0,4,0,0,0,0,0.02279787220786184,0,0,0,0,0,0.02058853011564193,0,0,0,0,0,0,0,0,0,partially_open
0,0,0.055,0.1179,77,1400,195,9,12,0,11,0,0.01283378279310396,0,0.00950168827535696,0.00663699820084612,0,0,0,0,0,0,1,0,0,0,0,0.01052138014285346,0,0,0,0,0.01074377799500642,0.04813634250230004,0,0,0,0,0,0,0,0,0,0,0,0.01265474393667634,0.01524607948358015,0.01198652771837414,0,0,0,0,0,0,0,0,0,0,0.01644571501943419,2,0,0.6667,0,0.01509480104683314,0.03936042894006916,0,0.01437614192537552,0,0,0,0,0,0,0,0.01601756164064004,0,0,0,0,0.01717876477804466,partially_open
0,0,0.0422,0.0617,118,2798,389,14,13,0,11,0,0.02002070115724218,0.00659024560666993,0,0.05867106409547972,0.01702057996214362,0,0,0,0.04214919937077172,0,0,0,0.00544834506539549,0,0,0.0054711176742838,0,0,0,0,0,0,0,0.0059869939909627,0,0,0,0,0,0,0,0,0,0.01316093369414339,0,0,0,0.01554399982015651,0,0,0,0,0.00683163222601988,0.0113665659672126,0,0,0,2,0,0.6667,0.00813093927294251,0,0,0.00873827936165703,0,0,0,0,0,0,0,0,0,0,0,0,0,0,partially_open
1,0,0.0641,0.1893,82,1279,169,11,19,0,13,0,0.01457818045430255,0,0,0,0,0,0.01811017885678988,0,0,0,0,0,0,0,0,0,0,0,0,0,0.03661229200240053,0,0.0260450678733429,0.01307838493171465,0.01617483751381062,0.02549599804621937,0,0,0,0.01761169978811043,0,0,0,0,0,0,0,0,0,0,0,0,0.02984693690979561,0,0,0,0,3,0,0.3333,0,0,0,0.01908847433371682,0,0,0,0,0,0.01717495128406374,0,0,0.03638941188261913,0.02054471384515948,0.01764152696322665,0,0,0,closed
0,0,0.0896,0.0508,66,737,118,6,3,0,3,0,0,0,0,0,0,0,0.01528974116597834,0.04262677589766683,0,0,0,0.02904847281855533,0,0.04404048759539159,0.03571006983270015,0,0.02402192735180891,0,0,1,0,0,0,0.02208317455682966,0,0,0.03489560304705914,0,0,0,0,0,0,0,0,0,0,0,0,0,0,0,0,0,0,0,0,3,0,0.3333,0,0,0,0,0,0,0,0,0,0,0,0,0,0,0,0,0,0,fully_open
0,0,0.0417,0.0584,128,3070,445,15,15,0.00820441655085143,11,0.00669817516106769,0,0.00588414786309815,0.02646898876706583,0.00308146345039284,0.00506564879825702,0,0.01480435255753459,0.01031838622919712,0.02150469355651618,0,0,0.01406314953914186,0.00972918761677766,0.01066059421951939,0.01728820841106912,0,0,0.01726464045444087,0.0067500202617444,0,0,0.00744967205392738,0,0,0.00661114390445434,0,0,0.0059546964584207,0,0,0,0,0.00692789895769704,0.01762625048322776,0,0.00556517358353085,0,0,0,0,0,0,0.00609967163037489,0,0,0,0,3,0,0.3333,0,0,0,0,0,0.05178694894619139,0,0,0,0,0.00826765699633879,0,0,0,0.007210624115922,0,0,0.00797585507552073,fully_open
0,1,0.0735,0.3036,65,884,112,7,18,0,16,0,0.02815411100237181,0,0,0,0.03191358742901928,0,0,0,0,0,0,0,0,0,0,0,0,0.01359590435787219,0,0,0,0,0.01676651244346449,0.03367684119916524,0,0.01641304874225372,0,0.01875729384402523,0,0,0,0,0.02182288171674569,0,0,0,0,0,0,0.0409330778980909,0,0,0,0,0,0,0.14431114929553504,3,0,0.3333,0,0,0,0,0,0,0,0,0,0,0.02604311953846718,0.05100552071316387,0,0,0.06814039789546293,0,0,0,fully_open
0,0,0.0988,0.2378,98,992,143,14,21,0,13,0.02813233567648429,0,0,0,0,0,0,0,0,0,0,0,0,0,0,0.09681396710198709,0,0.01628152853844826,0,0,1,0,0,0,0,0,0.01458937665978108,0.02365146428745119,0,0,0,0,0,0,0.01645116711767924,0,0,1,0,0,0,0.01827850100085835,0,0.01707908056504971,0,0,0.02126585670224736,0,3,0,0.3333,0,0.01962324136088308,0,0,0,0,0,0.02208638170171124,0,0,0,0,0.02082283013283206,0,0,0,0.02241562389733759,0.02233239421145806,fully_open
1,0,0.0579,0.1867,72,1244,166,8,23,0,8,0.00803781019328122,0.00715025041330077,0,0,0,0.01215755711581687,0,0,0,0,0,0,0,0.0116750251401332,0,0,0.011723823587751,0,0,0,0,0,0,0,0,0,0,0.02027268367495817,0,0.0309438390522695,0,0.03123613561750113,0,0,0,0,0,0,0.01665428552159626,0,0,0,0,0,0,0,0,0.03665045061473906,4,0,0,0,0,0,0,0.01601912957398986,0,0.01614800582369059,0,0.03960841031771116,0,0.01984237679121309,0,0.0356962802277121,0,0,0,0,0,partially_open
0,0,0.10780000000000001,0.1616,155,1438,198,20,18,0,14,0,0.00676375039096019,0,0,0,0.01150039186631325,0,0.06721976296394085,0.08198933922659339,0,0,1,0.04789072545761826,0,0.0847085054199649,0,0,0,0,0,0,0,0,0,0,0,0,0,0,0,0,0.01477384792719647,0,0.01572820303909599,0,0,0,0,0,0,0.08850395221208844,0,0,0,0,0,0,0,4,0,0,0,0,0,0.03542545687158257,0,0,0,0,0,0,0,0,0,0,0,0,0,0,partially_open
0,0,0.0936,0.1366,115,1228,161,15,11,0,11,0.00746876168402238,0.02657615197864006,0,0,0,0,0,0,0,0.01198934242531433,0,0,0,0,0,0,0,0,0,0,1,0,0,0,0,0,0,0.01883744943248325,0,0,0,0,0,0,0,0,0,1,0,0,0,0,0,0,0,0.01605314228473783,0,0,4,0,0,0,0,0,0,0,0,0,0,0,0,0.01843760675289712,0,0,0,0,0,0,0,partially_open
0,0,0.0562,0.2303,73,1299,178,11,22,0,19,0.00760333396661737,0,0,0,0.01399150972070263,0,0,0.0084024703704926,0,0.01220536661315783,0,0,0,0.01104394270012599,0,0,0.02218020678763703,0,0,0,0,0,0,0,0,0.06003633383504485,0,0,0,0.04390679865524726,0,0.01477384792719647,0,0.01572820303909599,0,0,0.0252688962711671,0,0,0.05472846909177747,0,0,0,0,0,0,0,0,4,0.01500908345876121,0,0.03296326732273993,0,0,0,0,0,0,0,0,0,0,0,0,0,0,0,0.01817483018703047,0,closed
0,0,0.0302,0.224,40,1324,192,6,24,0,19,0.02182681216278954,0,0,0.01916719876235802,0.00669421370257755,0,0,0,0.01120790228343826,0.01167927322465965,0.02541436681772237,1,0,0.01056791068718953,0.01157961096258141,0.0187785712051268,0,0,0.00937648576404978,0.0146638371203413,0,0,0,0,0,0,0,0,0,0,0,0,0.01500100203513979,0,0,0,0,1,0,0,0,0,0,0,0,0,0,0,4,0.0143621402062284,0,0,0,0.01984987149132798,0,0.01450007418335289,0,0,0.01713598580305183,0,0,0,0,0,0,0,0.01910696031683615,0,0,fully_open
0,0,0.0769,0.0731,130,1690,260,18,10,0,9,0.00586090326593422,0.0312823455581909,0.01029725876042176,0.01544024344745507,0.01617768311456242,0,0,0.01295380848784276,0,0.00940830343097583,0.01023634219047151,0,0,0,0,0.04538154707905643,0,0,0,0.03543760637415814,1,0,0.01303692609437292,0,0,0,0,0,0,0,0,0,0,0,0,0,0.00973905377117898,1,0,0,0.01137029941613636,0,0,0,0,0,0,0,4,0,0,0,0,0,0,0,0,0,0,0,0,0,0,0,0,0,0,0,0,fully_open
0,0,0.0661,0.0885,119,1799,226,14,10,0,10,0,0,0,0,0,0,0,0,0,0,0,0,0,0,0,0,0,0.00976891712306895,0,0,0,0.02514044050831503,0,0,0,0,0.00875362599586865,0,0.02000778010029358,0,0,0,0.01160077490717477,0,0.00987070027060754,0,0,0,0,0,0.02183097487898181,0,0,0,0,0,0.02551902804269683,0,4,0,0,0,0,0,0,0,0,0,0.03975548706308024,0,0,0,0,0,0,0,0,0,0,closed
1,0,0.0723,0.092,94,1301,174,13,8,0,8,0,0.00658575695961913,0,0.01950346540731166,0,0,0,0.0163627054583277,0,0,0,0,0,0,0,0,0,0,0.00954098551429627,0,0,0,0,0,0,0,0,0.01867220864798778,0,0.01425045219512411,0,0.01438506245542814,0,0,0.01298776351395729,0,0,0,0,0,0,0,0,0,0,0,0.01678883423861633,0.03375699398725966,2,0.01461410757826749,0.6667,0,0.01549203265332874,0,0,0.0147544614497275,0,0,0,0,0,0,0,0.01643907642065688,0,0,0,0,0,closed
0,0,0.0354,0.0671,70,1979,313,9,11,0,10,0.00620566228157741,0.01656124176610107,0,0,0.04567816408817625,0,0,0.02057369583363263,0,0.00996173304456264,0.0650308797982896,1,0,0,0,0.00800850830806878,0.0090514814464254,0,0,0.02501478096999398,0,0,0.01380380409992427,0,0,0,0,0,0,0,0,0,0,0,0.01088680176905244,0.01311611249690351,0,1,0,0,0,0,0,0.01130233272687113,0,0.01333827263364246,0.01407299340589898,0,3,0,0.3333,0.02690384318253038,0,0,0,0,0,0.01246721037858464,0,0,0,0,0,0,0,0.01336086233244371,0.04889133963425721,0,0,fully_open
0,1,0.0606,0.1809,86,1419,188,10,20,0,14,0,0.0246156161769371,0,0,0,0,0,0.00764487058298917,0.0106566939744167,0.01110488273820098,0,0,0,0,0.01101012189884789,0,0,0.01201096367590445,0,0,0,0.01030345922471927,0,0,0.02208317455682966,0,0.02152530982590652,0,0,0,0,0,0.0570529913467612,0.01431008637163651,0,0,0,1,0.01433360639153777,0,0.01342068127806259,0,0,0.01259932172831536,0,0.01486889408340471,0,0,3,0,0.3333,0,0,0,0.01611567915059699,0,0,0,0,0,0.01450016378900463,0,0,0,0,0,0,0,0,fully_open
0,0,0.0726,0.1016,91,1253,187,14,10,0,9,0,0,0,0,0,0,0,0,0,0.01328231072608352,0,0,0,0.01201840823249005,0,0,0,0,0,0,0,0.01232374534721324,0,0,0,0,0,0,0,0,0,0,0,0,0,0,0,1,0,0,0,0,0,0,0,0,0,0,3,0,0.3333,0,0,0.02257436365680437,0,0,0,0.01662294717144619,0,0,0,0,0,0,0,0,0.04345896856378418,0,0,fully_open
0,0,0.0372,0.1925,51,1371,187,6,22,0,14,0,0,0.01289395879565856,0.00966693502797187,0.00675242425651301,0,0,0,0.01130536230329424,0.02356166424453077,0,0,0,0,0.01168030323182125,0,0,0.01274206581269864,0,0,0,0,0,0,0,0,0,0,0,0,0,0.01425997495581573,0,0,0.01287482643992288,0,0,1,0.01520608678058789,0,0,0,0,0,0.02223893341411161,0,0,0.01673172745455478,3,0,0.3333,0,0,0,0.06838653413470723,0,0,0,0,0,0,0,0.0177410506828396,0,0,0,0,0,0,partially_open
1,0,0.059,0.0838,76,1289,191,11,8,0,8,0,0.01317151391923827,0,0.01950346540731166,0,0,0,0,0,0,0,0,0,0.0430132505162802,0,0,0,0,0,0.01492109742069816,0,0,0.06587078447683163,0,0,0,0,0,0,0.01425045219512411,0.0159123252471524,0.02877012491085629,0,0,0,0,0,0,0,0,0,0,0,0,0,0,0,0,3,0.05845643031306998,0.3333,0,0.01549203265332874,0,0,0,0,0,0,0,0,0,0,0,0.05568698752766914,0.01593927436151179,0,0.03539309036421725,0,fully_open
0,0,0.061,0.1892,67,1098,148,9,14,0,14,0,0.0153219651713588,0,0,0,0,0,0,0,0,0.03008231174342647,0,0.03616238452922194,0,0,0,0,0,0,0,0,0.01282675536138521,0,0,0,0,0,0,0,0,0,0,0,0,0,0,0,0,0,0,0,0,0,0,0,0,0.01952986840002308,0,4,0,0,0,0,0,0,0,0,0,0,0,0,0,0,0.01912300726484576,0,0,0,0,0,fully_open
0,0,0.1019,0.1286,111,1089,140,13,10,0,8,0.00907494699241429,0,0,0,0,0,0,0.01002875495832988,0,0.01456769563505935,0,1,0,0.01318147999692458,0,0,0,0,0,0,0,0,0,0,0,0.01791406735400532,0,0,0,0,0,0,0,0.0187723713692436,0,0,0,0,0,0,0,0,0,0,0,0,0,0,4,0,0,0,0,0,0,0,0,0,0.04274783555169919,0,0,0,0,0,0,0,0,0.02169253925548799,0,partially_open
1,0,0.0817,0.2568,90,1102,148,12,20,0,18,0,0.00721900282112097,0,0,0.00746662297595188,0,0,0,0,0,0,0,0,0,0,0,0,0,0,0,0,0,0,0,0.01295263123044816,0,0,0.02046761332567892,0,0.03124137596623362,0,0.03153648307536171,0,0,0,0,0,0,0,0,0,0,0,0,0,0,0,0,4,0.01601931023002398,0,0,0,0,0,0,0.01792625155829702,0,0.01911321493417319,0,0,0,0,0.01801975684572005,0,0,0,0,0,closed
0,0,0.0728,0.3846,55,756,104,7,23,0,17,0.02557485061498573,0,0,0,0,0.01934156813879957,0,0,0,0,0,1,0,0,0,0,0,0.02220208437061126,0,0,0,0,0,0,0,0.02524254945337113,0.03978920907213024,0,0,0,0,0,0,0,0,0,0,0,0,0.03068111146054191,0,0,0,0,0,0,0,0,4,0,0,0.02771911115775858,0,0,0,0,0,0,0,0,0,0,0,0,0,0,0,0,0,fully_open
0,0,0.0476,0.1604,70,1470,212,8,19,0,15,0,0.00664403799466001,0,0,0,0.01129684510761744,0,0.02476126224224812,0,0.071936054551886,0,0,0,0,0,0,0,0,0,0,0,0,0,0,0,0,0,0,0,0,0,0.0145123638930868,0,0,0,0,0,0,0.03095044211978067,0,0,0,0,0,0,0,0,0,4,0,0,0,0,0,0,0,0.09899098205643664,0,0,0,0,0,0.01805505157988101,0,0,0,0,0,0,fully_open
1,0,0.045,0.0925,73,1624,227,8,11,0,10,0.02344361306373691,0.02085489703879393,0,0.00772012172372753,0.01078512207637494,0.0088648853969498,0,0,0,0,0,0,0,0.00851303916468045,0,0,0.01709724273213687,0,0,0,0,0,0,0,0,0,0,0.05912866071862799,0,0.01128160798780658,0.01259725748732899,0.02277634888776123,0.01208414052830706,0.01212382317596982,0,0,0.00973905377117898,0,0.01214374985949727,0,0,0,0,0,0,0,0,0.06681071726645142,4,0,0,0.01270459261397268,0,0,0,0,0,0,0,0.01444056626166552,0,0,0,0,0.01469517726424602,0,0,0,0,closed
0,0,0.104,0.1667,110,1058,150,14,13,0.02067512970814562,12,0,0.01501552586793163,0,0,0.01553057578997992,0,0,0,0,0.01354795694060519,0,0,0,0,0,0,0,0,0,0,1,0,0,0,0,0,0,0,0,0,0,0,0,0,0,0.01783791299578878,0.02804847486099548,1,0.06994799919070432,0,0,0,0,0,0,0,0,0,2,0,0.6667,0.01829461336412066,0,0,0,0,0,0,0,0,0,0,0,0,0,0,0,0,0,fully_open
0,1,0.0592,0.1786,81,1368,196,11,20,0,15,0.06194275745280947,0,0,0,0.00712411733485317,0.01171140823083276,0,0,0,0,0,0,0,0.03373975155176108,0,0.00999226724676472,0,0,0,0,0,0,0,0,0,0,0,0.01952873198046429,0.01376682116992677,0,0,0.01504492770567714,0.03192873827662783,0.01601679392054729,0,0,0.02573254574403255,0,0,0.01857755372840152,0,0,0.0361411133526737,0,0,0.01664224842362729,0,0.05295821992496699,3,0,0.3333,0,0,0,0,0.03086254321594378,0,0,0,0,0,0,0,0.01719316249499894,0,0,0,0,0,fully_open
0,0,0.0407,0.1105,53,1303,181,7,11,0,9,0,0,0.01412195487143556,0,0,0,0,0,0,0.01290281613390971,0,0,0.13500623557576194,0,0,0.01037292504664147,0,0,0,0,0,0,0,0,0,0,0,0,0,0,0,0,0,0,0.01410100038658221,0,0,0,0,0,0,0.0313345731443286,0,0,0,0,0,0,3,0,0.3333,0,0,0,0,0,0,0,0,0,0,0,0,0,0,0,0,0,0,partially_open
1,0,0.1599,0.4242,107,669,99,13,24,0,18,0.0122314502941236,0.01088081584632727,0,0,0,0,0,0,0,0,0,0,0,0.01776634260455052,0,0,0,0,0,0,0,0,0,0,0,0.02414504730322456,0,0,0,0.04708845073171445,0,0,0,0,0,0.05170409563996748,0,1,0,0,0,0,0,0,0,0,0,0,3,0.04829009460644912,0.3333,0,0,0,0,0,0,0,0,0,0,0,0.02956841780473267,0,0,0,0,0.02923777030087511,0,closed
1,0,0.0636,0.1597,104,1636,238,13,20,0,18,0,0.00540126829781713,0.01066766375180384,0,0,0.00918376616662425,0,0,0,0,0,0,0,0.00881926359506464,0,0,0,0.01054199689539815,0,0,0,0.00904332392385432,0,0,0,0.01198567096347118,0,0.01531389774007631,0,0.02337484244955609,0,0,0,0,0.01065183482439663,0,0,0,0,0,0,0,0,0,0,0,0.01376925973526807,0,4,0,0,0.01316159234828824,0,0,0,0,0,0,0,0.02992002218244368,0,0,0,0.0404472239990263,0,0.01307249839721111,0,0,0,closed
0,0,0.1041,0.312,91,874,125,12,22,0,17,0,0,0,0.01425253241303545,0,0,0,0,0,0.01736917556487845,0,0,0,0,0,0,0.01578207021428019,0,0,0,0,0,0,0,0,0,0,0,0,0,0,0,0,0,0,0,0,0,0,0,0,0,0,0,0,0,0,0,4,0,0,0,0,0,0,0,0,0,0,0.02665950694461328,0,0,0,0,0,0,0,0,0,closed
0,0,0.0432,0.1364,61,1412,198,8,15,0,12,0,0,0,0,0.03106115157995985,0,0,0,0,0,0,0,0.02835130947091,0,0,0,0,0,0,0,0,0.01005617620332601,0.01501853886071761,0,0,0,0.01050435119504238,0,0,0,0,0,0,0,0,0,0.04487755977759278,0,0,0,0,0,0,0.01229693800683579,0,0,0,0.03078637851638081,3,0.02665613222275991,0.3333,0,0,0,0.01572890285098266,0.04036820652645446,0,0,0,0.03327106466687737,0,0,0.01632176662821244,0,0,0.01453661821769876,0,0,0.0160793238322498,fully_open
0,0,0.0777,0.1445,96,1236,173,13,13,0,12,0,0.00782058638954772,0.01544588814063265,0.0115801825855913,0,0,0,0,0,0.04233736543939123,0,0,0,0.02553911749404137,0,0.0113453867697641,0.01282293204910265,0,0.01132992029822682,0.01771880318707907,0,0,0,0,0,0,0,0,0,0,0,0,0,0,0,0,0,1,0,0,0,0,0,0,0.02664038898565453,0,0,0,3,0,0.3333,0,0,0,0,0,0,0,0,0,0,0,0,0,0,0,0,0,0,fully_open
0,0,0.1112,0.2177,118,1061,147,15,18,0,14,0,0,0,0,0,0,0,0.03143845655476447,0.02921610482873794,0.03044484705753976,0,0,0.0199096274374368,0,0.03018505329571783,0,0,0,0,0,0,0.01412384298219945,0,0.01507102242109167,0.01513565896591695,0,0,0,0,0,0,0,0,0,0.01663601169203519,0,0,1,0.01964831437941132,0,0,0,0,0,0,0,0,0,3,0,0.3333,0,0,0,0,0,0,0,0.0223345432938653,0,0,0,0,0,0,0,0,0,0,partially_open
0,0,0.035,0.1898,74,2115,295,10,33,0,23,0,0,0,0.00628077699557494,0,0.00721211015345068,0,0.02107738330225263,0,0.00765421296079389,0,0,0,0,0,0,0,0,0,0,0,0,0,0.00757808472020994,0,0,0,0,0,0,0,0.00926495547976728,0,0,0,0.01007791694677332,0,1,0.00987966090264185,0,0,0,0,0,0,0,0,0,4,0,0,0.01033593975374048,0,0,0,0,0,0,0.01123036357714131,0,0,0,0,0,0,0,0,0,0,closed
0,0,0.0582,0.1759,83,1426,199,11,21,0,14,0,0,0,0.00966693502797187,0,0,0,0.00811021053151895,0,0.01178083212226538,0,0,0,0,0,0,0,0,0,0,0,0,0,0.01166366083023616,0,0,0,0.01850984161626615,0,0,0.01577395720152499,0,0,0,0,0,0,1,0,0,0,0,0,0,0,0,0,0,4,0,0,0,0,0,0,0,0,0,0,0,0,0,0,0,0,0,0,0,0,partially_open
1,0,0.0827,0.1905,63,762,105,8,11,0,9,0,0,0,0,0,0.01905288801732494,0,0.02784102122760236,0,0,0,0,0,0,0,0,0,0,0.01623391565119067,0,0,0.01876152276739927,0,0.04003943270081073,0.02010557683532253,0,0.01959767014000444,0,0.02239676876898534,0,0,0,0,0,0,0,0,1,0.026099999698024,0,0.02443765844662143,0,0,0,0,0.0541494053186679,0,0,4,0,0,0,0,0,0.11737987202225866,0,0,0,0,0,0,0,0,0,0.03158366456793175,0,0,0,0,partially_open
0,1,0.051,0.1517,62,1216,178,11,15,0,12,0.00746876168402238,0.0465082659626201,0,0,0,0.01129684510761744,0,0.02476126224224812,0,0,0,0,0,0,0,0,0.01089381837799871,0,0.00962541901442278,0,0,0,0,0,0,0,0.02323971503327961,0,0,0,0.01605314228473783,0,0,0,0,0,0,0,0,0,0.02897917019333869,0.01455809814227656,0,0.02720561505937123,0,0,0,0,4,0,0,0,0.015629130287429,0.0203768592300358,0,0,0,0,0,0,0,0.01843760675289712,0,0,0,0.01608032988683491,0,0,0,fully_open
1,0,0.0477,0.1457,73,1530,199,9,15,0,14,0.01250326030065968,0.01112261175402343,0,0,0.01150413021479994,0.00945587775674645,0,0,0,0.01003552365970755,0.02183753000633922,0,0,0,0,0,0,0,0,0,0,0,0.05562421800265783,0,0.00997832331827118,0,0,0.01576764285830079,0,0.03610114556098108,0,0.01214738607347266,0,0,0,0.02642653777153893,0.01038832402259092,0,0,0.01499965449182049,0,0.01218566733390556,0,0,0,0,0,0,4,0.07404481172988865,0,0.01355156545490419,0.02616432181451077,0,0,0.03737796900597635,0,0.01255956008509268,0,0,0,0,0,0,0.01567485574852909,0.0134598316830544,0,0,0,fully_open
0,0,0.058,0.3548,47,811,124,7,25,0,19,0,0,0,0,0,0,0,0,0,0,0,0,0,0,0,0,0,0,0.01510656039763576,0,0,0,0,0.0186294582705161,0,0,0.01823672082472635,0,0,0,0,0,0.04833656211322824,0,0,0,0,0,0,0,0,0,0,0,0,0,0,0,4,0,0,0,0,0,0,0,0,0,0,0,0,0,0,0,0,0,0,0,0,partially_open
0,0,0.0472,0.0858,82,1736,233,10,11,0,9,0,0.01434604382286461,0.02833385850001403,0.00708087597590296,0.01978417298086614,0.01626170060077416,0,0,0.01656199573094061,0.0086292719366912,0,1,0,0,0.01711127225043877,0,0,0.0093333603086646,0,0.0108344274264942,0,0.00800650971602389,0,0,0.00858008692972362,0.02122303520920375,0.00836333693872801,0,0,0,0,0,0.01108354290494405,0,0,0,0.03573054122419807,1,0,0.02579558415790785,0,0,0,0.01958111147585317,0,0.03466251741736385,0,0.01225572393168026,4,0,0,0.01165261997714692,0,0,0.01252301182403078,0.01071343060680851,0,0.01079962172921982,0,0,0,0,0,0,0,0,0,0,0,fully_open
0,0,0.0925,0.1257,113,1222,191,12,12,0.02176329442962696,12,0.00888389547678451,0,0,0.081914554710709,0,0,0,0,0.02737087715534396,0.0142610073059002,0,0,0,0,0.02827862887704091,0,0,0,0,0,1,0,0.01976123534304949,0,0,0,0,0,0,0,0,0,0,0,0,0,0,1,0,0,0,0,0,0,0,0,0,0,4,0,0,0,0.01859043918399449,0.02423773782098995,0,0,0,0,0,0,0,0,0,0,0.02227479501106765,0,0,0,0,partially_open
1,0,0.0625,0.1759,93,1489,199,11,18,0,17,0.03458893730715282,0.03076952022117137,0,0.00911227482144889,0.00636499007786062,0,0,0.00764487058298917,0.0106566939744167,0.01110488273820098,0,0,0,0,0.01101012189884789,0.02678255237452511,0.02018035207727631,0,0,0,0,0,0.04616354158007463,0,0,0,0,0.01744780152352957,0,0.02663199262695325,0,0,0,0,0.01213610689009124,0,0.0114952765823752,0,0,0,0.01342068127806259,0.0674207004130021,0,0.01259932172831536,0,0,0,0,4,0.0682790272099383,0,0,0,0,0.03223135830119398,0,0,0,0,0,0.01450016378900463,0,0,0,0,0,0,0.03307223197967841,0,partially_open
1,0,0.1021,0.1381,144,1411,181,16,14,0,11,0,0.01112261175402343,0,0,0,0,0,0,0,0,0,0,0,0,0,0,0.00911852945713966,0,0,0,0,0,0,0,0,0,0,0,0,0.03610114556098108,0,0,0,0,0,0.02642653777153893,0,0,0,0,0,0,0,0,0,0,0.01417723780149824,0.02850590603368593,4,0.01234080195498144,0,0,0,0,0,0.01245932300199211,0,0,0.02944850893561499,0,0,0,0,0,0,0,0,0,0,partially_open
0,0,0.0645,0.1712,105,1629,222,12,21,0,17,0.00644251962056892,0,0,0.01697248134682084,0.00592770068319844,0,0,0,0.01984910938746318,0.0103419518630574,0.01125216240784654,0,0.02705277621270038,0,0.02050740262075486,0.00831417656410194,0.00939695783751034,0,0.00830284235595248,0,0,0,0.01433066685182978,0,0.01028300494630999,0,0.01002323587313204,0,0,0,0,0.01251829862533442,0,0,0.02260465710826155,0,0,1,0,0,0,0.02511549755843132,0,0.01173371947217155,0,0,0,0,2,0,0.6667,0,0,0,0.04502548526044655,0,0,0,0,0,0,0,0,0,0,0,0,0,0,fully_open
0,0,0.0948,0.175,152,1604,240,18,23,0,19,0,0,0,0,0,0,0,0.00752156621874741,0.01048481181353901,0.01092577172629451,0.01188736512441852,1,0.04286992359512601,0,0.02166507857515231,0,0,0.0236344769106507,0,0,0,0,0,0,0,0,0.03176719111403946,0,0,0,0,0,0,0,0.02388072646114729,0,0,0,0,0,0.01320421867680351,0,0,0,0,0,0,0,2,0,0.6667,0,0,0,0.01585574884171639,0,0,0.01367371460877025,0,0,0.01426629017950456,0.0336040252109254,0.01645339377843995,0,0,0,0,0,0,partially_open
1,0,0.0347,0.0398,53,1529,201,8,4,0,4,0.00664543362436636,0,0,0,0.02445759966925972,0.03015457079907334,0,0.00734389142617857,0.01023713909353415,0,0,0,0.01395241607820374,0,0.01057665253275152,0.00857604039289255,0,0,0,0,0,0.00989781122374607,0,0,0.01060687911784731,0,0.01033892834157715,0,0,0,0,0,0,0,0.04663322962491754,0,0,0,0,0,0,0.02590653685161026,0,0,0.06041285061313786,0,0,0,2,0,0.6667,0,0,0,0,0,0.0146797650556133,0,0,0,0.01392929119888634,0,0,0,0,0,0,0,0,fully_open
0,0,0.0601,0.0823,92,1530,231,11,11,0,8,0,0.02502587644655272,0,0,0,0,0,0.01554457018541131,0,0,0,0,0,0,0,0.018152618831622572,0,0,0.02719180871574438,0,0,0.01047518354513126,0,0.02235534992461932,0.01122561373305507,0,0.01094203249483581,0,0,0,0.01511670898479478,0,0.01450096863396847,0,0,0,0.01168686452541478,0,0,0,0.01364435929936363,0,0.03282817796201195,0.01280931042378728,0,0.03023341796958957,0,0,3,0,0.3333,0,0,0.01918820910828371,0,0.01401673837724113,0.03107216936771483,0.02825901019145853,0,0,0,0,0,0.03123424519924808,0,0,0,0,0,closed
0,0,0.042,0.1613,74,1762,248,8,23,0,17,0.00566422865969482,0,0,0,0,0.00856740602121323,0,0,0.00872561520052911,0,0,1,0,0.00822736670948983,0.00901499913865398,0,0,0,0,0,0,0.00843638943232047,0,0.00900215433206147,0.00904076273803093,0.01118126351625835,0.00881237516362616,0,0,0,0,0,0,0,0,0,0,1,0,0.01359029098252192,0,0,0,0,0,0,0,0,3,0,0.3333,0,0,0,0.01319538829780424,0,0,0.01137946719119135,0,0,0,0,0.04107827171529975,0,0,0,0,0.01353963859570727,0,fully_open
1,0,0.055,0.12,77,1399,200,9,13,0,11,0,0.00630904448232421,0,0,0,0,0,0,0,0,0,0,0,0.02060298554141152,0,0,0,0.01231376107949868,0,0,0,0.01056321029761135,0,0,0,0,0,0.01788766206613955,0.01260994544136149,0,0,0,0,0,0,0,0,0,0,0.01701641475962828,0,0,0,0.01291695168785272,0,0,0.01608342103531312,0,4,0.04200020833418054,0,0,0,0,0,0.02826905218939388,0,0,0,0,0,0,0,0.03149671784798126,0,0,0,0,0,partially_open
0,0,0.0955,0.1361,132,1382,191,17,14,0,12,0.01329086724873273,0.02364649742981359,0.03502689594096223,0.05252114306535898,0,0,0,0,0,0,0,1,0,0.0096525798402676,0,0.00857604039289255,0.01938585002698984,0,0,0,0,0,0,0,0,0.02623635061295267,0,0,0,0,0,0,0.01370170264626942,0,0,0,0,0,0,0,0,0,0,0,0,0,0,0,4,0,0,0,0,0,0,0.03973248673863628,0.0146797650556133,0,0,0.01637355544629792,0,0,0,0,0.03332449647325082,0,0,0,0,partially_open
0,0,0.0993,0.1667,86,866,120,9,11,0,9,0,0,0,0,0,0,0,0.0121126520925283,0,0,0,0,0,0,0,0,0,0.01903035803195251,0,0,0,0.01632496136903573,0,0.01741975318801505,0,0.0216364709600324,0.03410503634754021,0,0,0,0.0235585075087711,0,0,0,0,0,0,0,0,0.02629809553760735,0.0637918097113105,0,0,0.03992512339881752,0,0,0,0,4,0,0,0,0,0,0.07660179959894153,0,0,0,0,0,0,0,0.02649637439644876,0,0,0,0,0,0,fully_open
0,0,0.0576,0.108,112,1945,250,13,14,0,13,0.04662818067925574,0.02073967661316524,0.01638458852486999,0,0,0,0,0,0,0,0,0,0,0.00677280463930378,0,0,0.00680111313101577,0,0,0,0,0.00694487306859531,0,0,0,0.00920446554653312,0,0.01176039660701993,0,0,0,0,0.00961390185677467,0,0.00818013834580735,0,0,0,0,0.02237517520879299,0.00904598406587644,0,0,0,0,0,0,0,4,0,0,0,0,0,0,0,0,0,0,0,0.01954718212440404,0,0,0.01035389343621483,0,0,0,0.01114589033569272,0,closed
0,0,0.0463,0.0514,124,2678,428,17,12,0,10,0,0.00362693861544242,0,0,0,0,0,0.00450567251751052,0.03140378417581735,0,0,0,0.00856017798034722,0.00592211420151684,0.0129781147020236,0,0,0,0,0,0,0,0,0,0.0130152043281798,0,0.00634320724338308,0,0,0.0078480751219524,0.00876330955640277,0,0,0,0.00715268135551271,0,0,0,0,0,0.01581954701375493,0.00794717434819928,0,0,0.04941985203135914,0,0,0,4,0,0,0,0,0,0,0,0.00900642590368546,0.02457305234039872,0.00960277465291793,0,0,0,0,0,0,0,0,0,0,fully_open
1,0,0.0747,0.117,148,1982,282,19,18,0,15,0.0045132089320563,0.02007423244375886,0,0.00594490656800409,0.01661024148660954,0,0,0,0,0,0,0,0.00947570503706885,0.00655549539954003,0,0,0.01974868679220089,0,0,0,0,0,0,0,0,0.01781827020237962,0,0,0,0.05212464867093525,0,0,0,0,0,0.00953899090683891,0.04499755325293394,0,0.00935133679020111,0,0,0,0,0,0,0,0,0,4,0.02672740530356943,0,0.01956643140547664,0,0,0,0.0179893968477961,0.00996968001103149,0,0.01062980937515514,0,0,0.01114144151378275,0,0,0,0,0.01185244597194114,0.0107882681858844,0.03224463335344212,partially_open
0,0,0.0571,0.1489,81,1419,188,10,14,0,14,0.00740324623065376,0.01317151391923827,0.01300706369737486,0,0.01362331209647361,0,0,0,0,0,0,0,0.01554348106957785,0,0,0.0095540099113803,0.01079825856766539,0.01285383831982757,0.00954098551429627,0.01492109742069816,0,0,0,0,0,0.01461410757826749,0,0,0.01316301322387735,0,0,0,0,0,0,0,0.07381177594998813,1,0,0,0.01436248347301435,0,0,0,0,0.0159123252471524,0,0,2,0,0.6667,0,0,0,0,0.0147544614497275,0,0,0,0,0,0,0,0,0,0,0.03888434029391216,0,0,fully_open
1,0,0.0766,0.2688,88,1149,160,11,27,0,16,0.02240628505206714,0.00664403799466001,0.01312217045575871,0,0.03435968095128302,0.01129684510761744,0,0,0,0.01198934242531433,0,0,0.01568103399939712,0,0,0,0,0,0,0.01505314253061584,0,0,0.01661342794327169,0,0.02384201146843556,0,0,0,0,0,0,0,0.0153992587263382,0,0,0,0.07446497750706767,1,0,0,0,0.02911619628455312,0,0,0,0,0,0.06811145689464781,3,0,0.3333,0,0,0,0,0.01488503190503483,0,0,0,0,0,0,0.01805505157988101,0,0,0,0,0,0,closed
0,0,0.0344,0.1658,47,1366,193,5,20,0,12,0,0,0,0,0,0,0,0,0.0240762345347933,0,0,0,0,0,0.02487471984554525,0,0,0.01356794044870688,0,0,0,0,0,0.01241963884701073,0,0,0.0121578138831509,0,0.01389429173631498,0,0,0,0.01611218737107608,0,0,0,0,1,0,0,0,0,0,0.01423256713754143,0,0,0,0,3,0,0.3333,0,0,0,0.01820474867011882,0,0,0,0,0,0,0,0,0,0,0.01682478960381801,0,0,0,fully_open
1,0,0.0637,0.2321,52,816,112,7,13,0,13,0,0,0,0,0.02353117543936352,0,0,0,0,0,0.04466767501296659,0,0,0,0,0.03300476151204105,0,0.02220208437061126,0,0,0,0.01904578826387502,0,0,0,0,0,0,0.04547222750066722,0,0,0,0,0,0,0,0,0,0,0,0,0,0,0,0,0,0,0,3,0,0.3333,0,0,0,0,0,0,0,0,0,0,0.12626967048953788,0,0,0,0.02753147389715674,0,0,0,closed
0,0,0.058,0.2358,50,862,123,5,15,0,14,0.01004726274160153,0.01787562603325194,0,0,0,0,0,0,0,0,0,0,0,0,0,0,0,0,0,0,0,0.01496454792161608,0,0,0,0.01983343171336303,0,0,0,0,0,0,0,0,0,0,0,1,0,0,0,0,0,0,0,0,0,0.09162612653684764,4,0,0,0,0,0,0,0,0,0,0,0,0,0,0,0,0,0,0,0,0,partially_open
1,0,0.0444,0.09,60,1351,211,8,10,0,9,0.01493752336804476,0.00664403799466001,0,0.03935212489262885,0.02061580857076981,0,0,0.00825375408074937,0.01150545721131715,0,0.05217816904169548,0,0,0,0,0.04819279335829003,0,0,0.00962541901442278,0.01505314253061584,0,0,0.01661342794327169,0.0118700973051076,0,0.01474343596391588,0,0,0,0.01437656239154113,0.01605314228473783,0,0,0,0,0,0,1,0,0.01791994120704218,0,0,0,0,0,0,0,0,4,0.01474343596391588,0,0.01618992333108023,0,0,0,0.01488503190503483,0.01649849700940611,0.01500478417245585,0.01759092347923904,0,0,0,0,0,0,0.01608032988683491,0.05884267425007947,0,0.01778686264629403,fully_open
0,0,0.0691,0.26,82,1187,150,8,21,0.0202697350079859,18,0,0.00736055189604491,0,0,0,0,0,0,0,0,0,0,0,0,0,0,0,0,0,0,1,0,0,0,0,0,0,0,0,0,0,0,0,0.0171159856601927,0,0,0,0,0,0,0,0,0,0,0,0,0,0,4,0.01633341435218132,0,0,0,0,0,0,0,0,0,0,0,0,0.02000216498555445,0,0,0,0,0,0,fully_open
1,0,0.0752,0.1121,110,1463,214,13,14,0,10,0,0.00652848950779636,0,0.00966693502797187,0,0,0,0,0.01130536230329424,0,0.01281768065589476,0,0.015408320364625,0.01065980556273031,0,0,0.010704360667077,0,0,0,0,0,0,0,0,0.07243514190967368,0,0,0,0,0,0,0,0,0,0.01551122869199024,0,0,0,0.01760829005561535,0,0,0,0,0,0,0,0,4,0,0,0,0,0,0,0,0,0,0,0.03616420072486671,0,0,0,0,0,0.01580067197575952,0,0,0,closed
0,0,0.057,0.0963,91,1597,218,12,11,0,10,0,0.00528715699575057,0,0,0,0,0,0,0.00915575116111857,0,0,0,0,0,0,0,0,0,0,0,0,0,0,0,0,0,0,0,0,0.01144050387495879,0,0,0,0,0,0,0,0,0,0,0,0.01158496542307923,0,0,0,0,0,0,4,0,0,0,0,0.01621538797883131,0,0,0,0,0,0,0,0,0,0,0,0,0,0,0,closed
0,0,0.0781,0.1709,65,832,117,7,10,0,10,0.01318703234835201,0,0,0,0,0,0,0,0,0.02116868271969561,0,1,0,0,0,0,0,0.02289589950719287,0.01699488044734023,0,0,0,0,0.02095814055433061,0,0,0,0,0,0,0,0,0,0,0.06940336127770931,0,0,1,0,0,0,0,0,0.02401745704460116,0,0,0,0,4,0,0,0,0,0,0,0,0,0,0,0,0,0,0,0,0,0,0,0,0,partially_open
0,0,0.0617,0.1475,56,908,122,7,9,0,9,0.01068316544676619,0,0,0,0,0,0,0,0.01645717297314985,0,0,1,0,0,0.01700297305898029,0.05514719645049897,0,0,0,0,0,0.03182334241558864,0,0.01697874677819189,0.01705156516413429,0,0.01662080885291516,0,0,0,0,0,0,0,0,0,0.08876099639555535,1,0.02213544278186845,0,0.04145121812464901,0,0,0.01945718039056296,0,0.02296208959715664,0,0,4,0,0,0,0,0,0,0,0,0,0,0,0,0,0,0,0,0,0,0,0,fully_open
0,0,0.0651,0.0991,114,1751,222,14,13,0,9,0,0,0,0.01482263370955687,0,0,0,0.00621782807416452,0,0.00903197129373679,0,0,0,0,0,0.00726104753264903,0.0164133530228514,0,0,0,0,0,0,0,0,0,0,0,0,0,0,0.01093264746612539,0.02320154981434955,0.02327774049786207,0,0,0.00934949162033182,1,0,0,0.0109154874394909,0,0,0,0,0,0.01275951402134841,0.10262126172126938,2,0,0.6667,0,0.01177394481652984,0,0,0,0,0,0.01325182902102675,0,0,0,0,0.02498739615939847,0.05642948069470473,0,0,0,0,fully_open
1,0,0.0479,0.1374,69,1441,182,8,13,0,12,0,0.00595854201108398,0,0.00882299625568861,0.00616292690078568,0,0,0,0,0,0,0,0,0,0,0.01728820841106912,0.0097698529897925,0,0,0,0,0,0.02979868821570954,0,0.01069106069814769,0,0,0.01689390306246514,0,0.01289326627177895,0,0.01301505650729213,0,0,0,0.01415707380618157,0,0,0,0,0,0,0,0,0,0,0,0,2,0.02644457561781737,0.6667,0,0,0.01827448486503211,0,0,0,0,0.01577598692979374,0,0,0,0,0,0,0,0,0,0,closed
0,1,0.0736,0.3308,70,951,130,10,23,0,20,0.02164025821268023,0,0,0,0,0.01636594227129194,0,0,0,0,0,0,0,0,0,0,0,0,0.01394451729012532,0,0,0,0,0,0,0,0.01683389614590125,0,0,0,0,0,0,0,0.03796423181002902,0,0,0,0,0,0.02099132199902097,0,0,0,0,0,0,0,3,0,0.3333,0,0,0,0,0,0,0,0,0,0,0,0,0,0,0,0,0,0,fully_open
0,0,0.0496,0.2467,48,967,150,9,20,0,17,0.01054962587868161,0,0.01853506576875918,0,0,0,1,0.01165842763905849,0,0.05080483852726947,0,0,0,0.01532347049642482,0,0,0,0,0,0,0,0,0,0,0,0,0,0,0,0,0,0,0,0,0,0,0,0,0,0,0,0,0.02462113347150896,0,0,0,0,0,4,0,0,0,0,0,0,0,0,0,0.07454153824327546,0,0,0,0,0,0,0,0,0,0,partially_open
0,1,0.0617,0.1437,72,1166,174,9,14,0,11,0,0,0,0,0.01871153709636135,0,0,0,0.04699216861007849,0.01632283968747614,0,0,0,0,0.04855065801178711,0,0,0,0,0,0,0.03028968735941569,0,0,0,0.02007238872195776,0,0,0,0,0,0,0,0,0,0,0,0,0,0,0,0,0,0,0.06162596006320087,0,0.02305936268918388,0,4,0,0,0,0,0,0,0,0.0224618091814806,0,0,0,0,0,0,0.11289486216595694,0,0,0,0,0,fully_open
0,0,0.0511,0.0652,106,2073,276,14,11,0.01071250243945369,7,0.03498321534899602,0.01556013043308977,0,0.0057600908197759804,0.01609386092225899,0,0,0,0,0.01403933361720745,0.0305499124441015,0,0,0,0,0.04514640952942402,0,0.00759242263450955,0.02817804011994236,0.00881349795833984,0,0.00651306748920078,0,0.00694984971749823,0.02093896862124263,0.00863216717058287,0.00680333626621916,0,0.01555008816084993,0,0,0.00849687626900937,0,0,0.00767152870772607,0,0,1,0,0,0,0,0,0.00796433808732888,0,0,0,0.00996968216204041,4,0,0,0,0,0,0,0,0,0,0.0102993489800726,0,0,0,0.01057109237578525,0,0,0.00941490817208469,0,0,0,fully_open
0,0,0.032,0.094,55,1719,234,5,11,0,11,0,0,0,0,0,0,0,0,0,0,0,0,0,0,0,0,0.01079825856766539,0,0,0,0,0.03307952698462503,0,0,0,0,0,0,0,0,0.0159123252471524,0,0,0,0,0,0,0,0,0,0,0,0,0,0,0.0159123252471524,0,0,4,0,0,0,0,0.02019811485082496,0,0,0,0,0.01743661713292993,0,0,0,0,0,0.01856232917588971,0,0,0,0,closed
1,0,0.0828,0.1926,90,1087,135,10,15,0,11,0,0,0,0,0,0,0,0.02072609358054842,0,0,0,0,0,0,0,0,0,0.01628152853844826,0,0,0,0,0.02085908175099668,0,0,0,0,0,0.01667315008357798,0,0,0,0.01933462484529129,0,0,0,0,1,0,0,0,0,0,0,0,0,0,0,4,0,0,0,0.01962324136088308,0,0,0,0,0,0,0,0.01965577758065072,0,0,0.04164566026566412,0,0.020189747524581612,0,0.02241562389733759,0,closed
0,0,0.0313,0.1231,44,1404,195,5,13,0,11,0,0,0,0,0,0,0,0,0,0,0,0,0,0,0,0,0,0,0,0,0,0,0,0.01219382723161054,0,0,0.02387352544327814,0,0.01364166825020016,0,0,0,0,0,0,0,0,1,0,0,0,0,0,0.01397379318958613,0,0.01649095525613977,0.01739933730183875,0,2,0,0.6667,0,0,0,0,0,0,0,0,0,0,0,0,0,0,0,0,0,0,partially_open
0,0,0.1004,0.1326,129,1285,181,18,15,0,9,0.00767245518449571,0,0,0,0,0,0,0.00847885646476981,0.05909621203994719,0,0,0,0,0,0.06105613052997471,0,0,0.01332125062236675,0,0,0,0,0,0,0.02449224814484744,0,0,0,0,0,0,0,0,0,0,0,0,1,0,0,0,0,0,0,0.02324979402384396,0.01649095525613977,0,0,2,0,0.6667,0,0,0,0,0,0,0.01541400555897738,0,0,0,0,0,0,0,0.01651888433829404,0,0.03668011183200696,0,partially_open
1,0,0.0441,0.1024,82,1858,254,10,16,0,10,0.00578061691982554,0.01028460675885728,0,0.00761436663162167,0.00531869033903422,0,0,0,0,0,0,0,0,0,0,0.0074599803417627,0.00843151696379353,0,0,0,0,0,0.02571667613136577,0,0,0.01141101550631845,0,0.01457966976623703,0,0.01112706541263115,0,0.02246434410847683,0,0,0.0202822608300155,0,0,0,0,0,0,0,0,0,0,0.01242469231626968,0,0,2,0,0.6667,0,0.02419303729423941,0,0,0.01152060688540367,0.01276938467166363,0.02322658371900701,0,0.01424275028547832,0,0,0,0.03850797353331955,0,0,0,0,0.0137665443769262,partially_open
0,0,0.0722,0.0661,135,1871,242,17,8,0,8,0,0,0,0,0.03005917894834824,0.01647152899562285,0,0.01203450594999586,0,0.01748123476207122,0,1,0,0,0,0,0,0,0,0,0,0,0,0.00865368384178812,0.0260723931864505,0,0.01694250192748771,0,0,0,0.01170325856887338,0,0,0,0,0,0,0,0,0,0.01056337494144281,0,0,0,0.11549897676361194,0,0,0,3,0,0.3333,0.03540892909184644,0,0,0.02536919814674623,0,0,0,0.01282435066550975,0,0.01141303214360364,0,0,0,0,0,0,0.01301552355329279,0,fully_open
0,1,0.0508,0.1882,60,1182,170,7,17,0,15,0,0.01580581670308593,0,0.011702079244387001,0,0,0,0,0,0,0,0,0.01865217728349342,0,0,0,0,0,0,0,0,0.01323181079385001,0,0.01411916837344378,0,0,0.02764302946063785,0,0,0.01710054263414893,0,0,0,0,0,0,0,1,0,0,0.01723498016761722,0,0,0,0,0,0,0,3,0,0.3333,0,0,0,0,0,0,0,0,0,0,0,0,0,0,0,0,0,0,fully_open
0,1,0.0367,0.0974,83,2259,308,12,17,0,13,0,0.00371671432374545,0,0.01100690621996797,0,0,0,0.00461719906497365,0,0,0,0,0,0.0060687011867029,0,0,0,0,0.01615354973212537,0.00842081735623559,0,0,0.10223015313607284,0,0.01333736285115455,0,0,0.01053778111817132,0.00742863122535652,0.00804233440714925,0,0.00811830257385549,0,0,0,0.02649194999374571,0,1,0,0,0,0,0,0,0,0.00898022315928403,0.00947488664951615,0.02857646520703664,3,0.02474269698894794,0.3333,0,0,0.03419680831179276,0,0.00832677527360859,0.0092293572379351,0.00839376540340352,0,0,0,0,0,0,0,0.00899543206540764,0,0,0,fully_open
0,0,0.0514,0.1271,85,1653,236,11,17,0,13,0,0.02292446697394142,0,0,0,0,0,0,0,0,0,0,0,0,0,0,0,0.01118578296534613,0,0,0,0,0,0,0,0,0,0,0.01145483593528258,0,0,0.02503659725066884,0,0.01332695066671492,0,0,0,0,0.01334885480738632,0,0,0,0,0,0,0.01384736700897232,0,0,3,0,0.3333,0.02793070742613842,0,0,0,0,0,0.06471529051479054,0,0,0,0,0,0,0,0,0,0,0,partially_open
0,0,0.0877,0.2857,77,878,126,10,20,0,16,0,0,0,0,0,0,0,0,0,0,0,0,0,0,0,0,0,0,0,0,0,0,0,0,0,0,0,0,0,0,0,0,0,0,0,0,0,0,0.02271038934763127,0,0,0,0,0,0,0,0,0,3,0,0.3333,0,0,0,0,0,0,0,0,0,0,0,0,0,0,0,0,0,0,closed
0,0,0.0649,0.1064,63,970,141,8,9,0,6,0.01172180653186845,0.01042744851939696,0.02059451752084353,0,0,0,0,0.05181523395137106,0,0,0.06141805314282906,0,0,0,0,0,0.01709724273213687,0.04070382134612065,0,0,0,0,0,0,0,0,0,0,0,0,0,0,0.04833656211322824,0,0,0,0,0,0,0,0,0,0.05471362993668657,0,0,0,0,0,4,0,0,0,0,0,0,0.04672246125747043,0.02589347447309569,0,0,0,0,0,0,0,0,0,0,0,0,closed
0,0,0.0259,0.0779,39,1504,231,5,10,0.01667349170011743,8,0,0,0,0,0,0,0,0.00752156621874741,0,0,0,0,0,0,0,0,0.00992743126382141,0,0,0,1,0.02027454879702825,0,0,0,0.01343555051550399,0,0,0.01210147989937111,0,0,0,0,0,0,0.01438541370628127,0,0,0.01410241919167425,0,0,0,0.01588460223968319,0,0,0,0,0,4,0,0,0,0,0.01856923462091972,0,0,0,0.01367371460877025,0,0,0,0,0,0,0,0,0,0,0,partially_open
0,0,0.0651,0.1711,71,1090,152,9,15,0,11,0,0,0,0,0,0,0,0.01013776316439868,0,0,0,0,0.01926040045578125,0.02664951390682578,0,0,0,0.01592758226587329,0,0,0,0,0,0,0,0,0,0,0,0,0,0.01782496869476966,0.01891430691387191,0,0,0,0,0,0,0,0,0,0,0,0,0,0,0,4,0,0,0,0,0,0,0,0,0,0,0,0,0,0,0,0,0,0,0,0,fully_open
0,0,0.0483,0.0598,91,1884,251,9,9,0,6,0,0.00510732172378627,0.03026133186736192,0,0.02113003508840806,0,0,0,0.02653299316079261,0.01843259447701387,0.02005487449561765,0,0,0,0.02741295656447844,0,0,0,0,0,0,0.03420468096369391,0.01277086637816123,0.0182492652445872,0.01832753262539604,0,0,0,0,0,0,0,0.02367505083096893,0,0.010072143133273,0,0.00954029757176717,1,0.01189591822971161,0.01377519290065147,0,0,0.02679851262205056,0.01045657993778553,0,0,0,0,4,0,0,0,0,0,0.02674983478058275,0,0,0,0,0,0,0.01417312627943792,0,0,0,0,0,0,0,partially_open
0,0,0.0307,0.2021,41,1337,188,5,20,0,18,0.01623019365951017,0,0,0,0,0,0,0.00896802126081422,0,0,0,0,0.01703804655703726,0,0,0,0,0,0,0,0,0,0,0,0,0,0.01262542210942594,0,0,0,0,0,0,0,0,0,0,0,0,0.01947070534995929,0.01574349149926573,0,0,0,0,0,0,0,4,0,0,0,0,0,0,0.03234631933209492,0,0,0,0.01999463020845996,0,0,0,0,0,0.01747189689627255,0,0,0,partially_open
0,0,0.0858,0.3084,63,734,107,9,17,0,16,0,0,0,0,0,0.01850063039363437,0,0.01351701755253158,0,0,0,1,0,0,0,0,0,0,0.03152673474289203,0,0,0,0.21765998348866103,0.01943943471706028,0,0,0.03805924346029849,0,0,0,0.02628992866920832,0,0,0.05060378369100449,0,0,0,0,0,0,0,0,0,0.02227706160658658,0,0,0,0.16731727454554787,4,0,0,0,0.02559553220984749,0,0,0,0,0.02457305234039872,0,0.03013683393738892,0.02563797075737051,0,0,0.02716021321673746,0,0,0,0,0,partially_open
0,0,0.0889,0.0925,115,1293,173,14,8,0,8,0,0.0212483856621674,0.01398872888208239,0.02097542506069368,0,0.03612858954228598,0,0.03519525324998789,0,0,0,1,0,0,0,0,0,0,0,0,0,0,0,0,0,0,0,0,0,0,0,0,0,0,0,0.06731287922939162,0,0,0,0,0,0,0,0,0,0,0,0,4,0,0,0,0,0,0,0,0,0,0.037505176474604,0,0,0,0,0,0,0,0,0,0,fully_open
0,0,0.0958,0.1812,89,929,138,10,13,0,12,0,0.01014562558644029,0,0.04506881871149048,0,0,0,0,0,0,0,0,0,0,0,0,0,0,0,0,0,0,0,0,0,0,0,0.05753058880731372,0,0.02195339932762363,0,0,0,0,0,0,0,0,0,0,0,0,0,0,0,0,0,0,3,0.02251362518814182,0.3333,0.02472245049205495,0,0,0,0,0,0,0,0,0,0,0,0.02532506367506601,0,0,0,0,0,partially_open
0,1,0.0993,0.2229,118,1188,166,15,21,0,16,0.01623019365951017,0,0,0.01068939930977658,0.02986649190380755,0.02454891340693791,0,0.00896802126081422,0,0,0.0283467937582288,0,0,0,0,0.02094532942110297,0,0.01408978431211869,0.01045838796759399,0,0,0,0,0.03869195179261037,0.01295263123044816,0,0.01262542210942594,0,0,0,0.01744235652091706,0,0.01673188688534823,0,0,0,0.02696968736634181,0,0,0,0,0,0,0,0,0.01744235652091706,0,0,3,0,0.3333,0,0,0,0,0,0.01792625155829702,0.03260655022091369,0,0,0,0,0,0,0,0.01747189689627255,0,0,0,fully_open
0,0,0.0637,0.1859,91,1429,199,11,21,0.01767105103260309,16,0,0.01283378279310396,0,0,0,0,0,0,0,0,0.01259857500365724,0,0.03028986054584402,0,0,0,0.05260690071426732,0,0,0,0,0.02148755599001284,0.01604544750076668,0,0,0,0,0,0,0,0,0,0,0,0.01265474393667634,0.01524607948358015,0,1,0,0,0,0,0,0,0,0,0,0,4,0,0,0,0,0,0,0,0,0,0,0,0,0,0,0,0.01808637201753356,0,0,0,0,fully_open
1,0,0.1022,0.2761,96,939,134,13,21,0,16,0,0,0,0.01355728692947274,0,0.01556760362391184,0,0.01137407574542291,0,0,0,0,0,0,0,0,0,0,0,0,0,0,0,0.01635757311557511,0,0,0,0,0.01829979887221973,0,0.02212201314848018,0,0,0,0,0.02175355243388875,0,0,0,0,0.01996735507223946,0,0,0.03749066465498718,0,0,0,0,4,0,0,0,0,0,0,0,0,0,0,0,0,0,0,0,0,0,0,0,0,closed
1,0,0.0592,0.1225,86,1453,204,10,14,0,11,0,0,0,0,0,0,0,0,0,0,0,0,0,0.0096525798402676,0,0,0.01938585002698984,0,0.00856434920180925,0,0,0.00989781122374607,0,0,0,0,0,0.01676088020370557,0,0,0,0.01291257574739219,0,0,0,0,0.01104270663818719,0,0,0.01594451461728949,0,0,0,0,0,0,0,0.01515077682892756,4,0.02623635061295267,0,0,0,0.01813059128341768,0,0,0,0,0,0,0,0.01640511466990059,0,0,0.01666224823662541,0,0,0,0,closed
0,0,0.1218,0.25,80,657,84,8,12,0,9,0.01562907537582461,0,0,0.02058699126327342,0.01438016276849993,0,0,0,0.0722287036043799,0,0,0,0.09844204677399308,0,0.07462415953663575,0,0,0,0,0,0,0.02327818565584724,0,0,0,0,0,0.03941910714575199,0,0.03008428796748423,0.03359268663287731,0,0,0,0,0,0,0,0,0.03749913622955123,0,0,0,0,0,0,0,0,4,0,0,0,0,0,0,0,0,0,0,0,0,0,0,0,0,0,0,0,0,partially_open
0,0,0.0893,0.0714,117,1310,196,14,7,0,7,0,0,0,0,0,0,0,0,0.03578302747372949,0.0124293182941332,0,0,0,0,0.03696976710989294,0,0,0,0,0,0,0,0,0.01230569720621247,0,0.01528447948552747,0.01204627430624126,0,0,0.01490414266279035,0,0,0,0,0,0,0,1,0,0,0,0.03018468055187617,0,0,0.02346309488644803,0,0,0,3,0,0.3333,0,0,0,0,0,0,0,0,0,0,0,0,0,0,0,0,0,0,fully_open
0,0,0.0427,0.13,58,1357,200,7,14,0,12,0.02987504673608952,0.00664403799466001,0,0.00983803122315721,0,0.01129684510761744,0,0.03301501632299749,0,0,0,1,0,0,0,0,0,0,0,0,0,0.02224817744098674,0,0.02374019461021521,0,0.02948687192783176,0.02323971503327961,0,0,0,0,0,0,0.01544982776406774,0.0131026994742578,0,0,0,0,0.03583988241408436,0.04346875529000803,0,0,0,0,0,0,0,3,0,0.3333,0,0,0,0,0,0,0,0,0.01840213753698969,0,0,0.01805505157988101,0,0,0,0,0,0,partially_open
0,0,0.0506,0.1486,96,1896,249,13,23,0,14,0.00578061691982554,0,0,0,0,0,0,0.01916453858475368,0.00890490866355368,0.00927942256205835,0,1,0,0.00839642218982182,0.00920023884698248,0.0149199606835254,0,0,0.00744981060705325,0,0,0,0,0,0.01845306367077547,0,0,0,0,0,0,0,0.01191860435668641,0,0,0,0,1,0,0,0.02242908377977583,0,0,0.02105640069663663,0,0,0,0,3,0,0.3333,0,0,0,0.01346652641351255,0,0,0,0,0,0,0,0,0,0,0,0,0,0,fully_open
1,0,0.0715,0.1389,99,1384,180,10,13,0,12,0,0.00625646911163818,0,0,0.02588429298329987,0,0,0,0,0,0,0,0.01476630701609896,0,0,0,0.01025834563928212,0.01221114640383619,0,0,0,0.01047518354513126,0,0,0,0.01388340219935412,0,0,0,0.0135379295853679,0,0,0,0,0,0.01486492749649065,0,0,0,0,0,0,0,0.02561862084757457,0,0,0,0,4,0.01388340219935412,0,0,0,0,0,0.02803347675448226,0,0,0,0.01732867951399863,0,0,0,0,0,0,0,0,0,partially_open
0,0,0.0838,0.1693,113,1348,189,15,19,0,13,0.04764347171017502,0,0,0.04482651323454698,0.0125246578951451,0,0,0,0,0,0,0,0,0,0,0.01756705048221539,0,0,0,0.01371778311257734,0,0,0,0,0,0,0,0,0,0,0.01462907321109173,0,0,0,0,0,0,0,0,0.01633026900319166,0,0.01326665395223589,0,0,0,0,0,0,4,0,0,0.02950744090987203,0.0142426751812861,0,0,0,0,0,0,0,0,0,0,0,0,0,0,0,0,partially_open
0,1,0.0482,0.177,70,1452,209,9,21,0,16,0,0.01993211398398004,0.01312217045575871,0,0,0,0,0.00825375408074937,0,0.01198934242531433,0,0,0,0.01084847468773438,0,0,0,0.01296758910141897,0,0,0,0,0,0.0118700973051076,0,0,0.03485957254991941,0,0,0,0,0,0.0307985174526764,0,0,0.01578576371308741,0,0,0,0,0,0.01455809814227656,0,0,0,0,0.01693740799294037,0,4,0,0,0,0,0,0,0,0,0,0,0.05520641261096909,0,0.03687521350579424,0.01805505157988101,0,0,0,0,0,0,fully_open
1,0,0.0898,0.1385,122,1359,195,13,15,0,12,0,0.00641689139655198,0,0,0.01991099460253836,0,0,0,0,0,0,0,0.03028986054584402,0,0,0,0.01052138014285346,0,0,0,0,0.01074377799500642,0,0,0,0,0,0,0,0.02777011196998545,0,0.01401621470016076,0,0,0,0,0,0,0,0,0,0,0,0,0.02185878070617808,0.01550431690748183,0,0.01644571501943419,4,0.01423938687113243,0,0,0.04528440314049941,0,0,0,0.01593444582959735,0,0,0,0,0,0,0,0,0,0.0189436529637008,0,0,closed
0,0,0.0928,0.175,137,1477,200,14,20,0,15,0,0.00581997126664016,0.0229892288604765,0,0,0,0,0.00723003264437735,0,0,0,1,0,0.0285087823189299,0,0.01688615705267216,0,0,0,0,0,0,0,0.01039783717424154,0,0,0,0.01650102159589618,0.01163243029086835,0,0,0,0,0,0,0,0.02174300376821355,1,0,0,0,0,0,0,0,0,0,0,4,0.06457396371792615,0,0,0,0,0,0.09127178478203528,0,0,0,0,0,0.01615077180680135,0,0.01452755590662701,0,0,0,0,0,partially_open
0,0,0.0489,0.1403,78,1595,221,8,19,0.01627962969145324,12,0.03322716812183185,0,0,0.01750704768845299,0.01834319975194479,0,1,0,0,0,0,0,0,0,0,0.03430416157157022,0,0,0.00856434920180925,0,0,0,0,0,0,0,0,0.01676088020370557,0,0,0,0,0,0.01374669714440673,0,0.01404560078408565,0,0,0,0,0,0,0,0,0,0.014283504552562,0,0,4,0,0,0,0.01390623403527147,0,0,0,0,0,0.01565176656026781,0,0,0,0,0,0,0,0,0,0.01582610613410414,partially_open
0,0,0.0349,0.1212,50,1433,198,7,14,0,10,0,0,0,0,0,0,0,0,0.01160818450784676,0,0,0,0,0,0.01199316849695931,0,0,0,0.00971136025562299,0,1,0,0,0.01197608031676035,0,0.04462522135506682,0.02344721248893389,0,0.01339806703144659,0,0.01619647391228013,0,0,0,0,0,0,0,0,0,0,0,0,0,0,0,0,0,4,0,0,0,0,0.02055879547316112,0,0.01501793397561549,0,0,0,0,0,0,0,0,0,0,0,0,0,partially_open
0,0,1.2289,3.6667,102,83,12,13,25,0,19,0,0,0,0,0,0,0,0,0,0,0,0,0,0,0,0,0,0,0,0,0,0,0,0,0,0,0,0,0,0,0,0,0,0,0,0,0,0,0,0,0,0,0,0,0,0,0,0,4,0,0,0,0,0,0,0,0,0,0,0,0,0,0,0,0,0,0,0,0,closed
0,0,0.0763,0.0909,107,1402,176,11,8,0,8,0,0.01251293822327636,0,0,0,0,0,0.00777228509270565,0,0,0,0,0,0,0,0,0.01025834563928212,0,0.00906393623858146,0,0,0,0.01564431131324751,0,0,0,0,0,0,0.0270758591707358,0,0.02733161866531348,0,0,0,0,0,0,0,0,0,0,0,0,0,0,0,0,2,0,0.6667,0,0,0,0,0,0,0.01412950509572926,0,0,0,0,0,0,0,0,0,0.01681171792300319,0,closed
0,0,0.0292,0.125,47,1612,224,8,16,0,12,0.01250326030065968,0.01668391763103515,0.02196748535556643,0,0.01150413021479994,0,0,0,0.00963049381391732,0,0,1,0,0,0.0099498879382181,0.00806783059183225,0,0,0.01611366442414482,0,0,0.0186225485246778,0,0,0,0,0,0,0.01111543338905198,0,0.01343707465315092,0.01214738607347266,0,0,0.01096744474511949,0,0.01038832402259092,1,0.03885999955039129,0,0,0,0,0.01138605371003314,0,0.02687414930630185,0,0,3,0,0.3333,0,0,0,0,0.01245932300199211,0.0138098530523177,0,0,0,0,0.03086591945299814,0,0,0,0,0.01641783256854069,0,0,fully_open
0,0,0.0856,0.3367,61,713,98,8,18,0,15,0.02813233567648429,0,0,0,0.01294214649164993,0.02127572495267952,0,0.01554457018541131,0,0,0,0,0,0,0,0,0,0,0,0,0,0,0,0,0,0,0,0,0,0,0,0,0,0,0,0,0,1,0,0,0,0,0,0,0.04262462237704726,0,0,0,4,0,0,0,0,0,0,0,0,0,0.09938871765770062,0,0,0,0,0,0,0,0,0,0,fully_open
1,0,0.0783,0.1255,122,1559,239,16,15,0,15,0,0,0,0.01697248134682084,0.00592770068319844,0,0,0,0,0.0103419518630574,0,0,0,0.00935784457796935,0,0,0,0,0.00830284235595248,0.03895431540365475,0,0,0.02866133370365956,0,0,0,0,0.0162490976020657,0,0.01240115687209273,0,0,0.01328333004638333,0,0.01130232855413077,0,0,1,0,0,0,0,0,0,0,0,0,0.02937631537822596,4,0.01271762033528621,0,0,0,0,0,0.01283976034556439,0,0,0,0.0158735995548079,0,0.01590419513799522,0,0,0,0,0,0.03080009390473867,0.03068573250429352,fully_open
1,0,0.0471,0.245,52,1103,151,6,21,0,16,0,0.00853154878859751,0,0,0,0,0,0,0,0,0,0,0,0.01393042772402256,0,0,0,0,0,0,0,0,0,0,0,0.01893191209002834,0,0,0,0.01846081307095623,0,0,0,0,0.01682505727944468,0.04054071135406541,0,0,0,0,0,0.01869392147815058,0,0,0,0,0,0,4,0,0,0,0,0,0,0,0,0,0,0,0,0,0,0,0,0,0,0.02292506989500435,0,partially_open
0,1,0.0617,0.1831,55,891,142,7,15,0,11,0,0,0,0,0.02187405040842243,0,0,0.01313625649471379,0,0.01908162949381013,0.04152206409656049,0,0,0.01726588224949276,0,0.01534024126615992,0.01733804896780078,0,0.01531932885394049,0.0479156367875941,0,0,0,0,0,0,0,0,0,0,0,0.02309714253406773,0.02450867938135516,0,0,0.02512382112082926,0,0,0.02462957717982546,0,0,0,0,0,0,0,0,0,4,0,0,0,0,0,0,0,0,0,0.02799682187540862,0,0,0,0,0,0,0,0.093651016764211,0,0,fully_open
0,0,0.0977,0.2105,82,839,114,10,14,0.02832209549061043,10,0,0,0,0,0,0,1,0.0255527181130049,0,0,0,0,0,0,0,0,0.01686303392758706,0,0.0148996212141065,0,0,0,0,0.03674852042403176,0.05535919101232641,0,0,0,0,0,0,0,0,0.02391548681287198,0.04056452166003101,0,0,1,0,0,0.02242908377977583,0,0,0.02105640069663663,0,0.02484938463253937,0.0262181794959214,0,4,0,0,0,0,0,0,0,0,0.02322658371900701,0,0,0,0,0,0,0,0,0,0,0,partially_open
0,0,0.1064,0.1791,117,1100,134,13,13,0.01932255112910805,11,0,0.01403320174573049,0,0,0,0,0,0.00871658141238017,0,0,0,0,0,0.02291360074231749,0,0,0.05752343349130164,0,0,0,0,0,0,0,0,0,0,0,0,0,0,0,0,0,0,0,0,1,0,0,0,0,0,0,0,0,0.01788716918880619,0,4,0,0,0.01709776949917819,0,0,0,0,0,0,0,0,0,0,0,0,0.01977668715935913,0,0,0,0,closed
0,0,0.049,0.0866,85,1735,231,8,11,0,9,0.0061157251470618,0,0,0,0.05064318192384758,0,0,0.00675850877626579,0,0,0.01068140054657896,0,0,0,0,0.03156977188108274,0,0,0.007881683685723,0,0,0,0,0.02915915207559042,0.0195228064922697,0,0,0,0.02174758706553649,0.01177211268292861,0.01314496433460416,0,0.01260953794258128,0.02530189184550224,0.02145804406653814,0,0,0,0,0,0,0,0.01427312085304867,0,0,0.01314496433460416,0,0,4,0,0,0.03977089861765361,0,0,0.01424719461139733,0,0,0,0,0,0,0,0,0,0,0,0,0,0,closed
0,0,0.0292,0.1137,53,1814,255,6,18,0,11,0,0.00568769919239834,0.01123337319318738,0,0,0,0,0.0070657137206415,0,0.01026360374288272,0,0,0,0,0,0,0.00932576876298375,0.01110104218530563,0,0,0,0,0,0.01016152269300878,0,0,0,0,0,0.01230720871397082,0,0,0,0,0,0,0,0,0,0,0,0,0,0,0,0,0,0,4,0,0,0,0,0,0,0,0,0,0,0,0,0,0,0,0,0,0,0,0,partially_open
0,0,0.0588,0.0361,134,2279,332,16,6,0,6,0.03093084027257435,0.00393076593401351,0,0,0.02845917029577473,0.00668347380712445,0,0.00488311105300879,0.00680689353339706,0,0.02315235511143294,0,0,0,0.0070326433071175,0.00570239335024793,0,0,0.0113892392526678,0,0,0,0.01965777337790263,0,0,0,0,0,0.00785645815456554,0,0,0,0.0364422248392925,0,0,0,0.00734253268612447,0,0,0,0,0.02583871869231285,0,0,0,0.01899481757251701,0,0,2,0,0.6667,0,0,0,0.01029378458833943,0,0.00976089090085283,0,0,0,0,0,0,0,0,0,0,0,0,fully_open
0,0,0.0592,0.0732,106,1792,246,15,13,0,5,0,0,0,0.0522274006544789,0,0,1,0,0,0,0,0,0,0.00822736670948983,0,0,0,0,0.00729981442033406,0.03424842495220652,0,0,0,0.00900215433206147,0,0,0,0,0.01007103025182562,0,0,0.0110060209390524,0,0,0,0,0,1,0,0,0,0,0,0,0,0,0,0,3,0,0.3333,0,0,0.01545359122814795,0.01319538829780424,0,0,0,0,0,0.03561785199178319,0,0,0,0,0,0,0.01353963859570727,0,partially_open
0,0,0.0537,0.127,81,1509,189,9,12,0,12,0.00649207746380406,0,0,0,0.00597329838076151,0,0,0,0,0.01042150533892707,0,0,0,0,0,0.01675626353688238,0,0,0.00836671037407519,0,0,0.00966940019550578,0,0,0,0.01281544818401919,0,0,0,0,0,0,0,0,0,0,0.01078787494653672,1,0.01345153830590467,0,0,0,0,0.01182397885272672,0,0.01395388521673365,0,0,3,0,0.3333,0,0,0,0,0,0,0,0,0,0,0,0,0,0,0,0.03409857533466143,0,0,fully_open
0,0,0.0312,0.0575,75,2401,365,12,11,0,10,0.0045132089320563,0.00401484648875177,0,0,0,0.00682643581369396,0,0,0,0,0,0,0,0.00655549539954003,0,0.00582436967859547,0,0.0078360297778628,0.00581642967181697,0.03638513595635488,0,0,0,0,0.00720360239554336,0,0,0,0,0,0,0,0,0,0.00791767401385632,0,0,1,0,0,0,0,0,0.00821987834681537,0,0,0,0,3,0,0.3333,0,0,0,0,0,0,0,0,0,0,0,0,0,0,0,0,0,0,closed
1,0,0.0706,0.1195,119,1686,226,14,15,0,12,0,0,0,0.00717224211752751,0.00500986315805804,0,0,0,0,0,0,0,0,0.00790888799815474,0,0,0.01588389002211426,0,0.00701724095890177,0,0,0,0,0,0.00869079772881683,0,0,0.0137331082959394,0.00968118391949689,0.02096195548702127,0,0.02115996283766205,0,0.01126342282154616,0,0,0,0,0,0.01306421520255333,0,0,0,0,0,0,0,0,3,0.01074844041240319,0.3333,0.01180297636394881,0.01139414014502888,0.0742769384836789,0,0,0,0,0,0,0,0,0,0,0,0,0,0,0,closed
0,0,0.0826,0.0426,109,1320,188,14,4,0,4,0,0,0,0,0.05401939405210409,0.01110037823618062,0,0.0162204210630379,0,0.01178083212226538,0.01281768065589476,1,0,0,0,0,0.010704360667077,0,0,0,0,0.04372250523185222,0.01632449876164958,0.02332732166047233,0,0,0.02283554607617909,0,0,0,0,0,0,0,0.01287482643992288,0,0.01219498906999803,0,0,0,0,0.0143049138267587,0,0,0,0,0,0,4,0,0,0,0,0.02002247906951344,0,0,0,0,0,0,0.0153827824544223,0,0.03548210136567921,0,0,0.03160134395151904,0.01927310779785211,0.01754266218052507,0,fully_open
0,0,0.0731,0.2733,84,1149,150,12,24,0,17,0,0,0,0,0.05490607602518155,0,0,0,0,0,0,0,0,0,0,0,0,0,0,0,0,0,0,0,0,0,0,0,0.01515740916688907,0,0,0,0,0,0,0,0,0,0,0,0,0,0,0,0.02583310447093774,0,0,0,4,0,0,0,0,0,0.03971945164389561,0,0.01883161779861505,0,0.0200785288197375,0,0,0.02104494508158964,0,0,0,0,0,0,0,closed
0,0,0.1019,0.1436,136,1334,181,15,14,0,12,0.0078145376879123,0,0,0,0,0,0,0,0,0.01254440457463444,0,1,0,0.01135071888624061,0,0,0,0,0.01007104026509051,0,0,0,0,0,0,0,0,0,0,0,0,0,0,0,0,0.01651658610721183,0,1,0,0,0,0,0,0.01423256713754143,0,0,0,0,4,0,0,0,0,0,0,0,0,0,0,0,0,0.01929119965812384,0,0,0,0,0,0.01867968658111465,0,partially_open
0,0,0.1171,0.1746,98,837,126,13,13,0,9,0,0.03043687675932088,0,0,0.02098726458105395,0,0,0,0,0,0,0,0,0.016565914050189,0,0.01471833959320749,0,0.01980185903324789,0.01469827498148345,0.02298655548594042,1,0,0,0,0,0.02251362518814182,0,0,0,0.02195339932762363,0,0.02216077189079472,0,0,0,0,0.03790334440675066,1,0,0.02736423454588873,0,0,0,0,0,0,0,0,4,0.02251362518814182,0,0.0494449009841099,0.02386610435783077,0,0,0.02272984601714778,0,0,0,0,0,0,0,0,0.05719204124463317,0,0.02995145130747288,0,0,fully_open
0,0,0.0793,0.1596,112,1412,188,16,16,0,14,0,0.00670335976246947,0.03971799807591252,0.00992587078764968,0,0,0,0.03330979325445282,0,0,0,0,0,0.03283600820662462,0,0.00972461723122638,0,0.01308337114696735,0,0,0,0,0,0.01197608031676035,0,0,0.02344721248893389,0,0,0,0,0.01464193857070365,0,0,0.01321968786242082,0.0477801240958628,0,0,0.01561339267649649,0,0,0,0,0,0,0,0,0,4,0,0,0.01633447621796488,0,0,0,0,0.01664580501841866,0,0,0,0.01579482127016576,0,0,0,0,0,0,0,0,partially_open
0,0,0.0765,0.123,61,797,122,9,9,0,6,0,0,0,0.01793060529381879,0.0500986315805804,0.02058941124452857,1,0,0,0,0.07132419074651117,0,0,0,0,0.03513410096443079,0,0,0,0,0,0,0,0.02163420960447031,0,0,0.02117812740935964,0,0,0,0,0,0,0,0,0,0.02261973779112539,0,0,0,0,0,0.03176920447936639,0,0,0,0,0,3,0,0.3333,0,0,0,0,0,0,0.02734742921754051,0,0,0.02853258035900912,0,0,0,0,0.02930769801955395,0,0,0,partially_open
1,0,0.0732,0.2211,102,1393,199,13,25,0,19,0.01467774035294833,0,0,0.00966693502797187,0.01350484851302602,0.01110037823618062,0,0.0162204210630379,0,0,0.02563536131178952,0,0,0,0,0.00947093156432482,0,0,0.00945802042286761,0.0147913487474747,0,0.02186125261592611,0,0,0.01171368389536182,0,0.02283554607617909,0,0.01304855223932189,0,0,0,0.0453943365932926,0.01518113510730135,0,0,0,1,0,0,0,0.05721965530703483,0,0,0,0.01577395720152499,0,0,3,0,0.3333,0,0,0,0,0,0.01621156662663383,0.02948766280847847,0,0,0.0153827824544223,0,0,0,0,0,0,0.01754266218052507,0,partially_open
0,0,0.0495,0.0782,125,2525,358,15,16,0,12,0,0.00736055189604491,0.00726865324265065,0.00544949768733708,0.0304521093921175,0.0062575661625528,0,0.00457193240747391,0.00637312090626881,0.01328231072608352,0,0,0,0.00600920411624502,0.00658448466499727,0,0,0,0,0,0,0,0,0,0,0,0.00643648970284459,0,0,0.00796348799139288,0,0,0,0,0,0,0,1,0.03428823489740407,0,0.02407828111652406,0,0,0.00753488848458075,0.01253665364030801,0,0,0,3,0,0.3333,0.00896794772751012,0,0.01128718182840218,0,0,0.00913887334344554,0,0.0194879838544511,0,0,0,0,0,0.01037306630417366,0,0,0,0,partially_open
0,0,0.0805,0.2094,108,1341,191,13,23,0,17,0.00788757075041615,0,0.0138579930981377,0,0,0,0,0.01743316282476035,0,0.0126616420005656,0,0,0,0.01145680037115874,0,0,0,0,0,0,0,0,0,0,0,0,0,0,0,0,0,0,0,0,0,0,0,0,0.01634299046511783,0,0,0,0,0,0,0,0.01788716918880619,0,4,0,0,0.01709776949917819,0,0,0,0,0,0,0,0,0,0,0,0,0,0,0,0,0,closed
1,0,0.0589,0.0628,84,1426,191,9,6,0,6,0,0.01787562603325194,0,0.00882299625568861,0,0,0,0,0,0,0,0,0,0.00972918761677766,0,0,0.0097698529897925,0,0,0,0,0.00997636528107739,0,0,0,0,0,0,0,0.01289326627177895,0.01439686569980456,0.01301505650729213,0,0,0,0,0,0,0.01387857126799688,0,0,0,0,0,0,0,0,0.06108408435789843,4,0.02644457561781737,0,0,0,0,0,0.05339709857996621,0.01479627112748325,0.02691334303948431,0,0,0,0,0.04857668639348939,0,0,0,0,0,0,partially_open
1,0,0.0433,0.0303,62,1431,198,7,3,0,3,0,0,0,0,0,0,0,0.00863587232522851,0.03611435180218995,0.02508880914926888,0,0,0.01640700779566551,0.01135071888624061,0.03731207976831787,0,0,0.01356794044870688,0.03021312079527153,0,0,0,0.08691284062915285,0.01241963884701073,0.01247290414783897,0,0,0,0,0.01504214398374211,0,0,0,0,0,0,0,0,0.0161916664793297,0,0,0.01523208416738195,0.01823787664556219,0,0,0,0,0,4,0,0,0,0,0,0,0,0,0.01569945010636585,0,0,0,0,0.07556373438987239,0,0,0,0,0,0,fully_open
1,0,0.0564,0.1914,87,1542,209,12,23,0,17,0.01821518137326321,0,0.01066766375180384,0,0.12849037524084111,0.02755129849987276,0,0.00670988641096891,0.0093533573012866,0,0.09544100344497178,0,0.01274789094915018,0,0.00966356022776578,0,0,0,0,0,0,0.02712997177156298,0,0.02894937400310416,0,0,0.00944635898834746,0,0,0,0,0.01179782100661013,0.03755646552682482,0,0,0,0.02017875889280251,0,0,0,0,0,0,0.02211679497632337,0,0,0,0,4,0,0,0,0,0,0,0.01210078133287004,0,0.02439626779118722,0,0.01496001109122184,0,0,0,0,0,0,0,0,0.0144598235901527,fully_open
0,0,0.0862,0.427,61,708,89,8,22,0,16,0.01455120810852636,0,0,0,0,0.02200937064070295,0,0,0,0,0,0,0,0.02113582137437907,0,0,0,0,0.01875297152809957,0,0,0,0,0,0,0,0,0,0,0,0,0,0.06000400814055919,0,0,0,0,0,0,0.03491298890337527,0,0,0,0,0,0,0,0,2,0,0.6667,0,0,0,0,0,0,0,0,0,0,0,0,0,0,0.03132891857262664,0,0,0,partially_open
0,0,0.0593,0.1022,128,2160,313,18,18,0,14,0.00466281806792557,0,0.00819229426243499,0.00614197529401527,0,0,0,0,0.01436592999866119,0.02245517724962186,0,0,0,0.00677280463930378,0.01484237427248003,0,0,0,0,0,0,0,0,0,0,0,0,0,0.00829051661614374,0.00897542292952568,0,0,0,0,0.00818013834580735,0,0,0,0,0,0.02713795219762932,0,0,0,0,0,0,0,3,0,0.3333,0,0,0.11449318141959344,0.02172500393782135,0,0.01030016664123143,0,0,0,0,0,0,0,0,0,0,0,0,fully_open
0,0,0.0754,0.1184,79,1048,152,10,9,0,9,0,0,0,0.013078794449609,0.00913563281763525,0,0,0,0,0.01593877287130023,0,0,0,0.01442208987898806,0,0,0.01448237031428065,0,0.01279614527799735,0,0,0,0,0,0,0,0,0,0,0,0,0,0,0,0,0,0.01649910285940911,1,0,0.0238229806634796,0,0,0,0,0,0,0,0,4,0,0,0,0,0,0,0,0,0,0,0,0,0,0,0,0,0,0,0,0,partially_open
1,0,0.1268,0.3565,107,844,115,12,24,0,17,0,0.00926884312835286,0,0.04117398252654685,0,0.01575979626124409,0,0.01151449643363801,0,0,0,0,0,0,0,0,0.03039509819046556,0,0,0,0,0.01551879043723149,0,0.01655951846268098,0,0,0,0,0,0,0.0223951244219182,0,0,0,0,0,0,0,0,0,0,0.04061889111301855,0,0,0,0,0,0,4,0,0,0,0,0,0,0,0,0.02093260014182113,0,0,0,0,0.02518791146329079,0,0,0,0,0.02490624877481954,0,closed
0,0,0.091,0.2171,83,912,129,12,17,0,11,0.04501173708237488,0,0.03954147364001958,0.01482263370955687,0.01035371719331995,0,0,0.01243565614832905,0,0.03612788517494719,0,0,0,0,0,0,0,0,0,0,0,0,0,0,0,0.02221344351896659,0,0,0.02000778010029358,0,0,0.04373058986450157,0.02320154981434955,0,0,0,0,0,0,0,0,0,0,0,0.06819939580327562,0,0.02551902804269683,0,3,0,0.3333,0,0,0,0.0262148380849711,0,0,0,0,0,0,0,0,0,0,0,0,0.05379749735361022,0,fully_open
0,0,0.0728,0.1128,115,1579,257,16,18,0,11,0,0.00641689139655198,0.01267354924359602,0,0,0,0,0.02391472336217126,0.01111210824682767,0,0,0,0,0.0104775866642221,0.01148063992871319,0,0,0,0,0,0,0,0,0.01146428201262529,0,0,0.01122259743060083,0,0.02565100012858151,0,0,0.01401621470016076,0,0,0,0,0,0,0,0,0,0,0,0,0,0,0,0,3,0,0.3333,0,0,0,0.01680438338780199,0,0,0,0,0,0,0,0.01743778485920132,0,0,0,0,0,0,fully_open
0,0,0.038,0.0509,85,2239,334,15,9,0,8,0.00948280977859021,0.00421784434492461,0,0,0,0,0,0,0,0.00761121176438494,0,0,0,0.00688695303210104,0,0.00611886028032221,0.02074721589967172,0,0.00611051881252682,0.02866862538134141,0,0,0,0,0,0,0,0,0,0,0,0.00921290516808319,0,0,0.00831800584601759,0,0,1,0,0,0,0,0,0,0,0,0,0,3,0,0.3333,0,0,0.02587174261791063,0,0,0.01047376495540949,0,0,0.0116822558521339,0,0,0,0,0,0,0,0,0,closed
0,0,0.0726,0.1608,96,1322,199,13,17,0,15,0,0.0064722094258326,0,0.00958359938117901,0.00669421370257755,0,0,0.01608058984697722,0,0,0,0,0,0,0,0.0093892856025634,0,0.01263222041776158,0,0.0293276742406826,0,0.01083639677082544,0,0,0.02322540772356223,0,0,0,0,0.01400475474348404,0,0,0,0,0,0,0.02417971970775473,0,0,0,0,0,0.03396018409863305,0,0,0.03127594962371335,0.01649937157932984,0.01658748842477414,4,0.0143621402062284,0,0.0157712184173454,0,0,0,0.01450007418335289,0.03214362348384293,0,0,0,0.0152501722608497,0,0.01758811059074616,0.01615564406857659,0,0,0,0,0,partially_open
0,0,0.1244,0.3191,84,675,94,12,15,0,15,0,0.01317151391923827,0,0,0,0,0,0,0,0,0,0,0,0,0,0,0,0,0.01908197102859254,0,0,0,0,0,0,0,0,0,0,0,0,0,0,0,0,0,0,1,0,0,0,0,0,0,0,0,0,0,4,0,0,0,0,0,0,0,0,0,0.03487323426585986,0,0,0,0.03579334786888692,0,0,0,0,0,0,fully_open
1,0,0.048,0.1165,90,1876,249,9,16,0,13,0,0,0,0.00708087597590296,0,0,0,0,0,0,0,0,0,0,0,0,0.00784077373703092,0,0,0.0108344274264942,0,0,0,0.00854344583106471,0.02574026078917088,0,0,0.01355816424121406,0,0.02069492420693183,0.01155417247245461,0,0,0,0,0.0113617280227954,0,0,0,0,0,0,0,0,0,0,0,0,4,0.03183455281380563,0,0.01165261997714692,0.0112489918629266,0,0,0,0,0,0.02532196628221671,0,0,0,0,0,0.02695675829364876,0,0.05646897826122276,0,0,partially_open
1,0,0.0753,0.0862,115,1527,232,15,10,0,10,0,0,0.02578791759131712,0.00966693502797187,0.01350484851302602,0.02220075647236124,0,0,0,0.01178083212226538,0.02563536131178952,0,0.015408320364625,0.01065980556273031,0,0.00947093156432482,0.010704360667077,0,0,0.0147913487474747,0,0,0,0,0,0.01448702838193473,0,0,0,0.02825307043902867,0,0,0.01513144553109753,0,0,0,0,0,0,0.01760829005561535,0,0,0,0,0,0,0,0,4,0,0,0.01590835944706144,0.04607195797772549,0,0,0,0,0.01474383140423923,0,0,0,0,0,0.01629612793004248,0,0.01580067197575952,0.01927310779785211,0,0.0349550518092387,fully_open
0,1,0.0774,0.2185,89,1150,151,12,18,0,15,0.04057548414877543,0.00721900282112097,0.05703097159618209,0,0,0,0,0,0,0,0,0,0,0,0,0,0,0,0.01045838796759399,0,0,0,0,0,0,0,0,0,0,0,0,0,0,0,0,0,0,0,0,0,0,0,0,0,0,0,0,0,4,0,0,0,0,0,0,0,0.03585250311659405,0,0,0,0,0,0,0,0.02034716851972526,0,0,0,0,fully_open
0,0,0.0554,0.0808,114,2058,297,16,13,0,11,0.00508415704996704,0,0.00893256181626948,0.02678789224618711,0.00935576854818067,0,0,0.00561851934412457,0,0.04080709921869034,0.01775943705334816,1,0,0.00738480505851798,0,0.04592831270651495,0.01483134309293801,0.0088273347497611,0.00655224306403479,0.02049403742119989,0,0,0,0,0,0,0,0,0.01807931936773515,0.0097864551219527,0,0.00987889831276391,0.01048262792816998,0.01051705142975696,0,0,0,1,0,0,0,0,0,0,0,0,0,0,4,0,0,0,0,0,0,0,0,0,0,0,0,0,0,0,0,0.02189249731581138,0.01335185178766863,0,0,partially_open
0,1,0.06,0.0773,150,2502,362,17,14,0,14,0,0.01104082784406737,0,0.0326969861240225,0,0,0,0,0.00637312090626881,0.00664115536304176,0.00722565331092106,0,0.00868606295064644,0.00600920411624502,0.00658448466499727,0,0.02413728385713441,0,0,0.02501478096999398,0,0,0.02760760819984855,0,0,0.03266682870436264,0,0,0.00735580150746087,0.01592697598278577,0,0,0.00852998154939322,0,0,0,0,1,0.00857205872435101,0.039704967772466,0.00802609370550802,0,0,0,0,0,0,0.00943210126114608,4,0.00816670717609066,0,0.02690384318253038,0,0,0,0.00824514022190654,0,0,0,0,0,0,0,0,0,0.00890724155496247,0,0,0,fully_open
0,0,0.0608,0.1323,84,1382,189,12,15,0.01845993723941573,10,0,0.00670335976246947,0,0,0.00693329276338389,0,1,0,0,0,0,0,0.0316420864630692,0,0,0,0.01099108461351656,0.01308337114696735,0,0,0,0,0,0.01197608031676035,0,0,0,0,0.02679613406289318,0,0,0,0,0,0,0,0,0,0,0,0.01461895639217532,0,0,0.01372426116834352,0.02283461913056103,0,0,0,2,0,0.6667,0,0,0.02055879547316112,0,0,0.01664580501841866,0,0,0,0,0,0,0,0,0,0,0,0,partially_open
1,0,0.1165,0.22,134,1150,150,16,20,0,13,0.01467774035294833,0,0,0,0.00675242425651301,0,0,0,0,0,0,0,0,0,0,0,0,0,0.01891604084573522,0,0,0,0,0,0,0,0,0,0,0,0.01577395720152499,0,0,0.01518113510730135,0,0,0,0,0.01520608678058789,0,0,0,0,0,0,0,0,0,3,0.01448702838193473,0.3333,0,0,0,0,0,0.01621156662663383,0,0,0,0,0,0,0,0.05520275285351549,0,0,0.01754266218052507,0.05243257771385806,closed
0,0,0.0262,0.2815,29,1106,135,4,20,0,18,0,0.00758359892319779,0,0,0,0,0,0,0,0,0,0,0,0,0,0.01100158717068035,0,0,0.02197317876019748,0,0,0.01269719217591668,0,0,0,0.01682836630224742,0,0,0.01515740916688907,0,0,0,0,0,0,0,0,0,0,0,0.01653861733256198,0.01661681909168941,0,0.01552643687731792,0,0.01832328361793308,0,0,3,0,0.3333,0,0,0.02325843528276814,0,0,0,0,0,0,0,0,0,0,0,0,0,0,0,partially_open
0,0,0.0373,0.169,59,1583,213,7,19,0.01654010376651649,17,0.00675176056235623,0,0,0,0,0,0,0,0,0,0,0,0,0,0,0,0,0,0,0,1,0.01005617620332601,0,0,0,0.01332806611137995,0,0.01702905428696486,0,0,0,0,0,0,0,0,0,0,0,0,0,0.01316052072061801,0,0,0,0,0,0,3,0,0.3333,0,0,0,0,0,0,0,0,0.03327106466687737,0,0,0,0.01499243769563908,0,0,0,0,0.0160793238322498,partially_open
0,0,0.0485,0.0875,124,2559,377,16,20,0,13,0,0.00410260269615618,0.01620552198361458,0,0,0,0,0,0,0.0148065103176013,0,1,0,0,0,0,0,0.00800730911726963,0,0,0,0,0,0,0,0,0,0,0,0,0,0,0,0,0,0,0,1,0,0,0,0,0,0,0,0,0.03137585415085676,0,4,0,0,0,0,0.02516486440430651,0,0,0,0,0,0,0,0.0113849702900403,0,0,0,0,0,0,0,fully_open
0,0,0.0366,0.2661,35,957,124,5,17,0,16,0,0.0086296125677768,0,0,0.02677685481031021,0,0,0,0,0,0,0,0,0,0,0,0,0,0.03750594305619914,0,1,0,0,0.01541748270663401,0,0.0191495202749712,0.01509245861356664,0,0,0,0,0,0.02000133604685306,0,0.0170184487424268,0.02050334827102158,0.04835943941550946,0,0,0,0,0,0,0,0,0,0,0.02211665123303219,4,0,0,0,0.02029990485608594,0,0,0,0.02142908232256196,0,0,0,0,0,0,0,0,0,0,0,0,fully_open
0,0,0.0624,0.1156,103,1650,225,14,14,0,12,0.01783035359777174,0,0,0,0.01640553780631682,0,0,0.00656812824735689,0.00915575116111857,0.00954081474690506,0.02076103204828024,0,0,0,0.00945940050464396,0.01534024126615992,0,0.01031927865112918,0.00765966442697024,0.01197890919689852,0,0.00885226778461796,0,0.01889184500672055,0.00948643414060992,0,0.00924678802380491,0,0,0,0.01277468364912235,0.01154857126703386,0.01225433969067758,0,0,0,0.00987622354260404,0,0,0,0.03459133343500639,0.01158496542307923,0.01387106111070927,0.010824769372214601,0,0,0,0.01355034265685775,4,0,0,0,0,0,0,0,0,0,0,0,0,0,0,0,0,0,0,0.01420708556873509,0,closed
0,0,0.0564,0.0984,127,2252,315,18,19,0,12,0,0.0076609825856794,0,0.00567192616437125,0.0356569342116886,0,0,0.01427562568047978,0.00663324829019815,0.0069122229288802,0.05264404555099634,1,0,0,0.00685323914111961,0.00555692413212936,0.01256123955830464,0,0.0110986974349977,0,0,0,0.01915629956724185,0,0,0.00850004216286987,0.01339840713653365,0,0.00765603830368376,0,0,0,0.02663443218484005,0.0267218959796886,0,0,0.04293133907295227,0,0,0,0,0.00839318923508801,0,0.00784243495333915,0,0.00925512794987436,0,0,4,0,0,0,0,0,0,0,0,0.00865071740554853,0.01014170588343883,0,0,0,0,0,0,0.00927080243475686,0.0113082010038418,0,0,fully_open
0,0,0.0919,0.1883,95,1034,154,12,16,0,13,0,0.01706309757719503,0,0,0,0,0,0,0,0,0,1,0,0,0,0,0,0,0,0,0,0,0.02133315179079206,0,0,0,0,0,0,0,0,0.01863519454453192,0.01977404813722973,0,0,0,0,1,0,0,0,0.09346960739075293,0,0.01746724148698266,0,0,0,0,4,0,0,0.02078933336831893,0,0,0.04468438309938256,0,0.02118557002344193,0,0,0,0,0,0,0,0,0,0,0,0,partially_open
0,0,0.0728,0.094,126,1731,234,13,12,0,10,0,0.01014562558644029,0.01001895446959955,0,0.00524681614526348,0,0,0.0126037055557389,0.0175691441199843,0,0.00995968429343174,0,0,0,0.01815182258999248,0.00735916979660374,0,0,0.00734913749074172,0,0,0.00849339206361994,0.10147661392376764,0.00906297969916999,0,0.01125681259407091,0.00887191823905606,0,0.0202781555070543,0,0.01225679106875253,0,0.01175754213565011,0.01179615227932199,0,0,0.00947583610168766,1,0,0,0,0.01111530466268413,0,0,0,0,0.01293193988650177,0.01300100444103919,2,0,0.6667,0,0.02386610435783077,0,0,0,0,0.01145635548302373,0,0,0.01195283771796328,0,0.01378527586842266,0,0,0,0,0,0,fully_open
0,0,0.0172,0.1279,31,1802,258,4,19,0,14,0.00558920576353992,0,0,0,0,0.00845393044477332,0,0.0061766504047992,0,0,0,0,0,0,0,0,0,0,0,0,0,0,0,0,0,0.02206633462148999,0,0,0,0,0,0,0,0,0,0,0,1,0,0,0,0,0,0,0.01693693604385984,0,0,0,3,0,0.3333,0,0,0,0,0,0,0,0,0,0,0,0,0,0.01401394388113528,0,0,0,0,closed
1,0,0.0464,0.0938,79,1703,224,9,11,0,10,0.01288503924113784,0.02865558371742678,0.01131912413359339,0.00848624067341042,0.01185540136639689,0.0097446068485555,0,0,0,0.0103419518630574,0,0,0,0,0,0.00831417656410194,0.01879391567502069,0,0,0.01298477180121824,0,0,0,0,0,0,0,0,0,0.01240115687209273,0,0,0,0,0,0.02723345495540271,0,0,0,0,0,0,0,0,0,0,0,0,3,0,0.3333,0.01396535371306921,0.02696323240426682,0,0,0,0,0,0,0,0.01350396933021805,0,0,0,0,0,0,0,0.01534286625214676,closed
0,0,0.0438,0.2524,63,1439,206,8,30,0,22,0,0.00577520225689678,0.03421858295770925,0.02565455834346381,0,0.00981956536277516,0,0,0,0,0,0,0,0,0,0.05026879061064714,0,0,0,0,0,0.00966940019550578,0,0,0,0,0,0,0,0,0,0,0,0,0,0,0,0,0,0,0,0,0,0,0,0,0,0,3,0,0.3333,0.01407277951086205,0,0,0,0,0,0,0,0,0.01360784601737358,0.01602653510059519,0,0,0,0,0,0,0,partially_open
0,0,0.0393,0.1516,66,1680,244,7,20,0,17,0,0.00536268780997558,0,0.00794069663011975,0,0,0,0,0,0,0,0,0.01265683458522768,0.00875626885509989,0,0.0077796937849811,0,0.01046669691757388,0,0,0,0,0,0,0,0,0,0,0,0,0,0.01171355085656292,0,0,0,0,0,0,0.0124907141411972,0,0,0.01175046492912322,0,0,0,0,0,0,3,0,0.3333,0,0,0,0,0,0,0,0,0,0,0.01488178259340982,0,0.01338610508539203,0,0,0,0,0,closed
0,0,0.0491,0.2184,60,1222,174,8,22,0,16,0,0,0,0,0.02740689845290575,0,0,0.0109726377779374,0,0,0.01734156794621056,0,0.06253965324465442,0,0.06321105278397382,0,0,0.01723926551129816,0,0,0,0,0,0,0,0,0,0,0,0,0,0,0,0,0,0,0.03299820571881822,0,0,0,0,0.03870741388417062,0,0,0,0,0,0,4,0,0,0,0,0,0,0,0,0,0,0.02446401813740983,0,0,0,0,0,0,0,0,0,partially_open
0,0,0.1184,0.287,94,794,108,12,17,0,14,0.02446290058824721,0,0.0214899313260976,0,0,0,0,0,0,0,0,0,0,0,0,0,0,0,0,0,0,0,0,0,0,0,0,0,0,0,0,0,0,0,0,0,0,0,0,0,0,0,0,0,0,0,0,0,4,0,0,0,0,0,0,0,0,0,0.0288083239587538,0,0,0,0,0,0,0,0,0,0,partially_open
0,0,0.0736,0.096,107,1453,198,13,11,0.01654010376651649,8,0,0,0,0,0,0,0,0,0.04160373327612282,0,0,0,0,0,0,0,0,0,0,0,0,0,0,0,0,0.01332806611137995,0,0,0,0,0,0.01311917695935047,0,0,0.01184484032472905,0,0,1,0,0.01619962685116613,0,0,0,0,0,0,0,0,4,0.01332806611137995,0,0,0,0,0,0,0,0,0,0,0,0,0.03264353325642488,0,0,0,0,0.01613924920608306,0,closed
1,0,0.0365,0.1446,42,1152,166,5,13,0,11,0,0,0,0,0,0,0,0.01047948551825482,0,0,0,0,0,0,0,0,0,0.01646446706135217,0,0,0,0.01412384298219945,0,0.01507102242109167,0.01513565896591695,0,0,0,0,0,0,0,0,0,0,0,0,0,0.03929662875882265,0,0,0.01848387741659833,0,0,0,0.02038207953006039,0,0,4,0,0,0,0,0,0,0,0.02094752991081899,0,0.0223345432938653,0,0,0,0,0,0,0,0,0,0,partially_open
0,0,0.1289,0.2027,138,1071,148,18,16,0,14,0,0.00843568868984923,0.04998219982586745,0,0,0.01434318536135698,0,0.03143845655476447,0,0,0,0,0,0.01377390606420208,0,0,0,0,0.04888415050021461,0,0,0,0,0,0,0,0,0,0,0,0,0,0,0,0,0.02004259887167278,0,1,0,0,0,0,0,0,0,0.02038207953006039,0,0,4,0,0,0,0,0,0,0,0.04189505982163798,0,0,0,0,0,0,0,0,0,0,0,0,partially_open
0,0,0.0627,0.1609,72,1149,174,9,15,0.0237645169059145,13,0.00970080540568424,0,0,0.02555626501647736,0.02677685481031021,0.02934582752093727,1,0.01072039323131815,0,0,0.03388582242362983,0,0,0,0,0,0.01414944226107879,0.01684296055701544,0.03750594305619914,0,0,0.01444852902776725,0.02157836043206553,0.01541748270663401,0,0,0,0,0.01724808629335653,0,0,0,0.06000400814055919,0,0,0,0.01611981313850315,0,0,0,0,0,0,0.05300404313291291,0,0,0,0,4,0,0,0,0,0,0,0,0,0,0,0,0,0,0,0,0,0,0,0,0,partially_open
0,0,0.0556,0.0798,81,1457,213,11,9,0,8,0.05233922916555218,0,0.03448384329071475,0.00861781029625399,0.00601960301937206,0,0,0,0,0,0,0,0,0.0095029274396433,0,0,0.02862794131892686,0.01135920595705692,0.01686313718805853,0,0,0.01948871357233723,0.0145528477332535,0,0,0.01291479274358523,0.02035726975783407,0,0,0.01259342287010967,0,0,0,0,0,0.01382783953161921,0.03261450565232033,0,0,0.01569731284027726,0,0,0,0.01191563760352305,0,0,0,0.02983176212827597,4,0,0,0,0.01369063350759284,0,0,0.01303882639743361,0,0,0,0.0322394037469742,0,0,0,0.02905511181325403,0,0,0,0,0.01558074014752888,fully_open
0,1,0.0381,0.0975,65,1705,236,9,13,0,10,0.00620566228157741,0.01104082784406737,0.02180595972795197,0.01634849306201125,0.03996839357715422,0,0,0.02057369583363263,0.01911936271880644,0.00996173304456264,0.0108384799663816,0,0.02605818885193934,0.00901380617436754,0.01975345399499181,0.00800850830806878,0,0,0,0.01250739048499699,0,0,0,0.00986265437850852,0,0,0,0,0.01103370226119131,0,0,0,0,0,0,0.01311611249690351,0,0,0.01285808808652653,0,0,0,0.01448301968912291,0.01130233272687113,0,0,0,0,4,0,0,0,0,0,0.014456712179212,0,0,0,0,0,0,0,0,0,0,0,0,0,0,fully_open
0,0,0.0606,0.1349,61,1006,126,8,9,0,8,0,0.00915580845605587,0,0,0,0,0,0,0.01585508127901022,0,0,0,0,0,0.0163809130690176,0,0,0,0,0,0,0,0,0,0,0,0,0.02595892421793424,0,0,0,0,0,0,0,0,0,0,0,0,0,0,0,0,0,0,0,0,2,0,0.6667,0,0,0,0,0,0,0,0,0,0,0,0,0,0,0,0,0,0,closed
0,0,0.0879,0.2797,77,876,118,11,19,0.02756683961086082,14,0,0.05005175289310545,0.01977073682000979,0,0.01035371719331995,0,0,0.02487131229665811,0.01733488886505117,0,0.0196537770057053,0,0,0,0.01790979828879258,0.01452209506529806,0,0,0.02900459596346067,0,0,0,0,0,0,0,0,0,0,0,0,0,0,0,0.01974140054121509,0,0,1,0,0,0,0,0,0,0,0,0,0,3,0,0.3333,0,0,0,0,0,0,0,0,0,0,0,0,0.02498739615939847,0,0,0,0,0,closed
0,0,0.0994,0.1111,119,1197,162,14,9,0,9,0.01623019365951017,0,0.01425774289904552,0,0.00746662297595188,0,0,0.00896802126081422,0.02500224355536227,0,0,1,0.01703804655703726,0,0.02583143983960468,0.02094532942110297,0,0.01408978431211869,0,0,0,0.03626025073314667,0,0.01289731726420345,0.01295263123044816,0,0.01262542210942594,0,0,0,0,0,0,0,0.01423658692876088,0,0,0,0.01681442288238084,0,0.03148698299853146,0,0,0,0,0.01744235652091706,0,0,3,0,0.3333,0,0,0,0,0,0,0,0,0,0,0,0,0.01801975684572005,0.02034716851972526,0,0,0,0,fully_open
0,0,0.106,0.2074,158,1491,217,22,27,0,18,0,0,0,0,0,0.01110037823618062,0,0.00811021053151895,0,0.07068499273359231,0,0,0,0.01065980556273031,0,0,0.064226164002462,0,0,0,0,0,0,0.01166366083023616,0.04685473558144729,0,0,0,0,0,0,0,0,0,0,0,0,0,0,0,0,0,0.01712774502365841,0,0,0,0.01664284437567184,0,4,0,0,0,0,0,0.0170966335336768,0,0,0,0,0,0,0,0,0,0,0,0,0,0,fully_open
1,0,0.0551,0.1649,76,1380,194,11,17,0,15,0.04116927172168434,0,0,0,0,0,0,0,0,0.02202919827740682,0,0,0,0.00996648487572346,0,0,0.01000814208710451,0.01191331356471824,0,0,0,0,0.06105097097852689,0,0,0,0,0,0.01219986591481315,0,0,0.02666499381981803,0,0,0,0,0,0,0,0,0,0,0,0,0,0,0,0,4,0,0,0,0.01435846928845103,0,0,0,0,0,0,0,0,0,0,0,0,0,0,0,0,closed
0,1,0.0433,0.115,82,1894,287,11,18,0,15,0.00578061691982554,0,0.0101562004212379,0.02284309989486503,0.01595607101710266,0,0,0.00638817952825122,0,0.02783826768617505,0,0,0,0,0,0.0074599803417627,0.00843151696379353,0,0,0.02330143980766562,0,0,0.02571667613136577,0.00918713010600794,0.00922653183538773,0,0,0,0,0.0222541308252623,0,0,0,0,0.01014113041500775,0.01221774862725258,0.01921128415136677,1,0,0,0,0,0,0,0,0.02484938463253937,0,0,4,0.03423304651895537,0,0.02506111419742556,0,0,0,0.02304121377080734,0,0,0.013614892829822,0,0,0,0,0,0,0.01244573477542702,0.01518087258049995,0,0,fully_open
0,1,0.091,0.1287,127,1396,202,13,15,0,11,0,0.01580581670308593,0,0,0.01634797451576834,0.01343729997011338,0,0,0.02737087715534396,0,0.03103227948269258,0,0,0,0.02827862887704091,0,0,0,0.01144918261715552,0,0,0.03969543238155004,0,0,0.04253916783052451,0.01753692909392099,0.01382151473031892,0,0,0,0,0,0,0,0,0,0,1,0,0,0,0,0,0,0,0,0,0,4,0,0,0,0,0,0,0,0.01962452802171463,0,0,0,0,0,0.04295201744266431,0,0,0.019127129233814152,0,0,0,fully_open
1,0,0.0216,0.0836,45,2080,299,6,16,0,9,0.0049354974871025,0,0.0086713757982499,0.01300231027154111,0,0,0,0,0,0,0,0,0,0,0,0.0063693399409202,0.02879535618044106,0,0,0.00994739828046544,0,0,0,0,0,0,0,0,0,0.00950030146341607,0,0,0,0,0,0,0,0,0.0102263156711556,0,0,0,0,0,0,0,0,0.01125233132908655,4,0,0,0,0,0,0,0,0,0,0,0,0,0,0,0.01095938428043792,0.08662420282081866,0,0,0,0.03526167507072325,closed
0,0,0.0509,0.1296,81,1591,216,11,17,0,11,0,0.02160507319126853,0,0,0.01675961416184884,0.00918376616662425,0,0,0,0.00974673161194618,0.02120911187666039,1,0.01274789094915018,0,0,0,0,0,0.01564996185078813,0,0,0,0,0.00964979133436805,0.00969117732350078,0,0.0283390769650424,0,0,0,0,0,0.03755646552682482,0,0,0,0.02017875889280251,0,0,0,0,0.01183500064803778,0,0,0,0,0,0,2,0,0.6667,0,0,0,0,0,0,0,0,0,0.02545352492458368,0,0,0,0,0.03921749519163334,0,0,0,partially_open
0,0,0.1371,0.3265,44,321,49,5,9,0,7,0,0,0,0,0,0,0,0,0,0,0,0,0,0,0,0,0,0,0,0,0,0,0,0,0,0,0,0,0,0,0,0,0,0,0,0,0,1,0,0,0,0,0,0,0,0,0,0,2,0,0.6667,0,0,0,0,0,0,0,0,0,0,0,0,0,0,0,0,0,0,closed
0,0,0.1203,0.1301,105,873,123,15,8,0,8,0.02083876716776614,0,0,0.02744932168436457,0.00958677517899995,0,0,0,0.0481524690695866,0.0334517455323585,0,0,0,0.03026858369664162,0.01658314656369683,0,0.04559264728569834,0,0.02685610737357469,0.02100006303653815,0,0,0,0,0,0,0,0,0.01852572231508664,0,0,0,0,0,0,0,0.01731387337098487,1,0,0,0,0,0,0,0,0,0.02362872966916373,0,2,0.0822720130332096,0.6667,0,0,0,0,0.08306215334661411,0,0.02093260014182113,0,0,0,0,0,0,0,0.02243305280509067,0,0,0,fully_open
0,0,0.0606,0.2667,61,1007,135,9,21,0,15,0.00927439637686295,0,0,0,0,0,0,0,0.01428699631734987,0,0,0,0,0,0.01476082276548839,0.0837813176844119,0,0,0,0,0,0,0,0,0,0,0,0,0,0,0,0,0,0,0,0,0,0,0,0,0,0,0.02164495250242546,0,0,0,0,0,2,0,0.6667,0,0,0,0,0,0,0,0,0,0,0,0,0.02059400782368006,0,0,0,0,0,fully_open
0,1,0.0427,0.1179,73,1708,229,10,15,0,12,0,0,0.10442290573948834,0,0,0.03595897175100764,0,0.01970438474207068,0,0,0,0,0,0.00863294112474638,0,0,0,0,0.00765966442697024,0,0,0,0,0.02833776751008083,0.00948643414060992,0,0,0,0.01056748948959167,0,0,0.01154857126703386,0.02450867938135516,0,0.01042679606050093,0,0,0,0,0,0,0,0.01387106111070927,0,0,0.01277468364912235,0,0,3,0,0.3333,0,0.03731179695379177,0,0,0,0,0.0238808536829227,0,0.01464395451887208,0,0,0,0,0,0,0,0.01420708556873509,0,fully_open
0,0,0.0849,0.2105,93,1096,152,12,16,0,16,0,0,0,0.01208366878496483,0.01688106064128252,0,0,0,0,0.01472604015283173,0.0320442016397369,0,0,0,0,0.02367732891081205,0,0,0,0.01848918593434338,1,0,0,0,0,0,0,0,0,0,0,0,0,0,0,0,0,1,0,0,0,0.01788114228344838,0,0,0,0,0,0,3,0,0.3333,0,0,0,0,0,0,0,0,0,0,0,0,0,0,0,0,0,0,partially_open
1,0,0.0478,0.2363,63,1317,182,7,25,0,18,0,0,0,0,0.01451455681306535,0.0119303130575773,0,0,0,0,0,0,0,0,0,0,0.02300937339652065,0,0,0,0,0,0.03509004406709722,0,0,0.01557017069086443,0,0,0,0,0,0,0,0,0,0,0,0,0,0.01892479772332491,0,0,0,0.01436558178368667,0,0,0,0.01798269773153084,4,0.03114034138172887,0,0,0,0.06455846055123493,0,0,0,0,0,0,0,0,0,0.01751453001826995,0,0,0,0,0,partially_open
0,0,0.0775,0.1484,89,1148,155,9,13,0.02007294146421904,10,0,0,0,0.01079317988559966,0,0,0,0,0,0,0,0,0,0,0,0,0.01195147064770733,0,0,0,1,0.0122040973341335,0,0.01302253393667145,0.01307838493171465,0,0,0,0,0,0,0,0,0,0.01437480621933137,0.01731836213183376,0,0,0.08488834853240815,0,0,0,0,0,0,0,0,0,4,0,0,0,0,0.11177597538806049,0,0,0,0,0.03859756025541771,0,0,0,0,0,0,0,0,0,0,fully_open
0,0,0.0942,0.1417,92,977,127,9,10,0,8,0,0.04812668547413985,0,0,0,0,1,0.03587208504325689,0,0,0,0,0,0,0,0,0.01578207021428019,0.01878637908282491,0,0,0,0,0,0.01719642301893794,0,0,0,0,0.01923825009643613,0.02082758397748908,0,0,0,0,0,0,0,0,0.02241923050984112,0,0.06297396599706293,0,0,0,0,0,0,0,4,0,0,0,0,0,0,0,0,0,0,0,0.0226797433622893,0,0,0,0,0,0,0,0,fully_open
0,1,0.0547,0.1461,68,1244,178,9,14,0,12,0,0.01501552586793163,0,0,0.03882643947494982,0.02553086994321543,0,0,0.01300116664878838,0,0,0,0,0,0.01343234871659443,0,0,0,0,0,0,0,0,0,0.01347073647966609,0.01666008263922494,0,0,0,0,0,0.01639897119918809,0,0,0,0,0,1,0,0,0,0,0,0,0.02557477342622836,0,0,0,4,0,0,0,0,0,0.03932225712745665,0,0,0.01695540611487512,0,0,0,0,0,0,0,0,0,0,0,fully_open
0,0,0.1345,0.2959,97,721,98,11,15,0,14,0.02312246767930216,0,0,0,0.01063738067806844,0,0,0,0,0,0.02019223664969722,0,0,0.01679284437964364,0,0,0,0,0.0148996212141065,0,0,0,0,0,0,0,0,0,0,0,0,0.02246434410847683,0,0,0,0,0,1,0,0,0,0,0,0,0,0,0,0,4,0,0,0,0.02419303729423941,0,0,0,0,0,0.054459571319288,0,0,0,0,0,0,0,0,0,0,fully_open
0,0,0.0318,0.0672,85,2671,387,15,14,0,12,0.01570176874966565,0.0034919827599841,0,0,0.01083528543486971,0,0,0,0,0.00630137532121171,0.02056790616876136,1,0,0,0,0.03039508269480989,0,0,0.00505894115641755,0.007911651655626,0,0,0,0,0,0,0,0,0,0,0,0.00762742846473864,0,0,0.02065960521755068,0,0,1,0,0,0,0,0,0,0,0,0,0,4,0,0,0.00850912249493984,0,0,0,0,0,0,0,0,0,0,0,0,0,0,0,0,0,fully_open
1,0,0.0402,0.121,68,1690,248,10,17,0,13,0.0194762323914122,0,0,0.03420607779128508,0.01791989514228453,0,0,0,0,0,0,0,0,0,0,0.01675626353688238,0.00946924212856811,0,0.00836671037407519,0,0,0.00966940019550578,0,0,0,0.01281544818401919,0,0.03274818132108627,0,0.01249655038649345,0,0.01261459323014468,0,0,0,0.05488588614088856,0.01078787494653672,0,0,0,0.03778437959823776,0,0,0,0,0.01395388521673365,0,0.02960228703498155,4,0,0,0,0.01358532094214982,0.01771219302303112,0,0,0.01434100124663761,0,0.03058114389467711,0,0,0.01602653510059519,0,0.02883161095315208,0,0,0,0,0.03092177660048039,closed
0,0,0.0752,0.1324,109,1450,204,13,14,0,13,0,0,0,0,0,0,0,0,0,0.00988901966467532,0,0,0,0,0,0,0,0.01069589466029447,0,0,1,0,0,0.0097906642005632,0,0,0,0,0,0,0,0,0,0,0.01080733606270899,0,0,1,0,0,0.01195126361988055,0,0,0,0,0.01324091297938229,0.01397027082629388,0,4,0,0,0,0,0,0,0,0,0,0,0,0,0,0,0,0,0,0,0,0,fully_open
0,0,0.05,0.0648,126,2522,324,14,11,0,10,0,0,0,0.00558641973978274,0,0,1,0,0.0195997487167664,0,0,0,0,0.00616018914429138,0,0.00547315140651937,0.00618593706891384,0.00736350536914745,0.00546569019411947,0.00854776435155573,0,0.00631669359505402,0,0,0.00676921431138999,0,0,0.0106966421400533,0.00754062064081416,0.00816357562936758,0.00911560340791645,0.00824068904481813,0.00874430269385033,0.00877301777557615,0.0074402263346288,0.00896377537476823,0,0,0.00878743708425933,0.0203512900140278,0,0,0,0,0,0,0,0,1,0,1,0,0,0,0,0,0,0,0,0,0.00888954764954053,0.01046959579435866,0,0,0,0.01826208318806376,0,0,0,partially_open
0,0,0.0732,0.1395,92,1257,172,12,12,0,12,0.00803781019328122,0.01430050082660155,0,0,0.01479102456188564,0,0,0,0,0,0.02807682429386471,0,0,0.0116750251401332,0,0.01037292504664147,0,0,0,0,0,0,0,0,0,0.01586674537069042,0,0,0,0,0,0,0,0,0,0,0,0,0,0,0,0,0,0,0,0,0,0,2,0,0.6667,0,0,0.02192938183803853,0,0,0,0,0,0,0,0,0,0,0,0,0.02110864187383803,0,0,fully_open
0,0,0.0484,0.039,119,2461,333,14,7,0,6,0.02028774207438771,0.00721900282112097,0.00712887144952276,0.01068939930977658,0.02239986892785566,0,0,0,0,0.00651344083682942,0.035433492197786,1,0,0,0,0.01570899706582723,0.00591827633035507,0,0.02091677593518798,0.00817790916326726,0,0.01208675024438222,0.01805112843836251,0.00644865863210172,0.01295263123044816,0,0.00631271105471297,0,0,0,0,0,0.01673188688534823,0,0.00711829346438044,0,0,0,0,0,0,0.03163586711687022,0.01893933343962228,0.0073899867829542,0,0.01744235652091706,0,0,2,0,0.6667,0.00879548719428878,0,0,0.00945246565563862,0,0,0.00815163755522842,0,0,0.03401961504343395,0,0,0.00900987842286002,0,0.00873594844813627,0,0,0,partially_open
1,0,0.0425,0.1806,47,1106,155,6,16,0,12,0,0.01687137737969846,0,0.01249098346310972,0.0087250425786404,0,0,0,0,0,0,0,0,0,0,0,0.01383147726644781,0,0.01222103762505365,0,0,0,0.02109345345606406,0,0,0,0,0,0.016860488848562,0,0,0,0,0,0,0,0.01575757014662667,0,0,0.06825685470996964,0,0,0,0.01727098034667948,0,0,0,0,3,0,0.3333,0,0.07937490887548213,0.02587174261791063,0,0,0,0,0,0,0,0,0.02292382953400623,0,0,0,0,0,0.02258331998911489,closed
0,0,0.0791,0.1529,85,1075,170,12,14,0,12,0.05564637826117773,0.00825028893842397,0.01629456331319488,0.01221645635403038,0.00853328340108787,0.01402795051825023,0,0,0,0,0,1,0,0.01347118285399984,0,0,0,0,0,0,0,0,0.0206298610724143,0,0,0,0,0,0,0.03570442967569558,0,0,0,0,0,0.01960210219317448,0,0,0,0,0,0,0.02164495250242546,0,0,0,0.02103216596925563,0,3,0.01830778312002741,0.3333,0.02010397072980293,0.01940760134592832,0,0,0,0,0,0.08737469684193461,0,0,0,0,0,0,0,0,0,0,fully_open
0,0,0.1003,0.1165,63,628,103,9,6,0,6,0,0,0,0,0.02930297318864137,0,0,0.01759762662499394,0,0,0,0,0,0,0,0,0,0,0,0,0,0,0,0,0,0,0,0.04016286388435108,0,0,0,0,0.0328323818127588,0.03294019881772934,0,0,0.05292165068112356,0,0,0,0,0,0.07432795010266856,0,0,0,0,0,3,0,0.3333,0.03451813842286917,0,0,0,0.06347202284033719,0,0,0,0.1177042382082926,0.03337773551431255,0,0,0.07071904573414661,0,0,0,0,0,closed
0,0,0.1211,0.3176,148,1222,170,16,34,0.02088396940216729,20,0,0,0,0,0,0,0,0,0,0.01368480499051029,0,0,0,0,0,0,0,0,0,0,0,0,0,0,0,0,0,0,0,0,0,0,0,0,0,0,0,1,0,0,0,0,0,0,0,0,0,0,3,0,0.3333,0.01847940743850572,0,0,0,0,0,0,0,0,0,0,0,0,0,0,0,0,0,partially_open
0,0,0.073,0.2483,83,1137,145,11,20,0,16,0,0.00782058638954772,0,0,0,0,0,0.02914606909764622,0.01354288192582123,0,0,0,0,0,0.0139920299131192,0,0,0.03052786600959049,0,0,0,0.02618795886282815,0,0.02794418740577415,0.01403201716631884,0,0.01367754061854477,0,0.03126215640670871,0,0.01889588623099348,0,0,0,0.01542296917282429,0,0,0,0,0,0.01705544912420454,0.0342721893766094,0,0.03202327605946821,0,0,0.01993674065835689,0,3,0,0.3333,0,0,0,0.12288205352330205,0,0,0.03532376273932317,0,0,0.01842729148186005,0,0,0,0.02204276589636903,0.01892788830429526,0,0.02101464740375399,0,partially_open
1,0,0.0573,0.3173,40,698,104,5,19,0,14,0,0,0,0,0,0,0,0,0.02453050311092147,0,0,0,0,0,0.02534405418225365,0,0,0,0,0,0,0,0,0,0,0,0,0,0,0,0,0,0,0,0.02793594416209683,0,0,1,0,0,0.03089288897969124,0,0,0,0,0,0,0,3,0,0.3333,0,0,0,0,0,0.03517604079363944,0,0,0,0,0,0,0,0,0,0,0.03806426699547893,0,closed
0,0,0.1163,0.2566,97,834,113,11,16,0,13,0,0,0,0,0,0,0,0.02454405818749155,0.03421359644417995,0,0,0,0,0,0.03534828609630115,0,0,0,0,0.02238164613104724,0,0.01653976349231251,0,0,0,0.02192116136740124,0.01727689341289865,0,0,0,0,0,0,0,0,0,0,1,0,0,0,0.02164559329049015,0,0,0,0,0,0,3,0,0.3333,0,0,0,0,0,0.02453066002714329,0,0,0,0,0,0,0,0,0,0,0,0,fully_open
1,0,0.0431,0.0845,93,2160,296,11,14,0,11,0,0,0,0,0,0.02081320919283866,0,0,0,0,0,0,0,0.00666237847670644,0,0,0.00669022541692312,0,0.01773378829287677,0,0,0,0,0,0.00732105243460113,0.17203346203547498,0,0,0,0.01765816902439292,0,0,0,0.02846462832619003,0,0.0193890358649878,0,0,0.01900760847573486,0,0,0.03576228456689677,0,0,0,0,0,0,3,0,0.3333,0.0198854493088268,0,0,0,0.03656540446236817,0,0,0.01080312148453267,0,0,0.04529238180602989,0,0,0,0,0,0,0,partially_open
1,0,0.056,0.1149,115,2052,296,14,22,0,12,0.02996343444832647,0,0,0,0.01837937963311233,0,0,0.02207512925738885,0.00769299801703454,0.00801654256840544,0.01744418077429464,0,0,0,0.00794813533526297,0.02577886697981904,0,0,0.00643593105698091,0,0,0.04462800090233437,0,0.02381043187237561,0.02391254996390431,0,0.0077694905288775,0,0.00887919235220129,0,0,0,0,0,0.01752195314309031,0,0.00829836534348978,1,0,0,0,0,0,0.01819073669650265,0,0,0.0226500248899676,0,3,0.00985803706463014,0.3333,0,0,0,0.01163380388386291,0,0.02206307884098094,0.02006556936671611,0,0.01230438782059074,0.01046757385951813,0,0,0,0.01252133447367708,0.01075193655155233,0,0,0,closed
0,0,0.0437,0.0676,116,2654,340,16,13,0.00993996620583924,10,0.00405754841487754,0.00360950141056048,0,0,0,0.01227445670346895,1,0.00896802126081422,0.00625056088884056,0,0,0,0,0,0.00645785995990117,0,0,0.00704489215605934,0,0.00817790916326726,0,0.00604337512219111,0,0,0.01295263123044816,0.00800965511501199,0.02525084421885188,0,0,0,0,0,0.04182971721337059,0,0.01423658692876088,0,0,0,0.00840721144119042,0.00973535267497964,0,0.00790896677921755,0.00946966671981114,0.0073899867829542,0,0.00872117826045853,0,0,3,0,0.3333,0,0,0,0,0.00808657983302373,0,0,0,0,0.01700980752171697,0.01001658443787199,0,0,0,0,0,0.00969906803250184,0,fully_open
0,0,0.1351,0.1357,230,1702,258,27,20,0,15,0.00482268611596873,0.01716060099192186,0.01694634584572267,0.0127051146081916,0.03549845894852554,0,0,0,0,0,0.01684609457631883,1,0,0,0,0.06223755027984883,0,0,0,0,0,0,0,0,0,0.01904009444482851,0,0,0,0,0,0,0.0198870426980139,0,0,0,0.04006924980142212,1,0,0,0,0,0,0,0,0,0,0,4,0,0,0,0,0,0,0.01922295548878783,0,0,0.01135871058945149,0,0.01010868561290608,0,0,0,0,0,0,0,0,fully_open
0,0,0.0404,0.132,82,2029,303,9,22,0,18,0.00607172712442107,0,0,0.01599564788801101,0,0.02755129849987276,0,0,0,0.00974673161194618,0,1,0,0,0,0,0,0.01054199689539815,0,0,0,0,0,0,0,0,0,0,0,0.01168742122477804,0.013050396245866,0,0,0,0,0,0,0,0,0,0,0,0,0,0,0,0.01376925973526807,0,4,0,0,0,0,0,0,0,0,0,0,0,0,0,0,0,0,0,0,0,0,fully_open
0,0,0.0373,0.1652,58,1555,224,8,22,0,15,0,0,0,0,0.0065254520125966,0,0,0,0.01092535012503225,0,0.02477366849458651,1,0,0.01030149277070576,0.01128768799713818,0,0,0,0,0,0,0.02112642059522271,0,0.04508642001603897,0.01131994662156814,0,0,0.01788766206613955,0,0,0,0,0,0,0.01244205916463136,0,0,1,0.01469495781317317,0,0,0,0,0,0,0,0,0,4,0,0,0,0,0,0,0,0,0,0,0,0,0,0,0.03149671784798126,0,0,0.01862527224162179,0,0,fully_open
0,1,0.0513,0.1256,81,1580,207,9,14,0,12,0,0.00548011892990205,0,0.00811458049793259,0.02267237341602909,0,0,0.00680784095711444,0,0,0.04303746789570503,0,0,0.00894801196871522,0,0.02385015612913915,0.00898541223878726,0,0.007939214223575,0.03724828699181586,0,0,0.05481218562305698,0,0,0,0.00958426203927224,0,0.01095316428848188,0,0,0,0.01270157836551982,0.01274328859372011,0,0,0.01023666965729762,0,0,0,0,0,0,0,0,0.01324091297938229,0.01397027082629388,0,2,0.01216064426220799,0.6667,0,0.03867354136816373,0,0,0.01227743507495573,0,0.01237620884297454,0,0,0.01291255461502602,0,0,0,0,0,0.01617815618067878,0,0,fully_open
0,0,0.0517,0.1026,57,1102,156,8,9,0,7,0,0.01564117277909545,0,0,0,0,0,0,0,0,0,1,0,0,0,0.04538154707905643,0,0,0.01132992029822682,0.01771880318707907,0,0,0,0,0,0,0,0,0,0,0,0,0,0,0,0,0,0,0,0.04218652825824513,0,0,0,0,0,0,0,0,2,0,0.6667,0,0.01839678877582788,0,0,0,0,0,0,0,0,0,0,0,0,0,0,0,0,fully_open
0,1,0.0589,0.2262,91,1546,221,12,28,0,22,0,0,0,0,0.00658075245338132,0.02163633046035205,0,0,0,0,0,0,0,0,0,0,0,0.01241811498695206,0,0,0,0,0,0.02273425416062982,0.02283175674519677,0,0,0,0,0,0,0.04169229965895277,0,0,0.01254750034399264,0,0,0,0,0,0.01387561962647149,0,0,0.01302641738012266,0.19506183121699597,0,0.03243944242715699,0,3,0,0.3333,0,0,0.01951343299147496,0.04998592007727541,0,0.01579940815307534,0,0,0,0,0,0,0,0,0,0,0.01709666229457952,0,fully_open
0,0,0.0527,0.15,67,1271,180,9,14,0,13,0.02240628505206714,0,0,0,0.06184742571230944,0.01129684510761744,0,0,0,0,0.10435633808339095,0,0,0,0,0,0.01089381837799871,0,0,0.01505314253061584,0,0,0.01661342794327169,0,0,0,0.0116198575166398,0,0,0,0,0.0145123638930868,0,0,0,0,0,0,0,0,0,0.01455809814227656,0,0,0,0,0,0,3,0,0.3333,0,0,0,0,0,0,0,0,0,0,0.03687521350579424,0.01805505157988101,0,0,0.03216065977366982,0.01961422475002649,0,0,partially_open
0,0,0.0971,0.1823,155,1597,203,14,19,0.01466321255896852,18,0,0.01597396368928897,0,0,0,0,1,0,0,0,0,0,0,0.008694167657546,0,0,0,0.03117739507362433,0,0,0,0,0,0,0,0,0,0,0,0,0,0,0,0,0,0,0,0,0,0,0,0,0,0,0,0,0,0,3,0,0.3333,0.01297490309512103,0,0,0,0,0,0,0,0,0,0,0,0,0,0,0,0.01430784504085378,0,fully_open
1,0,0.08,0.1739,81,1012,138,9,14,0,10,0.00959056898061964,0,0,0.01263292645700869,0.02647257236928396,0,0,0.02119714116192453,0,0,0.01675037812986247,0,0,0,0,0.01237678556701539,0.01398865314447562,0,0,0.01932960347681353,0,0.01428434119790626,0,0,0.0306153101810593,0,0,0,0,0,0,0,0,0,0,0,0,0,0,0,0,0,0,0.01746724148698266,0,0,0.02174917162729843,0,3,0,0.3333,0,0,0,0,0,0.02118557002344193,0.01926750694872172,0,0,0,0,0,0,0.02404665370512986,0.02064860542286755,0,0,0.04567989725070968,closed
0,1,0.101,0.1638,127,1258,177,18,17,0,12,0,0,0,0,0,0,0,0,0.0117127627466562,0,0,0,0,0,0.01210121505999498,0,0,0.01320123935549859,0,0,0,0,0,0.01208397293222666,0,0,0.02365844863748284,0,0.02703754067607239,0,0,0,0,0,0,0,0,1,0,0,0,0,0,0.02769580632170224,0.04608067284005109,0,0,0,4,0,0,0,0,0,0.10627637061474772,0,0,0,0,0,0.01593711695728437,0,0,0,0,0,0,0,0,fully_open
1,0,0.1042,0.1838,133,1277,185,17,25,0,9,0,0.00708279522072246,0.0419661866462472,0,0,0,0,0,0.01226525155546073,0,0,0,0,0,0,0,0,0,0,0,0,0,0,0,0,0,0,0,0,0.01532595802117121,0.01711325545448466,0,0,0,0,0,0,1,0.03299433924089826,0,0,0,0,0,0,0,0,0.03630469164667548,4,0.03143411818721688,0,0,0,0,0,0.03173601142016859,0.01758802039681972,0,0,0,0,0,0.01924736630685428,0,0,0,0,0,0,closed
0,0,0.0464,0.0654,104,2242,306,10,11,0,9,0,0,0,0,0,0.02239549995018897,0,0.05454235152775901,0.01520604286407997,0.01584556367322245,0,0,0,0,0.01571034937613384,0,0,0,0,0,0,0.01470201199316668,0,0.03137592971876396,0,0,0,0,0,0,0,0,0,0,0,0,0,0,0.0102263156711556,0,0,0,0,0,0,0,0,0,4,0,0,0.01069860430650331,0,0,0.0114977360021803,0,0,0.01983088434488318,0,0,0,0,0.03579334786888692,0,0,0,0,0,0,closed
1,0,0.072,0.1069,66,917,131,8,8,0,6,0,0,0,0,0,0,0,0.0121126520925283,0,0,0.01914328929127139,0,0.02301242651859578,0.01592048882745436,0.01744460872284992,0,0,0,0,0,0,0,0,0,0.01749446296060532,0,0.0170525181737701,0,0,0,0,0,0.02259891215683398,0.02267312386155396,0,0,0,0,0,0.02629809553760735,0,0,0.07674119523587208,0.01996256169940876,0,0,0,0,4,0,0,0,0,0,0,0,0,0,0,0,0,0,0.05299274879289752,0.02433837288253098,0,0,0,0,0,closed
1,0,0.0532,0.0732,71,1334,164,8,6,0,6,0.00669817516106769,0.00595854201108398,0.0117682957261963,0.01764599251137722,0,0,0,0,0,0,0,0,0.0421894486174256,0,0,0,0,0,0.02589696068166131,0,0,0.00997636528107739,0,0,0,0.01322228780890868,0,0.01689390306246514,0,0,0,0,0,0.02771159583078817,0,0,0,0,0,0,0,0,0,0.01219934326074979,0,0,0,0,2,0,0.6667,0,0,0,0,0,0,0,0,0,0.01403984112903623,0,0,0,0,0,0,0,0,closed
0,0,0.0691,0.0596,160,2317,319,26,11,0,8,0.01722387898560263,0,0,0,0,0,0,0.00475854189349326,0,0,0,0,0,0.00625447775364278,0,0.02222769652851744,0,0,0.00554934871749885,0,0,0,0,0,0.05498259787618814,0,0.0267968142730673,0,0.00765603830368376,0,0,0,0,0,0,0,0,1,0,0,0,0,0,0.00784243495333915,0,0,0.00976493420001154,0,2,0,0.6667,0,0,0,0,0,0,0,0,0,0.00902561215438043,0,0,0,0.0107964567655685,0,0,0,0.02050934162276761,fully_open
0,1,0.0721,0.0488,89,1235,164,11,4,0,4,0,0,0.01372967834722902,0,0.05033056968974975,0.0354595415877992,0,0.00863587232522851,0.01203811726739665,0,0,0,0,0,0.01243735992277262,0.02016957647958064,0,0,0,0,0,0.03491727848377087,0,0.01241963884701073,0.01247290414783897,0,0.02431562776630181,0,0.01389429173631498,0,0,0,0.01611218737107608,0,0,0,0.06492702514119325,0,0,0,0,0.01523208416738195,0,0.07116283568770715,0,0,0.0177215472518728,0,2,0,0.6667,0,0,0,0,0.04672246125747043,0,0.01569945010636585,0,0,0.03275962930108454,0,0,0,0,0,0,0,0.01861032850954838,fully_open
0,0,0.0716,0.3226,65,908,124,8,23,0.0249097948290911,17,0,0,0,0.01339394612309355,0.00935576854818067,0.01538004213446712,1,0,0,0,0,0,0,0.02953922023407195,0,0.01312237505900427,0,0,0,0,0,0,0.06785484425023017,0,0,0.02007238872195776,0,0,0,0.0195729102439054,0,0,0,0.02103410285951392,0,0,0.05069001480902799,1,0,0.02439702839031043,0,0,0,0,0,0,0,0,3,0.02007238872195776,0.3333,0,0,0,0,0,0,0,0.04789817718443403,0,0,0,0.02458097383766933,0.02257897243319138,0,0,0,0,0,partially_open
1,0,0.0707,0.2763,81,1145,152,13,22,0,20,0,0.0212483856621674,0,0,0,0,0,0.00879881331249697,0,0,0.05562389718595839,0,0,0,0,0,0,0,0.03078317967820118,0,0,0.01185869835297878,0,0,0,0.01571705909360844,0.02477441319585468,0,0.01415644818416998,0,0,0,0,0,0,0,0,0,0,0.01910333355090345,0,0,0,0,0,0,0,0,3,0,0.3333,0,0,0,0,0,0.01758802039681972,0,0.018752588237302,0.07846949213886173,0,0,0.01924736630685428,0,0,0.0171422384642674,0,0,0,closed
0,0,0.0531,0.0645,65,1225,155,7,5,0,5,0.02583581847840395,0.0076609825856794,0,0,0.07923763158153023,0,0,0,0,0,0.06016462348685295,0,0.03616238452922194,0,0,0,0,0,0,0,0,0.01282675536138521,0,0,0,0,0.01339840713653365,0,0.01531207660736753,0,0,0,0.03551257624645339,0,0,0,0,0,0,0,0,0,0.02009888446653792,0,0,0.03702051179949744,0,0,3,0,0.3333,0,0,0,0,0,0,0,0,0,0.01805122430876087,0,0,0,0,0.07416641947805488,0,0,0,fully_open
0,0,0.0536,0.1372,93,1735,226,12,16,0,15,0.00602835764496092,0,0.03177439846073002,0,0,0,0,0.00666195865089056,0,0,0,0,0.01265683458522768,0.00875626885509989,0,0,0,0.02093339383514776,0,0,0,0,0,0,0,0,0,0,0,0,0,0.01171355085656292,0,0,0,0.01274136642556341,0,1,0,0,0,0,0,0,0,0,0,0,3,0,0.3333,0,0,0,0,0,0,0,0,0,0,0,0,0,0,0,0.01583148140537852,0,0,fully_open
0,0,0.055,0.0738,117,2126,420,13,16,0,15,0,0,0,0,0.0055072963794255,0,1,0.0066147107171963,0.01844137113303316,0,0.02090827341032478,0,0.02513413960187057,0,0.01905297690297083,0,0,0,0,0,0,0.02674514947693088,0,0,0,0.01181566144625882,0,0,0.01064243622356041,0,0,0,0.02468249980249952,0,0,0,0,0,0,0.01436137132195578,0,0.01166712829842022,0,0,0,0,0,0,4,0,0,0,0,0,0.01394406281115484,0,0,0,0,0.02949562470467852,0,0,0,0,0,0,0,0,0,fully_open
0,1,0.0458,0.128,74,1615,250,11,18,0,14,0,0.02176163169265454,0,0.02416733756992967,0,0.02775094559045155,0,0,0,0,0,0,0,0.01776634260455052,0,0,0,0,0.01576336737144601,0.02465224791245783,0,0,0.02720749793608263,0.00971971735853014,0,0,0,0,0,0.02354422536585722,0,0,0,0.01265094592275112,0,0,0,0,0,0,0.0118646602603162,0,0,0,0,0,0,0.04182931863638697,4,0.03621757095483684,0,0,0,0,0.01424719461139733,0,0,0,0,0,0,0,0,0,0,0,0,0.01461888515043755,0,fully_open
0,0,0.0375,0.1281,54,1440,203,6,14,0.01752129636283527,12,0.01430457746261913,0,0,0.00942116549336241,0.00658075245338132,0,0,0,0,0,0.02498361483776097,0,0.090099500437214,0,0,0,0.0104322159043547,0,0,0,1,0,0,0,0.01141587837259838,0,0,0.01803925242263226,0,0,0,0,0,0,0,0.01511687542015998,0,1,0,0,0,0,0,0,0,0.01537292439131673,0,0,2,0,0.6667,0,0,0.01951343299147496,0,0.01425431021414352,0,0,0,0,0,0,0,0,0,0,0,0,0.01703318202568835,partially_open
0,0,0.0875,0.1176,127,1451,187,15,12,0,10,0.0061157251470618,0,0,0,0.01125404042752168,0,0,0.00675850877626579,0.01884227050549041,0,0.01068140054657896,0,0.01284026697052083,0,0.01946717205303541,0.01578488594054137,0,0,0,0.01232612395622891,1,0.00910885525663588,0.01360374896804131,0.00971971735853014,0.0195228064922697,0.01207252365161228,0.01902962173014924,0,0,0,0,0,0.01260953794258128,0,0,0,0.01016249089166503,1,0,0,0,0,0,0.01113853080329329,0,0,0.01386903697972653,0,2,0,0.6667,0,0,0,0,0,0,0,0,0,0,0,0,0,0,0,0.01606092316487676,0,0,fully_open
0,0,0.084,0.3538,87,1036,130,9,25,0,21,0,0.00834195881551757,0,0,0,0,0,0,0.04333722216262794,0,0,0,0,0,0.04477449572198145,0.01210174588774838,0.0136777941857095,0,0,0.01890005673288434,0,0,0,0,0,0,0,0,0,0,0,0,0,0,0.01645116711767924,0,0,0,0.01942999977519564,0,0,0,0,0,0,0,0,0,2,0,0.6667,0,0,0.07675283643313487,0,0,0,0,0,0.02310490601866484,0,0,0,0.04164566026566412,0,0,0,0,0,closed
0,0,0.0666,0.0766,105,1576,209,14,8,0,8,0.0063937126537464296,0,0,0,0.00588279385984088,0,0,0,0,0.02052720748576544,0,1,0,0,0,0,0,0.01110104218530563,0,0,0,0,0,0.01016152269300878,0,0,0,0,0.0113680568751668,0,0,0,0,0,0,0,0,0,0.01324772711945157,0,0.01240396299942148,0,0,0,0.07749931341281321,0,0,0,2,0,0.6667,0,0,0,0,0,0,0,0,0,0.02680333306452372,0,0,0,0,0,0,0,0.01522663241690322,fully_open
0,1,0.058,0.0938,116,2000,288,17,15,0,12,0.01612681662983176,0,0,0,0,0,0,0,0,0,0,0,0,0,0,0,0,0.0093333603086646,0.00692784935432977,0,0,0,0.01195743539866052,0,0,0,0.00836333693872801,0,0,0,0,0,0,0,0,0.0113617280227954,0,0,0,0,0,0.04191248637139494,0,0.00979055573792658,0,0,0,0,3,0,0.3333,0,0,0,0.03756903547209234,0,0.01187471440804388,0.04319848691687929,0,0,0.02253528639819829,0,0.01299503712437296,0,0,0,0,0,0,fully_open
0,1,0.0705,0.1916,84,1192,167,13,17,0,15,0,0.00721900282112097,0.02851548579809104,0,0.04479973785571133,0,0,0.00896802126081422,0,0.02605376334731768,0.0566935875164576,0,0,0,0,0,0,0,0.01045838796759399,0,0,0,0,0.01289731726420345,0,0,0.02525084421885188,0,0,0,0,0,0,0.01678683208980437,0,0,0.04045453104951272,0,0,0,0,0.01581793355843511,0,0,0,0.03488471304183413,0,0,3,0,0.3333,0,0.01698165117768728,0,0,0,0,0,0,0,0,0,0,0,0.02034716851972526,0,0.0213116095841634,0,0,fully_open
0,0,0.0605,0.1216,107,1770,255,15,16,0.01416104774530521,15,0.00578061691982554,0.00514230337942864,0,0,0.01063738067806844,0,1,0,0.02671472599066106,0,0.01009611832484861,0,0.02427338139632705,0,0.02760071654094746,0,0,0,0,0,0,0,0,0,0,0,0.01798690273123696,0.01457966976623703,0,0,0,0,0,0,0,0,0.00960564207568338,1,0.01197739712169594,0,0,0,0,0,0,0,0,0,4,0,0,0.01253055709871278,0,0,0,0,0,0,0,0,0,0,0.04192234579164153,0,0,0,0,0,0,partially_open
0,0,0.0901,0.2571,69,766,105,8,14,0.03132595410325094,13,0.02557485061498573,0,0,0.03368780388535652,0.03529676315904528,0,1,0,0,0,0.02233383750648329,0,0,0,0,0,0,0,0.03295976814029622,0,0,0.01904578826387502,0,0,0,0,0.05968381360819536,0,0,0,0,0,0,0,0,0.02702714090271027,0.02124884459166325,0,0,0,0,0,0.02984379814728359,0,0,0,0.02899889550306458,0,2,0,0.6667,0,0,0,0,0,0,0,0,0,0.02680333306452372,0,0.03091243679585689,0,0,0,0,0,0,partially_open
0,1,0.0792,0.105,105,1326,181,11,10,0,9,0,0,0.04118903504168706,0,0,0,0,0.04317936162614255,0.0240762345347933,0.03763321372390332,0,0,0,0,0.02487471984554525,0,0.01139816182142458,0,0,0,0,0.01163909282792362,0,0.02483927769402147,0.01247290414783897,0,0.02431562776630181,0,0.01389429173631498,0,0,0,0,0,0.01370930593139936,0,0,0,0.0161916664793297,0,0,0,0,0,0,0,0.0177215472518728,0,2,0,0.6667,0,0,0,0.01820474867011882,0,0,0,0,0,0.03275962930108454,0,0,0,0,0,0,0,0,fully_open
0,0,0.066,0.2,49,742,100,6,11,0,9,0,0,0,0,0,0,0,0.01457303454882311,0,0,0,0,0,0,0,0.03403616030929233,0,0,0,0,0,0,0,0,0,0,0,0,0,0,0,0,0,0,0.02313445375923643,0,0,0,0,0,0,0.02570414203245705,0,0,0,0.02834382934649023,0,0,3,0,0.3333,0,0,0,0,0,0,0,0,0,0,0,0,0,0,0,0,0,0,partially_open
0,0,0.0831,0.2129,100,1204,155,13,17,0,16,0,0.01365047806175603,0,0,0,0,0,0,0.01181924240798943,0,0,0,0,0,0.01221122610599494,0,0.04476369006232201,0,0.00988793044208886,0,0,0.03428241887497504,0,0,0,0,0.02387352544327814,0,0.01364166825020016,0,0.01649095525613977,0,0,0,0,0,0,0,0.04769181763002567,0,0,0,0,0.01397379318958613,0,0,0,0,3,0,0.3333,0,0,0,0,0,0,0,0,0,0,0,0,0,0,0,0,0,0,fully_open
0,1,0.0482,0.1512,71,1473,205,10,17,0,14,0,0.01831161691211175,0.01205532732927426,0,0.01893972657314625,0.01037840241594123,0,0,0,0,0,0,0,0,0,0,0.02001628417420903,0,0,0.01382930980454952,0,0,0.06105097097852689,0,0,0.01354478263351621,0,0,0,0.03962320854254021,0,0,0,0,0,0,0.04560727619674063,1,0,0.03292607083570352,0,0,0,0,0,0,0,0,3,0.01354478263351621,0.3333,0,0,0,0,0,0,0,0,0,0,0,0,0,0.01720410996789778,0,0,0,0,fully_open
0,0,0.036,0.0659,90,2500,349,11,12,0.01038951241615357,11,0.00424105562962074,0,0,0.01117283947956548,0.06243447553760774,0.01924437432905685,0,0.02343402540514269,0.0195997487167664,0,0,0,0.1068516688602136,0,0.02699969591275263,0,0,0,0,0,0,0,0,0.00674030650993547,0.00676921431138999,0,0,0,0,0.01632715125873516,0,0,0,0,0.02232067900388641,0,0,0,0.00878743708425933,0,0.00822775435137505,0,0,0,0,0,0,0,3,0,0.3333,0,0,0,0.01975992820475208,0,0,0,0.00998881584499503,0.01044945498331575,0,0,0,0,0,0,0,0.01013771935055469,0,partially_open
0,1,0.037,0.1486,56,1513,222,8,19,0,14,0,0.01191708402216796,0,0.0705839700455089,0,0,0,0,0,0,0,0,0,0.00972918761677766,0,0.00864410420553456,0.0097698529897925,0,0.00863232022722043,0,0,0,0.02979868821570954,0,0,0,0,0,0,0.01289326627177895,0.01439686569980456,0.01301505650729213,0,0,0,0,0,1,0,0,0,0,0,0,0,0,0,0,4,0.07933372685345212,0,0,0,0,0,0,0,0,0,0,0,0,0,0,0,0,0,0.03202231985333941,0.01595171015104147,fully_open
0,0,0.0596,0.1129,102,1712,248,15,16,0,12,0.00697495925863247,0,0,0,0,0,0,0,0.01074476582544494,0.02239331725719866,0,0,0,0,0.01110111464181358,0,0,0.01211022783851523,0,0,0,0,0,0,0,0,0,0,0,0,0,0,0,0,0.01223640529414158,0,0,0,0.01445206594849262,0,0,0,0,0,0,0,0,0,4,0,0,0,0,0.01902962886771939,0.06499546632637464,0,0.01540768728977595,0,0,0,0,0,0,0,0,0,0,0,0,closed
0,0,0.0884,0.1585,113,1279,164,15,14,0,12,0,0.01340671952493895,0,0,0,0,0,0,0,0,0,0,0,0,0,0,0,0,0,0,0,0,0,0,0,0,0,0,0,0,0,0,0,0,0,0,0,1,0,0,0,0,0,0,0,0,0,0,4,0,0,0,0,0,0,0,0,0,0,0,0,0,0,0,0,0,0,0,0,partially_open
0,0,0.0481,0.1519,54,1122,158,5,13,0,11,0,0,0,0,0,0,0,0,0,0,0,0,0,0,0,0,0,0.03407761787117078,0.01264735289104389,0,0,0.01461653517925292,0,0.01559675576136231,0,0,0.03053590463675111,0,0,0,0,0,0.02023390972181647,0,0,0,0,1,0,0,0.03807728176566596,0.01912866383810757,0,0.01787345640528458,0,0,0,0,4,0,0,0,0,0,0,0,0,0.01971558850566874,0,0,0,0,0,0,0.02460587820990031,0,0,0,0,partially_open
1,0,0.0682,0.1262,99,1451,214,14,16,0,11,0.00634563962627465,0.02822467268408201,0,0,0.01167712465412024,0,0,0,0,0,0,0,0,0.00921712511063147,0,0,0,0,0,0,0,0,0.11292134481742563,0,0,0.01252637792422928,0,0,0.01128258276332344,0.02442934662021275,0.01363913592613063,0,0,0,0.01113236872624911,0.0134119646584878,0,1,0,0,0.01231070011972658,0,0,0,0,0.01363913592613063,0.01439042934738543,0,4,0.01252637792422928,0,0,0,0.01731266987213568,0,0,0,0,0,0,0,0,0,0,0.01591056786504832,0,0,0.03033693459790049,0,fully_open
1,0,0.0395,0.041,60,1518,195,8,4,0,4,0.01298415492760813,0,0,0,0.1194659676152302,0,0,0.01434883401730275,0,0,0.01133871750329152,0,0,0,0,0,0,0,0,0,0,0.01933880039101156,0,0.01031785381136276,0.02072420996871707,0,0.02020067537508151,0,0,0,0,0,0,0,0.0113892695430087,0,0,0,0,0.03115312855993486,0,0.01265434684674808,0,0,0,0.01395388521673365,0,0,2,0,0.6667,0,0,0,0,0,0.0717050062331881,0.03912786026509643,0,0,0.01360784601737358,0,0,0.02883161095315208,0,0,0,0,0,partially_open
1,0,0.0346,0.1014,53,1533,217,6,14,0,8,0,0.00591162435745339,0,0,0.00611439991731493,0.01005152359969111,0,0,0,0,0,0,0,0,0,0,0.01938585002698984,0,0.00856434920180925,0,0,0,0.02956405287542837,0,0,0,0,0.03352176040741114,0,0,0,0.01291257574739219,0,0,0,0.01404560078408565,0,0,0,0,0,0,0,0,0,0,0,0,4,0,0,0,0,0,0,0,0,0,0,0,0,0,0,0,0.01666224823662541,0,0,0,0,partially_open
0,0,0.0733,0.1342,73,996,149,9,13,0,7,0.02083876716776614,0,0,0.06862330421091142,0.00958677517899995,0,0,0.01151449643363801,0.0481524690695866,0,0,0,0.02187601039422068,0.01513429184832081,0.0497494396910905,0,0,0,0.01342805368678734,0,1,0,0,0,0,0,0,0.02627940476383466,0,0,0,0,0,0.02155346342394636,0,0,0,1,0,0,0,0,0,0,0,0,0,0,4,0,0,0,0,0,0,0,0,0,0,0,0,0,0,0.0462729558507379,0,0,0,0,0,fully_open
0,0,0.0742,0.1157,106,1428,216,15,13,0,12,0.03669435088237082,0.00652848950779636,0.01289395879565856,0,0.04726696979559108,0,0,0,0.06783217381976547,0,0.05127072262357905,0,0.03081664072925,0,0.07008181939092749,0,0,0,0,0,0,0,0,0.01166366083023616,0,0,0,0,0,0,0,0.01425997495581573,0.01513144553109753,0,0,0,0.03658496720999411,1,0,0,0.01423759231237944,0,0,0,0,0,0.01664284437567184,0,4,0,0,0,0,0,0,0,0.03242313325326766,0,0,0,0,0,0,0,0,0,0.01927310779785211,0.01754266218052507,0,fully_open
0,1,0.0659,0.1779,97,1472,208,12,21,0,16,0.02482264912630967,0.00552041392203368,0,0,0.02283908204408812,0,0,0,0.00955968135940322,0,0.0108384799663816,0,0,0,0.0098767269974959,0.00800850830806878,0,0,0,0.02501478096999398,0,0,0,0,0,0.01225006076413599,0,0,0,0.01194523198708932,0,0,0,0.01283698924514452,0.01088680176905244,0,0.03093581786139208,1,0,0,0,0.01209606683880332,0,0,0,0.01333827263364246,0,0,4,0.01225006076413599,0,0,0,0,0,0.01236771033285982,0,0,0,0,0,0,0,0,0,0,0.06518845284567627,0,0,fully_open
0,0,0.0972,0.152,150,1544,204,16,17,0.01445813266303889,14,0.00590188860345824,0,0,0.01554821717785685,0,0,1,0.01304439456118432,0,0.01894819152532195,0,0,0,0.00857257090709081,0,0.00761648342585562,0.00860840193506192,0.01024711586335904,0,0,0,0,0,0,0,0,0,0,0.01049359096169243,0,0,0,0,0.01220860515622136,0,0,0,0,0,0,0,0,0.01377406068336165,0,0,0,0.01338410561679903,0,4,0,0,0,0,0,0.13749040953656175,0,0,0,0.04170155985637788,0,0,0,0,0,0,0,0,0.01410773532000267,0,partially_open
0,0,0.0863,0.1445,104,1205,173,12,13,0,12,0,0,0,0,0,0,0,0.01923039610566349,0.02680652917275955,0,0,0,0,0,0.02769556436411224,0.01122842401956035,0,0,0,0,0,0,0,0,0,0.01717534292703602,0.04060960513547313,0.02194465758629492,0,0,0.0187010832801585,0,0,0,0,0,0,0,0,0,0,0,0,0,0,0,0,0,4,0,0,0,0,0,0,0,0,0,0.02049251910468054,0,0,0,0,0,0,0,0,0,0,closed
0,0,0.0519,0.2169,69,1329,189,8,23,0,18,0.02434529048926526,0,0,0.01068939930977658,0.01493324595190377,0,0,0,0,0,0,0,0,0,0,0.01047266471055148,0.02367310532142029,0.01408978431211869,0,0.04906745497960358,0,0.01208675024438222,0,0,0,0,0,0,0.01442868757232709,0,0.01744235652091706,0.01576824153768085,0.01673188688534823,0,0,0,0.0134848436831709,1,0,0,0,0,0,0,0,0.01744235652091706,0,0,4,0,0,0,0,0,0,0,0,0,0,0,0,0,0,0,0,0,0.0213116095841634,0,0,partially_open
1,0,0.0512,0.125,73,1427,200,9,14,0,11,0.00697495925863247,0,0,0.01837516575564901,0.00641759330164459,0,0,0,0,0,0,0,0,0.0101312201629255,0,0.07201038875354411,0.010173565923255,0,0.00898902767462624,0,0,0,0.01551501948421241,0,0,0,0,0.0351839964606712,0,0,0,0,0,0.01442835154826161,0,0,0,0,0,0,0,0,0,0,0,0,0.01581757936530795,0,4,0,0,0,0,0.03805925773543878,0,0,0.01540768728977595,0,0,0,0,0,0,0.06195222188280612,0.03497695084382524,0,0,0,0,closed
0,1,0.1132,0.1553,130,1148,161,14,13,0,12,0.00907494699241429,0,0.01594414259678209,0,0.04174885965048367,0.01372627416301904,0,0,0,0,0,0,0,0.02636295999384916,0,0,0.01323657501842855,0,0,0,0,0.0135163658646855,0,0.01442280640298021,0.01448466288136139,0.01791406735400532,0.05647500642495905,0,0,0,0,0,0,0,0.01592048430743152,0,0,0,0,0,0.05281687470721406,0.01768887193631453,0,0,0.02749975637228856,0,0,0,2,0,0.6667,0,0,0,0,0,0,0,0,0,0,0,0,0,0,0.0195384653463693,0,0.04338507851097598,0,fully_open
0,0,0.0366,0.1117,44,1202,179,8,11,0,9,0.01592396359046281,0,0,0,0.0512802030801224,0,0,0,0.01226525155546073,0.02556218290680225,0.01390597429648959,0,0.06686629592195756,0,0.01267202709112682,0.01027506726318259,0,0,0,0,0,0,0,0.0126539716554449,0.03812472588584743,0.01571705909360844,0,0,0,0,0,0,0,0.01647009940886467,0,0,0.07938247602168534,0,0,0,0,0,0.05574596257700142,0,0,0.01711325545448466,0,0,3,0,0.3333,0,0,0,0,0,0,0,0,0,0.01668886775715627,0,0.01924736630685428,0.05303928430060996,0,0,0.04181900748590553,0,0,partially_open
1,0,0.0537,0.0857,95,1770,245,12,11,0,10,0,0.00500517528931054,0,0.00741131685477843,0.00517685859665997,0,0,0,0,0,0,0,0,0.01634503519618648,0,0,0.0164133530228514,0,0.01450229798173033,0,0,0.00838014683610501,0.01251544905059801,0,0,0,0,0.04257263571741215,0,0.01083034366829432,0,0.01093264746612539,0,0,0,0,0,0,0,0,0,0,0,0.01024744833902983,0,0,0,0,3,0.02221344351896659,0.3333,0,0.01177394481652984,0,0,0,0,0,0,0.0138629436111989,0,0,0,0,0,0,0,0.01344937433840255,0,closed
0,0,0.0472,0.2011,61,1293,174,8,21,0.01950483934730718,14,0,0.00708279522072246,0,0.03146313759104052,0.02197722989148103,0,1,0.00879881331249697,0,0,0,0,0,0,0,0,0,0.01382393932509758,0,0,0,0,0,0,0,0,0,0,0,0,0,0,0,0,0,0,0,0,0,0,0,0,0,0.01450110614013655,0.04825428948344973,0,0,0,3,0,0.3333,0,0,0,0,0,0,0,0.037505176474604,0,0,0,0,0,0,0,0,0,0,partially_open
0,0,0.0335,0.0438,92,2746,388,12,10,0,7,0.00373438084201119,0.00996605699199002,0.00656108522787935,0,0,0,0,0,0.01150545721131715,0.01198934242531433,0,0,0,0.00542423734386719,0.01188703426247295,0,0,0,0,0,0,0,0,0,0,0,0,0,0,0,0,0.05804945557234722,0,0,0,0,0,1,0.00773761052994516,0,0,0,0,0,0.01131627142753467,0,0,0,3,0,0.3333,0,0,0.0101884296150179,0,0,0,0,0,0,0,0,0,0,0,0,0,0,0,partially_open
1,0,0.0756,0.148,106,1403,196,12,16,0,13,0,0,0.01398872888208239,0,0,0.01204286318076199,0,0,0,0,0,0,0,0.04625953357411267,0,0,0.03483966443529779,0,0,0,0,0.01185869835297878,0,0,0,0,0,0,0,0.04597787406351364,0,0,0,0,0,0,0,0,0.01649716962044913,0.01910333355090345,0,0,0,0,0,0,0,0,4,0,0,0,0,0,0,0,0,0,0,0,0,0,0,0,0,0.0342844769285348,0,0,0,fully_open
0,1,0.0733,0.2991,59,805,117,8,19,0,16,0,0,0,0,0,0.02200937064070295,0,0.03216117969395445,0,0,0,0,0,0,0,0,0.02122416339161819,0,0,0,0,0,0,0,0,0,0.04527737584069993,0,0,0.02800950948696808,0,0,0,0,0,0.03075502240653238,0,0,0,0,0,0,0,0,0,0,0,0,4,0,0,0,0,0,0,0,0.06428724696768587,0,0,0,0,0.07184308838197845,0,0,0,0,0,0.03478286466828247,0,fully_open
0,1,0.053,0.0769,91,1718,260,12,11,0,9,0.01241132456315483,0.02208165568813475,0.01090297986397598,0,0.02854885255511016,0.0281590477314876,0,0.00685789861121087,0.00955968135940322,0,0,0,0,0,0.0098767269974959,0,0.0090514814464254,0.01077454094456135,0.02399277239624504,0,0,0,0.12423423689931848,0.00986265437850852,0.00990495329387212,0,0.02896420366280069,0,0,0,0.01333827263364246,0.01205806705822653,0,0,0.01088680176905244,0,0.07218357500991485,0,0,0,0.01203914055826203,0,0.01448301968912291,0.02260466545374227,0,0,0,0,4,0.01225006076413599,0,0,0.01298596854764321,0,0.014456712179212,0,0,0.01246721037858464,0.01461598789083832,0,0,0,0.01500162373916584,0,0,0.02672172466488742,0,0.01483386875559105,0,fully_open
0,0,0.0563,0.1392,89,1580,237,12,19,0,14,0.01372309057389478,0,0.04822130931709705,0.02711457385894549,0,0.02075680483188246,0,0,0,0.01101459913870341,0,0,0,0,0,0,0,0.01191331356471824,0.03537145849202521,0.01382930980454952,0,0,0,0,0,0,0.01067515365349836,0,0,0,0,0.01333249690990901,0,0,0,0.02900473657851834,0,0,0,0,0,0,0,0,0,0,0,0,4,0,0,0,0,0,0,0,0,0,0,0,0,0,0,0,0.01720410996789778,0,0,0,0,closed
1,0,0.0494,0.1346,54,1094,156,6,11,0,10,0.00927439637686295,0.00825028893842397,0,0,0.01706656680217574,0.02805590103650047,0,0.01024916715521625,0,0.01488786476989582,0,0,0,0,0,0,0.01352748875509731,0.01610261064242136,0,0,0,0.02762685770144508,0,0.02947958231817933,0.01480300712051219,0,0,0,0,0,0.01993412173819093,0,0,0,0,0,0,0,0,0.02225223468566776,0,0,0.04328990500485092,0.01689139836103818,0,0,0,0.02114449073927253,4,0,0,0,0,0,0,0.05545083314073415,0,0,0,0.02285100595252567,0.03887956004963881,0,0,0,0,0.03993576433433725,0,0.02216929836000421,0,closed
0,0,0.0703,0.0435,102,1451,230,13,5,0.02247296707407132,5,0,0,0,0,0,0,1,0.01013776316439868,0.02826340575823561,0.01472604015283173,0,0,0,0.02664951390682578,0.02920075807955312,0,0,0,0,0,0,0,0,0,0,0,0,0,0,0,0,0,0,0,0,0,0,0,0,0,0,0,0.04281936255914601,0,0.02779866676763952,0,0,0,2,0,0.6667,0,0,0,0,0,0,0,0,0,0,0,0,0,0,0,0,0,0,fully_open
0,0,0.0796,0.1357,116,1457,199,15,15,0,12,0,0,0.02263824826718678,0.00848624067341042,0,0,0,0.0142393009332012,0,0.0206839037261148,0,1,0,0.00935784457796935,0,0,0.01879391567502069,0.01118578296534613,0.01660568471190496,0,0,0,0,0,0,0,0,0,0,0.01240115687209273,0,0,0,0,0,0,0,0,0,0,0,0,0,0,0,0,0,0,2,0,0.6667,0.02793070742613842,0,0,0,0,0,0,0,0,0,0,0,0,0.0161534772981025,0,0,0,0,partially_open
1,0,0.0495,0.1264,66,1334,174,10,12,0,10,0,0.00658575695961913,0,0,0,0.01119774997509448,0,0,0,0,0,0,0,0,0,0.0191080198227606,0.01079825856766539,0,0.00954098551429627,0,0,0,0.08233848059603954,0.01176597364453648,0,0,0,0.05601662594396335,0,0.01425045219512411,0,0,0,0,0,0,0,0,0.0153394735067334,0,0,0,0,0,0,0,0,0,3,0,0.3333,0,0.01549203265332874,0.02019811485082496,0,0,0,0,0,0,0,0,0,0.01643907642065688,0,0,0.01944217014695608,0,0,closed
0,1,0.0667,0.157,80,1199,172,12,15,0,12,0.00760333396661737,0.01352750078192039,0.01335860595946607,0,0.04897028402245922,0,0,0.0084024703704926,0,0,0.03983873717372696,0,0,0,0,0,0.01109010339381851,0,0.00979884998765563,0,0,0,0.10147661392376764,0,0.01213579863032981,0,0.01182922431874142,0.01917686293577124,0,0,0.01634238809167004,0,0.06270689139013393,0.01572820303909599,0,0,0.05053779254233421,1,0,0,0,0,0,0.02769580632170224,0,0,0,0.01733467258805226,3,0,0.3333,0,0,0,0,0,0,0,0,0.01873370758270122,0,0,0,0,0,0,0,0,0,fully_open
0,1,0.1012,0.1714,103,1018,140,12,13,0,11,0,0,0.01724192164535737,0,0,0,0,0.01084504896656603,0,0.01575343830302929,0,0,0,0.01425439115946495,0,0,0,0,0.0379420586731317,0,0,0.01461653517925292,0,0.03119351152272463,0,0,0.03053590463675111,0,0.01744864543630253,0.01889013430516451,0,0,0.06070172916544941,0,0,0,0,0,0,0,0.01903864088283298,0,0.02290337997349671,0,0,0,0,0,3,0,0.3333,0,0,0,0,0,0,0.01971558850566874,0,0.12089776405115324,0.0411399995874085,0.02422615771020203,0.02372349800612272,0,0,0,0,0,0,fully_open
0,1,0.0289,0.0738,55,1905,271,7,11,0,9,0.02164025821268023,0,0.00950516193269701,0.00712626620651772,0.01991099460253836,0.00818297113564597,0,0.00597868084054281,0,0.00868458778243922,0.03779572501097173,0,0,0.02357456999449973,0,0,0,0,0,0.0218077577687127,0,0.00805783349625481,0,0.00859821150946897,0.00863508748696544,0.01067954015334932,0,0,0,0,0,0,0,0,0.00949105795250725,0.01143455961268511,0,1,0,0.01298047023330619,0,0,0,0,0,0,0.01226876348206578,0,3,0,0.3333,0,0,0,0,0,0,0,0,0.01332975347230664,0,0,0,0,0,0.08153551884927189,0.01420773972277559,0,0,fully_open
0,0,0.0575,0.0619,127,2209,307,15,10,0,9,0,0.01716060099192186,0,0.0190576719122874,0.01774922947426277,0,0,0,0.02971695234008773,0.00774168968034582,0,1,0.01012546766818214,0.01401003016815983,0.03070251135221585,0,0.0070342941526506,0.0083733575340591,0.01243054112719743,0.02916008753073584,0,0,0.01072752775765543,0,0,0,0,0,0.00857476290012581,0.05569891029408509,0,0,0,0.00997617449908374,0,0.05096546570225366,0.02404154988085327,1,0,0.01157116203654723,0,0,0.01125537530126124,0,0,0,0,0,3,0.00952004722241425,0.3333,0.02090812955899504,0,0,0,0.00961147774439391,0,0,0,0,0,0,0.01165840473443745,0,0,0,0.02533037024860563,0,0,partially_open
0,0,0.1776,0.2549,130,732,102,17,13,0.03389365525925511,13,0.01383557492286113,0,0.04861656595084375,0,0,0,0,0.01528974116597834,0,0,0,0,0,0,0,0.01785503491635007,0,0,0.01783069423983238,0,0,0,0,0,0,0,0.02152530982590652,0,0,0,0,0,0,0,0,0,0,0,0.14333606391537768,0,0,0,0,0.02519864345663073,0,0,0,0,3,0,0.3333,0,0,0,0.03223135830119398,0,0,0,0,0,0,0,0.03344624309059926,0,0,0,0,0,0,partially_open
0,0,0.0719,0.2558,69,959,129,11,17,0.02432368200958308,16,0,0.0088326622752539,0,0,0.0182712656352705,0,0,0,0,0,0,0,0,0.01442208987898806,0,0,0,0.01723926551129816,0,0.04002364955199037,1,0,0,0,0,0,0,0,0,0,0,0,0,0,0.0174188828304839,0,0.04949730857822733,0,0,0,0,0,0,0,0,0,0,0,4,0.05880029166785275,0,0,0,0,0,0.11873001919545428,0,0,0,0,0,0,0,0,0,0,0,0,0,fully_open
0,0,0.0313,0.0567,41,1309,194,6,6,0,5,0.00811509682975508,0,0,0.01068939930977658,0.00746662297595188,0.02454891340693791,0,0.00896802126081422,0.02500224355536227,0,0.0141733968791144,1,0,0,0.03874715975940703,0,0,0,0,0.01635581832653452,0,0,0,0.02579463452840691,0.02590526246089633,0,0.01262542210942594,0,0,0,0,0,0,0,0,0,0,0,0,0,0.01574349149926573,0.01581793355843511,0,0.0147799735659084,0,0,0,0,4,0,0,0,0.01698165117768728,0,0.01890493131127724,0,0,0,0,0,0.01700980752171697,0,0,0,0,0.01747189689627255,0,0,0,partially_open
0,0,0.0277,0.1976,46,1661,248,7,26,0.01879557246195056,23,0.00767245518449571,0.00682523903087801,0,0,0,0.01160494088327974,0,0,0,0,0,0,0,0,0,0.01980285690722463,0,0,0,0,0,0,0,0,0.01224612407242372,0,0.01193676272163907,0,0,0,0,0,0,0,0,0,0,1,0,0,0,0.01495513718252046,0,0,0,0.01649095525613977,0,0,4,0,0,0,0,0,0,0,0,0,0.01807067593776374,0,0,0,0,0,0,0,0,0,0,fully_open
0,0,0.0629,0.1667,83,1319,186,9,17,0,14,0,0,0,0.0222339505643353,0,0,0,0,0,0,0,0,0,0,0,0,0,0,0,0,0,0,0,0,0,0,0,0,0,0,0,0,0,0,0,0,0,1,0,0,0,0,0,0,0,0,0,0,4,0,0,0,0,0,0,0,0,0,0.01987774353154012,0,0,0,0,0,0.02116105526051427,0,0,0,0,fully_open
0,0,1.0808,2.4545,107,99,11,11,14,0,13,0,0,0,0,0,0,0,0,0,0,0,0,0,0,0,0,0.07693759229461596,0,0,0,0,0,0,0,0,0,0,0,0,0,0,0,0,0,0,0,0,0,0,0,0,0,0,0,0,0,0,0,4,0,0,0,0,0,0,0,0,0,0,0,0,0,0,0,0,0,0,0,0,closed
0,0,0.083,0.2377,71,855,122,7,15,0,14,0,0,0,0,0,0,0,0.01332391730178113,0,0,0,0,0,0,0,0,0,0,0,0,0,0.0179574575059393,0,0.03832345701363313,0.01924390925666585,0,0,0,0,0.02320787928920212,0,0.02342710171312584,0,0,0,0,0,0,0,0,0.02339033022748051,0,0,0,0,0,0,0,4,0,0,0,0,0,0,0,0,0,0,0,0,0,0,0,0,0,0,0,0,closed
0,0,0.0735,0.1449,121,1647,214,16,17,0,14,0.00602835764496092,0,0,0.00794069663011975,0,0.00911816783686265,0,0,0,0,0,1,0,0.00875626885509989,0,0,0,0,0,0,0,0,0,0,0.01924390925666585,0,0,0,0,0.01160393964460106,0,0,0,0,0,0,0,0,0,0,0,0,0,0,0,0,0,0,4,0,0,0,0,0,0.01404366325980594,0,0,0,0,0,0,0,0,0,0,0,0.01583148140537852,0,0,fully_open
0,0,0.0422,0.0868,89,2109,288,12,13,0,12,0.01854879275372591,0,0,0.02443291270806077,0,0,0,0.00512458357760812,0.0214304944760248,0,0,1,0,0,0,0.01795313950380254,0,0,0,0,0,0,0,0,0,0.0091538915600137,0,0,0,0.00892610741892389,0,0,0,0,0.0081351925307205,0,0,0,0.01921648329414953,0,0,0,0,0,0,0,0,0,4,0.04576945780006853,0,0,0,0,0,0.05545083314073415,0,0.00931615720597534,0,0,0,0,0,0,0,0,0,0,0.01104349164302871,partially_open
0,0,0.0439,0.1111,78,1775,234,10,15,0,11,0,0,0,0,0,0,0,0,0,0,0,0,0,0,0,0,0,0,0,0,1,0.01783009965128725,0,0.00951291486154013,0.02866114144609807,0,0.03724947232284533,0,0.01064243622356041,0,0,0,0,0,0.0315022349061943,0,0,1,0.01240212751608232,0,0.01161222068030947,0.01166712829842022,0,0,0,0.01286528424237854,0.01357395108654086,0,2,0,0.6667,0,0,0,0.01394406281115484,0,0,0,0,0,0.01254624100892599,0,0,0,0,0,0,0,0,fully_open
0,0,0.0402,0.1927,66,1641,218,8,23,0,19,0.01339635032213538,0,0,0,0,0,0,0,0.01031838622919712,0,0,0,0.02812629907828373,0,0.09594534797567451,0,0,0.01162966324174875,0.00863232022722043,0,0,0.02992909584323217,0,0.0212908094520184,0.02138212139629538,0.01322228780890868,0,0,0,0,0,0,0,0,0,0,0,1,0,0,0.02598925580831168,0.02611214428694049,0.03126493139239233,0.02439868652149959,0,0,0,0,3,0,0.3333,0,0,0,0,0,0,0,0,0,0.02807968225807246,0,0,0,0,0,0,0,0,fully_open
0,0,0.0754,0.2211,111,1473,199,12,25,0,19,0.00594345119925724,0.01057431399150115,0,0,0.01093702520421121,0.00898974293775191,0,0,0.00915575116111857,0,0.02076103204828024,1,0,0.00863294112474638,0,0,0.01733804896780078,0,0.01531932885394049,0.01197890919689852,0,0,0,0,0,0,0,0,0,0.01144050387495879,0,0,0,0,0.01042679606050093,0.01256191056041463,0,0,0.01231478858991273,0,0,0,0,0,0,0,0,0,3,0,0.3333,0,0,0,0,0.01184513102302067,0,0,0,0,0,0,0,0,0,0.02559263770721612,0.01560850279403516,0,0.01415433435937483,partially_open
0,0,0.1806,0.2421,121,670,95,16,12,0,11,0.01156123383965108,0,0,0,0,0,0,0.0255527181130049,0.01780981732710737,0,0,1,0,0,0.01840047769396497,0,0,0,0,0,0,0,0,0.03674852042403176,0,0,0.05396070819371087,0,0,0,0,0,0,0,0,0,0.05763385245410031,1,0,0,0,0.02253513822023632,0,0.0631692020899099,0,0,0.0262181794959214,0.05271640156914522,3,0,0.3333,0,0,0,0,0.06912364131242202,0,0,0,0.05697100114191331,0.07269945132569447,0,0,0,0,0,0,0,0,fully_open
0,0,0.003,0.0024,32,10719,1659,3,2,0,2,0.01052040253829745,0.00207971272409025,0.0020537468995855,0,0,0,0,0.00516717014473506,0.02340930283022839,0.00187644832972371,0.00204159733438766,0,0.0122711692654562,0.0016978914677479,0.02418566943431131,0.00452558364223277,0,0,0.00150647139699414,0.0047119255012731,0,0,0,0.00185778531229523,0.001865752975023,0.00230749067025276,0.00181862035925249,0,0.01039185254516633,0,0,0.0090853026034283,0,0,0.00205069950220378,0.01235312534334403,0,0,0.00242202213264211,0.00560928907588854,0.00453552109674137,0,0,0,0.0035422123859042,0,0,0,3,0,0.3333,0,0,0,0,0,0.01032869895879717,0.00469678839747233,0,0,0,0.02019964950352025,0,0.00259564364536687,0,0.00503345506153004,0,0.00558838268908693,0,partially_open
1,0,0.0141,0.0536,31,2202,317,4,9,0,8,0.00471491659382418,0,0,0.03105300358147388,0,0.00713152791709928,0,0,0,0,0,0,0,0.01369695686831269,0,0.0243387068133487,0.02750841288746045,0,0,0.0285084654630099,0,0,0,0,0,0,0,0,0,0,0,0,0,0,0.00827153653961526,0,0,0,0.00976927362998663,0,0,0,0,0,0,0,0.0106923301854875,0,3,0,0.3333,0,0,0,0,0.00939669611882087,0,0,0,0,0,0,0,0,0.01182181858129289,0,0,0,0.01122857809514651,closed
1,0,0.0706,0.1213,128,1814,239,13,16,0,13,0.00520969179194153,0.00463442156417643,0,0.04117398252654685,0,0.00787989813062204,0,0,0,0,0,0,0,0.0075671459241604,0,0,0,0,0.01342805368678734,0.01050003151826907,0,0,0,0,0,0,0,0,0,0.01002809598916141,0,0.07085975209525718,0,0,0,0.01101105740480788,0,0,0,0.01249971207651707,0,0,0,0,0,0,0,0.0593873042368457,3,0,0.3333,0,0.01090180075604615,0,0,0,0,0,0,0,0,0,0,0,0,0,0,0,0,closed
1,0,0.0359,0.0945,61,1698,254,10,13,0,11,0,0,0,0.0158813932602395,0.01109326842141423,0,0,0.00666195865089056,0,0,0,0,0.01265683458522768,0.00875626885509989,0,0.0077796937849811,0.00879286769081325,0,0.01553817640899678,0,0,0.00897872875296965,0.10727527757655438,0,0.00962195462833292,0,0.00937888499557355,0,0,0,0.0129571791298241,0.02342710171312584,0.02485880337251738,0.01247021812385468,0,0,0.03005193735106659,0,0,0.01446395254568404,0,0,0.04220765737972964,0,0,0,0,0.01374391898052714,4,0,0,0,0.0126149408748534,0,0.01404366325980594,0.01201434718049239,0,0,0,0,0,0,0,0,0,0,0,0,0,fully_open
0,0,0.0768,0.1348,96,1250,178,11,13,0,11,0.03342455723938729,0,0,0.02201381243993594,0,0.01263904452634427,0,0,0.01287244222652315,0,0,1,0,0.0121374023734058,0.01329935516494498,0.01078373395937974,0,0,0,0,0,0,0,0,0,0,0,0,0,0,0,0,0.01722887362451699,0,0,0,0,0,0,0,0,0.0162877731690817,0,0,0,0,0.0189497732990323,0,4,0.01649513132596529,0,0.01811347857833729,0,0,0,0,0,0.01678753080680705,0,0,0,0,0,0,0,0.01799086413081529,0,0,0,partially_open
0,0,0.0707,0.185,85,1203,173,12,17,0,15,0,0,0,0,0,0,1,0.00923439812994731,0,0,0.01459438886562274,0,0.0701765085913614,0,0,0,0,0,0,0,0,0,0,0,0,0,0,0,0,0,0,0.01623660514771098,0,0,0,0,0,0,0,0,0,0,0,0,0,0,0,0,4,0,0,0,0,0,0,0,0,0.01678753080680705,0,0,0,0,0,0,0,0,0,0,0,partially_open
0,0,0.0722,0.21,105,1455,200,16,25,0,17,0.01329086724873273,0.01182324871490679,0.01167563198032074,0.02626057153267949,0,0,0,0.00734389142617857,0.01023713909353415,0.01066768263039779,0,1,0,0,0.01057665253275152,0,0,0,0,0,0,0,0,0,0,0,0,0,0,0,0,0,0,0,0.01165830740622938,0,0,0,0,0,0,0,0,0,0,0,0,0,4,0,0,0,0,0,0.03096240718697374,0,0,0,0,0,0,0,0,0,0,0,0,0,0,partially_open
1,0,0.0816,0.1364,117,1433,198,17,16,0,11,0.012787425307492859,0.01137539838479669,0.02246674638637476,0,0.01764838157952264,0,0,0.02119714116192453,0.00984936867332453,0.02052720748576544,0.01116691875324164,0,0,0,0.01017602175499578,0,0,0,0.00823994203507405,0,0,0.01904578826387502,0,0,0.04082041357474574,0,0.01989460453606512,0,0,0,0,0,0.01318269875815315,0.03967796675771944,0,0,0.01062442229583162,0,0,0,0,0.01246261431876705,0,0,0.09687414176601652,0.0137424627134498,0,0,4,0,0,0,0,0,0,0,0.01412371334896129,0,0,0.04726003503817808,0,0,0,0,0,0,0,0,0,fully_open
0,0,0.5042,0.5161,119,236,31,17,9,0,7,0,0,0,0,0,0,0,0,0,0,0,0,0,0,0,0,0,0,0,0,0,0,0,0,0,0,0.10100337687540754,0,0.05771475028930839,0,0,0,0,0,0,0,0,0,0.06725769152952339,0,0,0.06327173423374044,0,0,0,0,0,0,2,0,0.6667,0,0,0,0,0,0,0,0,0,0,0,0,0,0,0,0,0,0,closed
0,0,0.0573,0.1314,70,1221,175,9,13,0,10,0,0,0,0,0,0,0,0.03846079221132698,0,0,0,0,0.05480278892572811,0.01263791381148439,0,0,0,0,0,0,0,0,0,0,0,0,0,0,0,0,0,0,0,0,0,0,0,1,0.01802783484296503,0,0,0.05087830175496654,0.04061217892207663,0,0,0,0,0,3,0,0.3333,0,0,0,0,0,0,0,0,0,0,0,0,0,0.02181552088712812,0,0,0,0,partially_open
0,1,0.0494,0.223,52,1052,148,8,18,0,15,0,0,0,0.11702079244387,0.00817398725788417,0.02687459994022676,0,0.01963524654999324,0,0.0142610073059002,0,0,0,0,0,0.03439443568096909,0.01295791028119847,0,0.01144918261715552,0,0,0,0,0.01411916837344378,0.01417972261017483,0.01753692909392099,0,0,0.01579561586865282,0,0,0,0.03663402602265719,0,0,0,0.04428706556999287,1,0.01840736820808008,0.02131529848837648,0.01723498016761722,0,0.0207335860812707,0,0,0,0,0,3,0,0.3333,0,0,0,0,0.03541070747934601,0,0,0,0,0,0,0,0.01972689170478826,0,0,0,0,0.02115700504243395,fully_open
1,0,0.0725,0.1302,96,1324,169,14,11,0,11,0.00686154528694739,0.0122077446080745,0,0,0.01893972657314625,0.02075680483188246,0,0,0.01057005418600681,0.01101459913870341,0,0,0,0,0.0109206087126784,0.00885493601542564,0,0,0,0,0,0.03065907379062808,0,0.01090504874371674,0.01095181827615129,0.01354478263351621,0.01067515365349836,0,0.01219986591481315,0.01320773618084673,0.01474800876565345,0,0,0,0,0,0,0,0.01421707300624071,0.03292607083570352,0,0.01337451292745733,0.0160137453473229,0,0,0,0,0,3,0,0.3333,0,0,0,0,0,0,0,0,0,0,0,0,0,0,0,0,0,0,closed
1,0,0.0322,0.151,45,1397,192,6,16,0,13,0,0,0,0,0.02218653684282846,0,0,0.03553044613808302,0,0,0,0,0,0,0,0.01037292504664147,0,0,0,0,0,0,0,0.01277448567121104,0.02565854567555446,0,0,0,0,0,0,0,0,0,0,0,0.02671283320094808,0,0,0,0,0,0.0375179176708708,0,0,0,0,0,4,0.01586674537069042,0,0,0,0,0,0,0.01775552535297991,0.03229601164738118,0,0,0,0,0,0.01784814011385605,0,0,0,0,0,closed
1,0,0.0795,0.2624,77,968,141,11,22,0,15,0,0.0088326622752539,0,0,0,0,0,0,0,0,0,0,0,0.01442208987898806,0,0,0,0,0,0.08004729910398074,0,0,0,0,0,0.1176005833357055,0,0,0,0.03822474235868585,0.02134123621382793,0,0,0,0,0,0,1,0,0,0,0.03870741388417062,0,0,0,0,0,0,4,0,0,0,0,0,0,0,0.02193329602426929,0,0,0,0,0,0.02400259798266535,0,0,0,0,0,0,closed
0,0,0.0596,0.1351,90,1509,222,11,16,0,14,0,0,0,0,0,0,0,0,0,0,0,0,0,0,0,0,0,0,0,0,0,0,0,0,0,0.06664033055689979,0,0,0,0,0,0,0,0,0,0,0,0,0,0.03239925370233226,0,0,0,0,0,0,0,0,4,0,0,0,0,0,0,0,0,0,0,0,0,0,0,0,0,0,0,0,0,closed
0,0,0.0424,0.1329,52,1226,173,6,14,0,9,0.00835613930984682,0,0,0,0,0,0,0.00923439812994731,0,0,0,0,0,0,0,0,0.01218813343281045,0.0145082927570331,0,0,0,0,0,0,0.01333736285115455,0,0,0,0,0,0,0,0,0,0,0.01766129999583047,0,0,0,0,0,0.09772663901449018,0.01950188789822492,0,0,0,0,0,4,0,0,0,0,0,0,0,0.0184587144758702,0.01678753080680705,0.05904280256893105,0,0.05254514798787818,0,0,0,0,0,0,0,0,partially_open
0,0,0.064,0.1608,90,1406,199,12,17,0,15,0,0,0.01335860595946607,0.01001529304699788,0,0,0,0,0,0,0,1,0,0.02208788540025199,0,0.04906113197735831,0.01109010339381851,0,0.00979884998765563,0.03064874064792055,0,0,0.03382553797458922,0,0,0,0,0,0,0.04390679865524726,0,0,0,0,0,0,0.01263444813558355,1,0,0,0,0.01482040621691217,0,0,0,0,0,0,4,0.01500908345876121,0,0,0,0,0,0.03030646135619704,0.0167957672257918,0,0.01790787705544155,0,0,0,0,0,0,0,0,0,0,fully_open
1,0,0.1188,0.3553,55,463,76,10,14,0,13,0,0,0,0,0,0,0,0,0,0.03565251826475051,0,0,0,0,0,0,0.03239477570299619,0.03856151495948272,0,0,0,0,0,0,0,0,0,0,0,0,0,0,0,0,0,0,0,0,0,0,0,0,0,0,0,0,0,0,4,0.04384232273480248,0,0,0,0,0,0,0.04906132005428658,0,0,0,0,0,0,0,0,0,0,0,0,closed
0,0,0.3939,0.7111,141,358,45,14,18,0,14,0,0,0,0,0,0,0,0,0,0,0,0,0,0,0,0,0,0.03256305707689652,0,0,1,0,0,0.02980713323282576,0,0,0,0,0,0,0,0,0,0,0,0,0,1,0,0,0,0,0,0,0,0,0,0,4,0,0,0.04065469636471259,0,0,0,0,0,0,0,0,0,0,0,0,0,0,0,0,0,partially_open
0,0,0.0563,0.076,81,1439,171,10,8,0,5,0,0.02681343904987791,0,0,0,0,0,0,0,0,0,0,0,0,0,0,0.02198216922703312,0,0,0,0,0.01122341094121206,0,0.01197608031676035,0.01202744328541615,0,0.01172360624446694,0,0.01339806703144659,0,0.01619647391228013,0,0,0,0.01321968786242082,0,0,0,0.0468401780294895,0,0,0,0,0,0,0,0.0170886348500202,0,1,0,1,0,0,0,0.01755457907475743,0,0,0,0,0,0,0.01860222824176227,0,0,0.01889379933974488,0,0,0,0,closed
0,0,0.0314,0.175,57,1816,240,5,24,0.01325328827445231,18,0,0.01443800564224195,0,0.00712626620651772,0.00497774865063459,0,0,0.01195736168108563,0.01666816237024151,0.01736917556487845,0,0,0,0.00785818999816657,0.02583143983960468,0,0.02367310532142029,0,0,0.0218077577687127,1,0,0,0,0,0,0,0,0.00961912504821806,0,0,0,0,0,0,0,0,1,0,0.01298047023330619,0,0.01054528903895674,0,0,0,0,0,0,1,0,1,0,0,0.01476016085252593,0,0,0,0,0.01274214328944879,0,0,0,0,0,0,0,0,0,0,partially_open
0,0,0.0778,0.0942,105,1350,191,12,9,0,9,0,0,0,0,0,0,0,0.01793604252162844,0.03750336533304341,0.03908064502097652,0,1,0,0,0.03874715975940703,0.01047266471055148,0,0.01408978431211869,0,0,0,0,0,0.01289731726420345,0.01295263123044816,0,0,0,0.01442868757232709,0,0,0,0,0,0.01423658692876088,0,0,0,0,0,0.01574349149926573,0,0,0,0,0,0,0,2,0,0.6667,0,0,0,0,0,0,0.01630327511045684,0,0.01999463020845996,0,0,0,0,0,0,0,0,0,fully_open
0,0,0.059,0.0382,105,1781,262,13,5,0,5,0,0,0,0.02416733756992967,0.02250808085504337,0,0,0,0.01884227050549041,0,0.01068140054657896,1,0,0.00888317130227526,0.01946717205303541,0,0.0089203005558975,0.02123677635449773,0,0,0,0,0,0.00971971735853014,0.00976140324613485,0,0.00951481086507462,0,0,0,0,0,0.0630476897129064,0,0,0,0.05081245445832516,0,0,0,0,0,0.02854624170609734,0,0,0,0,0.01394310621212899,3,0,0.3333,0,0,0,0,0.02437693630824545,0,0.01228652617019936,0,0,0.01281898537868525,0,0.01478420890236633,0,0,0.02633445329293253,0.03212184632975352,0,0,partially_open
1,0,0.0465,0.2591,65,1397,193,8,30,0,20,0,0.01272502192197596,0.01256614628390452,0,0,0,0,0,0,0,0,0,0,0.01038879355689818,0,0,0.02086443180870941,0,0,0,0,0,0,0.01136712708031491,0,0.01411871410103809,0,0,0,0.02753477203803641,0,0.01389743321965092,0,0,0,0.01511687542015998,0,0,0,0.0171606216643709,0,0,0,0,0,0,0,0,3,0.01411871410103809,0.3333,0,0,0,0,0,0.01579940815307534,0,0,0,0,0,0,0,0,0,0,0,0,closed
1,0,0.0656,0.038,82,1250,158,11,3,0,3,0,0.00728909022715127,0,0.01079317988559966,0.02261734338346591,0,0,0.00905508942839494,0,0,0,0,0,0,0,0,0,0,0,0,0,0,0,0.01302253393667145,0.01307838493171465,0,0.01274799902310968,0,0,0,0,0,0.01689433238908948,0,0,0,0.01361576449562887,0,0,0,0,0.01597150572890535,0.03824642092661586,0.02984693690979561,0,0.01761169978811043,0,0,3,0,0.3333,0,0,0,0,0.01633018063367898,0.01810029283556204,0,0,0,0.01717495128406374,0.02022766566094538,0,0.01819470594130956,0,0,0,0,0,closed
1,0,0.0691,0.1818,71,1028,154,9,16,0,12,0,0.00872995689996025,0,0.03878014633314297,0.04514702264529048,0.01484352903675315,0,0,0,0,0.01713992180730113,0,0,0,0,0.03799385336851237,0.01431397065946343,0,0,0.03955825827813002,0,0,0,0,0,0.01937218911537784,0,0,0,0.07556053722065807,0,0,0,0,0,0,0.08153626413080084,1,0,0,0,0,0,0,0,0,0,0,4,0.03874437823075569,0,0,0.02053595026138927,0,0,0.03911647919230083,0,0,0,0,0,0,0,0,0,0,0,0,0.02337111022129332,fully_open
0,0,0.0306,0.0628,131,4283,653,16,24,0,17,0.00283211432984741,0.00755815060466357,0,0,0,0.00856740602121323,0,0.01251911692784804,0,0.05000923702907958,0,0,0,0,0,0,0.04130877438637098,0,0,0,0,0,0,0.00900215433206147,0,0,0.00440618758181308,0,0,0,0,0,0,0,0,0,0,1,0.00586812073747519,0,0.01098874574445393,0,0,0,0,0,0.01926772251545901,0.01291374937767651,4,0,0,0.01227826400276554,0,0,0,0,0,0,0,0,0,0,0,0,0,0,0,0.01353963859570727,0,closed
0,0,0.0348,0.132,47,1349,197,5,16,0,10,0.03277553671046714,0,0,0.02158635977119932,0.02261734338346591,0,0,0.00905508942839494,0.01262249189202755,0,0.01431100267405725,0,0,0,0.01304111525882954,0,0.02390294129541466,0,0,0,0,0,0,0,0.01307838493171465,0,0,0.02066632801816123,0,0,0,0,0.01689433238908948,0.01694981104213257,0,0,0,0,0,0,0,0,0.03824642092661586,0.0149234684548978,0,0,0.01858181653594429,0,4,0,0,0,0,0,0,0,0,0,0,0.02018875283184306,0,0,0,0,0.02054471384515948,0,0,0.01958646748311051,0,partially_open
1,0,0.0339,0.0576,44,1298,191,5,6,0,5,0,0.01403320174573049,0,0,0,0,0,0,0,0,0,0,0,0.01145680037115874,0,0,0.02300937339652065,0,0.01016516213672687,0,0,0,0.10527013220129168,0,0,0,0,0.03978751001627304,0,0,0,0,0,0.016316173246165,0,0,0,0,0,0,0,0.01537444009417991,0,0.01436558178368667,0,0,0,0,4,0,0,0,0.01650553011663062,0,0.01837488650815731,0,0,0.01584617393913562,0,0,0,0,0,0,0,0.03396406125630551,0,0,0,closed
0,0,0.0519,0.1579,70,1350,190,9,17,0,13,0,0.00721900282112097,0,0,0,0,0,0,0,0,0,1,0,0,0,0.01047266471055148,0,0,0,0,0,0,0,0,0.03885789369134451,0,0,0,0,0,0,0,0,0,0,0,0,1,0,0,0.0472304744977972,0.04745380067530533,0,0,0,0,0,0,4,0,0,0.01759097438857756,0,0,0,0,0,0,0,0,0,0.02003316887574398,0,0,0,0,0,0,0,partially_open
0,0,0.0456,0.1329,63,1382,173,7,12,0,11,0.02836874185863962,0,0.01246054841597255,0,0,0,0,0,0,0,0,0,0,0,0,0,0,0,0,0,1,0.01056321029761135,0.01577577611419917,0,0,0,0,0,0.01260994544136149,0,0,0.01378064806654461,0,0.01467084485159374,0,0.01498984285360401,0,1,0,0.01701641475962828,0,0,0,0,0,0,0,0,4,0,0,0,0,0,0,0,0,0,0,0,0,0,0,0,0,0,0,0,0,fully_open
0,0,0.0514,0.2,60,1168,170,7,18,0.0202697350079859,16,0,0,0,0,0,0,0,0,0.01274624181253763,0,0,0,0,0,0.01316896932999454,0,0.0120686419285672,0,0.01066345439833113,0,0,0,0,0,0,0,0,0,0,0.01592697598278577,0,0,0,0.0171159856601927,0.01451573569206992,0,0,0,0.01714411744870203,0,0,0,0,0,0,0,0,0,4,0,0,0,0,0,0,0,0,0.01662294717144619,0,0,0,0,0.06000649495666337,0,0,0,0,0,0,closed
1,0,0.1146,0.1948,131,1143,154,15,19,0,11,0,0.00676375039096019,0,0.01001529304699788,0,0,0,0,0,0,0,0,0,0.01104394270012599,0,0,0.01109010339381851,0,0,0,0,0,0,0,0,0.07504541729380607,0,0,0,0.04390679865524726,0.01634238809167004,0,0,0,0,0,0,1,0,0,0,0.01482040621691217,0,0,0,0,0,0,3,0,0.3333,0,0,0,0,0,0,0,0,0,0,0,0.01838036782456355,0,0,0,0,0,0,closed
0,0,0.0349,0.0509,86,2466,373,14,12,0.01216184100479154,7,0,0,0,0,0.00913563281763525,0.00750907939506336,0,0,0.02294323526256773,0,0,0,0,0,0.02370414479399018,0,0,0,0,0,0,0,0,0,0,0,0,0,0,0,0,0.00964645364658122,0,0,0,0,0,1,0,0,0,0.01935370694208531,0,0.0090418661814969,0.06017593747347849,0.01067061810691396,0,0,3,0,0.3333,0,0,0,0.0115653697433696,0,0,0,0,0,0,0,0,0,0,0,0,0,0,partially_open
0,0,0.0522,0.0964,79,1514,197,11,10,0,9,0,0.00573111674348535,0,0.00848624067341042,0.01185540136639689,0,0,0,0,0,0,0,0,0,0,0.00831417656410194,0.00939695783751034,0,0.00830284235595248,0,0,0,0,0,0,0.01271762033528621,0,0,0.01145483593528258,0,0,0,0,0,0,0,0.02141104951221029,1,0,0,0,0,0,0,0,0,0.01461013055879589,0,3,0.01271762033528621,0.3333,0,0,0,0,0,0,0,0,0,0,0,0,0,0,0,0,0,0,fully_open
0,0,0.0548,0.1307,53,968,153,11,11,0,9,0.01205671528992184,0,0,0.0158813932602395,0.01109326842141423,0.0182363356737253,0,0,0.01857309521255483,0,0.02105761822039853,0,0.02531366917045536,0,0.0191890695951349,0.03111877513992441,0.0175857353816265,0.02093339383514776,0,0,0,0.05387237251781791,0,0,0,0,0.01875776999114711,0,0,0,0,0,0,0,0,0,0,1,0,0,0,0.02350092985824645,0,0,0,0,0,0,3,0,0.3333,0,0,0,0,0,0,0,0,0,0,0,0,0,0,0,0,0,0.02871307827187465,partially_open
0,0,0.0513,0.1818,58,1130,143,6,14,0,12,0.00852495020499524,0,0,0,0,0,0,0.00942095162752201,0,0,0,0,0,0,0,0,0,0.01480138958040751,0,0,1,0.02539438435183336,0,0.01354869692401171,0.02721360904983049,0.03365673260449484,0.01326306969071008,0,0,0,0,0,0,0,0.01495560647061749,0,0,1,0,0.02045407430702794,0.03307723466512397,0.04985045727506822,0,0.01552643687731792,0,0,0,0.03887169004593537,3,0,0.3333,0,0,0,0,0,0,0.0171266728433082,0,0,0,0,0,0,0,0.01835431593143783,0,0,0,fully_open
0,0,0.0512,0.1557,90,1758,244,10,23,0,15,0,0.00560280815967598,0.01106571090672189,0,0,0,1,0.00696025530690059,0,0.0101104156273173,0,0,0,0,0,0,0,0,0.02435087347678601,0,0,0,0,0,0.03015836525298379,0,0,0.01588531183485528,0,0,0,0,0,0,0.01104929134769501,0.02662375073998325,0,0,0,0.0151115922119087,0,0,0,0,0,0,0,0,4,0,0,0,0.01317978897372744,0,0,0.02510460604879008,0.01391291165718574,0.01265328814542919,0,0,0,0,0,0,0.01579183228396587,0,0,0,0,partially_open
0,0,0.1652,0.3221,165,999,149,23,26,0.0234944655774382,22,0,0.00853154878859751,0,0,0,0,0,0,0,0,0,0,0,0,0,0,0.01398865314447562,0,0,0,0,0.02856868239581253,0,0.01524228403951317,0.0306153101810593,0,0.02984190680409768,0,0,0,0.02061369407017471,0,0,0,0,0,0,0,0,0,0.01860594449913222,0,0,0,0,0,0,0,4,0,0,0,0,0,0,0,0,0,0,0,0,0,0.02318432759689267,0,0,0,0,0,0,closed
0,0,0.0661,0.1222,106,1603,221,14,14,0,13,0.00551614425029103,0.00490703459736327,0,0,0,0,0,0,0,0,0,0,0.03474425180258579,0,0,0,0,0,0,0,0,0,0,0,0,0,0,0,0,0,0,0.0107182818295347,0,0.01141065710679513,0,0,0.00916616825522728,1,0.01142941163246802,0,0,0,0,0,0,0,0,0,4,0,0,0,0,0,0,0.01099352029587539,0,0,0,0,0,0,0.0133347766570363,0,0,0,0,0,0,closed
0,0,0.5872,0.7083,101,172,24,12,10,0,7,0,0,0,0,0.0597329838076151,0,0,0,0,0,0,0,0,0,0,0,0.04734621064284059,0,0,0,0,0,0,0,0,0.06407724092009595,0,0,0,0,0,0,0,0,0,0,0.10787874946536728,0,0,0.07788282139983717,0,0,0,0,0,0,0,0,4,0,0,0,0,0,0,0,0,0,0.07645285973669277,0,0,0,0,0,0,0,0.0852464383366536,0,0,partially_open
0,0,0.0561,0.1067,52,927,150,9,8,0,8,0,0,0,0,0,0,0,0.01457303454882311,0,0.02116868271969561,0,0,0,0,0,0,0,0,0,0,0,0,0,0,0.02104802574947827,0.02603137912378898,0.06154893278345147,0,0,0,0,0,0,0,0,0,0,0,0,0,0,0,0,0.02401745704460116,0,0,0,0,4,0,0,0,0,0,0,0,0,0.02649282205449237,0,0,0,0,0,0,0,0,0,0,0,partially_open
0,0,0.0355,0.0833,55,1548,216,7,9,0,9,0,0.01173087958432158,0,0,0.03033315583980454,0,0,0,0,0,0.0230317699285609,0,0,0,0,0,0,0.01144794975359643,0,0,0,0.00982048457356055,0,0.0104790702771653,0,0,0,0,0,0,0,0,0,0,0,0,0,0,0.1092937487354755,0,0,0,0,0,0.03996058347848181,0,0,0,2,0,0.6667,0,0,0,0,0.01314069222866356,0,0,0.03105897426803144,0,0,0,0,0,0,0.05678366491288578,0,0,0,fully_open
0,0,0.0798,0.0537,126,1578,205,13,6,0,5,0,0.00528715699575057,0.01044229057394883,0,0,0,0,0,0.01831150232223715,0.01908162949381013,0,0,0,0,0.01891880100928793,0,0,0.01031927865112918,0,0,0,0,0,0,0.00948643414060992,0,0.00924678802380491,0,0,0,0,0.11548571267033866,0,0,0,0,0,0,0,0,0.01153044447833546,0,0,0,0,0,0.01347835988170607,0,2,0,0.6667,0,0,0,0,0,0,0,0,0,0.02491577439800796,0,0,0,0,0,0,0,0,fully_open
0,0,0.0389,0.15310000000000001,26,669,98,3,8,0,7,0.03444775797120526,0,0,0,0,0,0,0.01903416757397304,0,0,0,0,0,0,0,0,0,0,0,0,0,0,0,0,0,0.03400016865147948,0,0,0,0,0,0,0,0,0,0,0,0,0,0,0,0,0,0,0,0,0,0,3,0,0.3333,0,0,0,0,0,0,0,0,0,0,0,0,0,0,0,0,0,0,closed
1,0,0.0728,0.1304,92,1263,161,13,13,0,8,0.00746876168402238,0,0,0,0,0,0,0,0,0.02397868485062866,0,0,0,0,0,0,0,0,0,0,0,0.02224817744098674,0,0.03561029191532282,0.01192100573421778,0.01474343596391588,0,0,0,0,0,0,0,0,0,0,0,1,0,0.01791994120704218,0.01448958509666934,0.01455809814227656,0.01743089095328068,0.01360280752968561,0,0,0,0,3,0.02948687192783176,0.3333,0.01618992333108023,0,0,0.03479845763491739,0,0,0,0,0,0.01565504409078376,0,0.01805505157988101,0,0,0,0,0,0,fully_open
1,0,0.0389,0.1417,74,1900,254,7,27,0,9,0,0.00490703459736327,0,0.02179799074934833,0,0,0,0,0,0.00885487381738901,0,0,0,0.00801227215499337,0,0.00711867405161669,0,0,0,0,0,0.00821583023147549,0,0,0.01760880585577267,0,0,0.01391262605144188,0.00980773534328116,0.02123596797704769,0,0,0,0,0,0,0,0,0,0.02646997851497733,0,0,0,0,0,0.02371248468203104,0.01250932747191021,0.06288067507430721,4,0,0,0,0,0,0,0,0,0,0,0,0,0,0,0,0,0,0.01448632285459472,0,0.02627340495465654,closed
1,0,0.0619,0.1693,84,1358,189,10,20,0,12,0.02201661052942249,0.03917093704677817,0,0,0.01350484851302602,0,0,0,0,0,0,0,0,0,0,0,0.010704360667077,0,0.01891604084573522,0,0,0,0,0,0,0.02897405676386947,0,0.01850984161626615,0,0,0,0.02851994991163146,0,0.01518113510730135,0,0.04653368607597073,0.02438997813999607,0,0.01520608678058789,0,0,0,0,0,0,0,0,0,4,0.02897405676386947,0,0,0.01535731932590849,0,0,0.02925232356989453,0.01621156662663383,0,0,0.03616420072486671,0,0,0,0,0.073603670471354,0,0.11563864678711268,0,0,partially_open
1,0,0.0686,0.1781,104,1517,219,10,23,0,16,0,0.00670335976246947,0,0,0,0,0,0,0,0,0,0,0,0,0,0,0.03297325384054969,0.01308337114696735,0,0,0,0,0,0,0,0,0,0,0,0,0,0,0,0,0,0.01592670803195426,0,0,0,0,0,0,0,0,0,0,0,0,4,0,0,0,0,0,0,0,0.01664580501841866,0,0.03549597059203593,0,0.01579482127016576,0,0,0.05019789407022013,0,0.03244780852164902,0,0.01801255491750342,0,partially_open
0,0,0.0293,0.0993,66,2256,302,9,18,0,12,0.00987099497420501,0.00439050463974609,0,0,0,0,0,0.0054542351527759,0,0,0,0,0,0,0,0.0063693399409202,0,0,0.00636065700953084,0,0,0.00735100599658334,0,0,0.00787762367231935,0,0.00767861929462162,0,0,0,0,0,0,0.01020953530607985,0,0,0,1,0,0,0,0,0,0.00898898977107879,0,0,0,0,4,0,0,0,0,0,0,0,0.01090251556761924,0.00991544217244159,0,0,0,0,0,0.01095938428043792,0,0,0,0,0,partially_open
0,0,0.0419,0.0597,77,1839,268,9,8,0,8,0,0,0.01066766375180384,0,0.00558653805394961,0,0,0.00670988641096891,0,0,0,0,0,0,0,0,0,0,0,0,0,0,0,0.00964979133436805,0.00969117732350078,0,0.0283390769650424,0,0,0,0,0.02359564201322027,0.03755646552682482,0,0,0,0.01008937944640125,0,0,0,0,0,0,0,0.05519735271847847,0,0,0,4,0,0,0,0,0,0,0,0,0.01219813389559361,0,0,0,0,0,0,0,0,0,0,0,closed
0,0,0.0969,0.264,82,846,125,14,18,0,15,0,0,0,0,0,0,0,0,0,0,0,0,0,0,0,0,0,0,0,0,0,0,0,0.01635757311557511,0,0,0,0,0,0,0,0,0,0,0,0,0,1,0,0,0,0,0,0,0,0,0,0,4,0,0,0,0,0,0,0,0,0,0,0,0,0,0,0,0,0,0,0.02460251403366321,0,closed
0,0,0.0365,0.108,58,1589,213,6,12,0,11,0,0.00615390404423427,0,0,0,0,0,0.01528974116597834,0,0,0,0,0,0,0,0,0,0,0.01783069423983238,0,0,0.01030345922471927,0,0,0,0,0.01076265491295326,0,0,0,0,0,0,0,0,0,0,1,0,0.01659797833111283,0,0,0,0,0,0,0,0,4,0,0,0.01499558472468907,0,0,0,0,0.01528139477100729,0,0,0,0,0.01707745543506045,0,0,0,0,0,0,0,fully_open
0,0,0.3705,0.7879,93,251,33,11,14,0,12,0,0,0,0,0,0,0,0,0,0,0,0,0,0,0,0,0,0,0,0,0,0,0,0,0,0,0,0,0,0,0,0,0,0,0,0,0,0,0,0,0,0,0,0,0,0,0,0,4,0,0,0,0,0,0,0,0,0,0,0,0,0,0,0,0,0,0,0,0,closed
1,0,0.0423,0.123,74,1748,244,9,16,0,14,0,0.00532465456309632,0.01051634937234563,0,0.02202918551770202,0.02716049993959088,0,0.0066147107171963,0,0.00960848009971999,0.01045413670516239,0,0,0,0,0,0,0,0.00771398828815443,0,0,0,0.06657153750318091,0,0.00955371381536602,0.01181566144625882,0,0,0,0,0,0,0.01234124990124976,0,0,0,0.02983880304361222,1,0,0,0,0,0.01396943743064338,0,0,0,0,0.02729288875565674,4,0,0,0,0.0125254732090743,0,0,0,0,0,0,0,0,0.01477623803600975,0,0.0132911681698928,0,0.01288707288803081,0,0,0,fully_open
1,0,0.0354,0.1042,67,1891,288,9,18,0,12,0.01096065026356531,0,0,0.07218815118290682,0.02016957894802588,0.01657848697611391,0,0,0,0,0,0,0,0,0,0.01414489779087473,0,0,0,0.02209097540207261,0,0.00816248068451786,0.01219037245188118,0,0,0.0108182354800162,0,0,0,0.04219614416218568,0,0,0.02259891215683398,0,0,0,0.05463988609284835,1,0,0,0,0,0,0,0,0,0,0,4,0,0,0,0,0,0,0.01092213380044763,0,0,0,0.01350286715376516,0,0,0,0,0,0,0,0,0,fully_open
1,0,0.0575,0.1553,92,1599,219,12,19,0,15,0.03271201822847011,0.01163994253328033,0,0.05170686177752396,0.00601960301937206,0,0,0.00723003264437735,0,0,0,0,0.054944398199438,0,0,0.00844307852633608,0.00954264710630895,0,0,0.01318608609271,0,0,0.0145528477332535,0,0,0,0,0,0,0.02518684574021935,0,0,0,0,0,0,0.02174300376821355,1,0,0,0,0.02550488511747676,0,0,0,0,0,0,4,0.02582958548717046,0,0,0.01369063350759284,0,0,0.01303882639743361,0.01445217179893713,0,0,0,0,0,0.01581566533741515,0,0.03280783761320043,0,0,0,0,fully_open
0,0,0.0429,0.0884,92,2147,294,12,15,0,11,0.00446545010737846,0.04766833608867185,0.01569106096826173,0,0.00821723586771424,0,0,0.00493478418584486,0.01375784830559617,0.00716823118550539,0,0,0,0.00648612507785177,0.01421412562602585,0,0,0,0.00575488015148029,0.0090000270156592,0,0.00665091018738492,0,0.00709693648400613,0,0,0,0,0,0,0,0.00867670433819475,0,0,0.01566777820731356,0.00943804920412104,0,1,0,0,0.00866308526943722,0.00870404809564683,0,0,0,0,0,0,4,0,0,0,0,0,0,0,0,0,0,0,0,0.01102354266178505,0,0,0,0,0,0,0,closed
1,0,0.07,0.1852,83,1186,162,10,16,0,14,0.00803781019328122,0.01430050082660155,0,0.01058759550682633,0.01479102456188564,0.01215755711581687,0,0,0,0,0,0,0,0.0116750251401332,0,0,0.011723823587751,0,0,0,0,0,0,0,0,0,0,0,0,0.01547191952613475,0,0.01561806780875056,0,0.0166269574984729,0,0,0.02671283320094808,0,0,0,0,0.0313345731443286,0,0,0,0,0,0,3,0.01586674537069042,0.3333,0,0,0,0,0.01601912957398986,0,0,0,0,0,0,0,0.01784814011385605,0,0,0,0,0,partially_open
0,0,0.0806,0.1167,109,1353,180,12,11,0,10,0,0,0,0,0.0068719361902566,0,0,0,0.0230109144226343,0.04795736970125732,0,1,0,0,0.0237740685249459,0,0,0.01296758910141897,0,0,0,0,0,0,0.03576301720265335,0,0,0,0,0,0,0,0,0,0,0,0,0,0.01547522105989033,0,0.04346875529000803,0,0,0,0.06789762856520803,0,0,0,3,0,0.3333,0,0,0,0,0,0,0.01500478417245585,0,0,0,0,0,0,0,0,0,0,0,fully_open
0,0,0.0437,0.1145,78,1786,262,9,16,0,14,0.00534158272338309,0.02375874346191714,0.00938484342721983,0.01407212061033879,0.01474421752213284,0,0,0,0,0,0.00932932452802466,1,0.01121491672108781,0,0,0.00689339955631237,0,0,0.01376800441303512,0.02153171020202013,0,0,0.01188175542778292,0,0,0.01054435610077528,0,0,0,0.02056394367397656,0,0,0,0,0,0,0.00887609963955553,1,0,0,0,0,0,0,0,0,0,0,3,0,0.3333,0,0,0.01457332337338003,0,0,0.01179955798773981,0,0,0,0,0,0,0,0,0.01150048909628066,0,0,0,partially_open
1,0,0.0397,0.2079,51,1286,178,6,23,0,14,0,0,0,0.01068939930977658,0.00746662297595188,0.01227445670346895,0,0,0,0,0,0,0,0.01178728499724986,0,0.01047266471055148,0.01183655266071014,0,0,0,0,0,0,0,0,0,0,0,0,0.01562068798311681,0,0,0,0,0,0,0.02696968736634181,0,0,0,0,0,0,0,0,0,0,0.11100857638118082,4,0.01601931023002398,0,0,0.01698165117768728,0,0,0.01617315966604746,0,0,0.01911321493417319,0,0,0,0,0,0,0,0.0213116095841634,0,0.01932611037530025,partially_open
0,0,0.0293,0.0557,105,3587,485,14,14,0,13,0,0.0128118821398734,0,0,0,0,0,0,0,0,0,0,0,0,0.00458441935719946,0,0,0,0,0,0,0.02145088780572954,0,0.00457788735657733,0.00459752098282119,0,0,0,0,0,0.00619114361152005,0.0055969184980164096,0,0,0,0,0,0,0.01790477794983899,0,0.00558813350144585,0.01122911324284813,0,0.01049226792392132,0,0,0,0,4,0,0,0,0,0,0,0,0,0.01157365605110929,0,0,0,0,0,0,0,0,0,0,0,closed
0,1,0.0605,0.1768,83,1373,181,11,20,0,12,0,0,0.01300706369737486,0.00975173270365583,0,0,0,0.00818135272916385,0,0.02376834550983367,0,0,0,0.01075331262907005,0,0,0.07558780997365777,0.01285383831982757,0,0,0,0,0,0,0,0,0,0,0,0,0,0,0,0,0,0.04694187630470731,0,1,0,0,0.0287249669460287,0,0,0,0,0,0,0,4,0,0,0,0,0,0.01724660400327046,0,0,0,0,0,0,0,0,0,0,0,0,0.01769654518210862,0,fully_open
0,0,0.0411,0.1371,74,1799,248,10,20,0,14,0,0,0.00981990239404459,0.01472447057240748,0,0.00845393044477332,0,0,0,0,0,1,0.0234696270454553,0,0,0,0,0,0,0,0,0,0,0,0,0,0,0,0.00993763912266237,0,0,0,0,0,0,0,0,0,0,0,0,0,0,0,0,0,0,0,2,0,0.6667,0,0,0,0,0,0,0,0,0,0.01171536412091765,0,0,0,0.01401394388113528,0,0,0,0,fully_open
0,0,0.0607,0.12,93,1533,200,11,14,0,10,0.01259656821335117,0.00560280815967598,0.09959139816049709,0,0.01158998193282084,0,0,0.02088076592070177,0,0,0.01100024832408878,1,0,0.01829668118976098,0,0.02438411484844823,0.00918657818443175,0,0,0,0,0.00938076138369963,0,0.01000985817520268,0.04021115367064506,0,0.01959767014000444,0,0,0.01212351903167275,0.01353735132966697,0,0.01298594206027027,0.01302858609954966,0,0.01331187536999162,0.02093169765745932,1,0,0,0,0,0.0146991841620949,0.02294204852021603,0,0,0,0,2,0,0.6667,0,0.01317978897372744,0,0,0,0,0,0,0.03103644092059456,0,0,0.03045105714218738,0,0,0.01356027818815182,0,0,0,fully_open
0,0,0.0767,0.1068,112,1461,206,13,12,0,10,0.01406616783824214,0.00625646911163818,0,0,0.01941321973747491,0.01063786247633976,0,0,0,0,0.03685083188569744,1,0,0,0,0,0.01025834563928212,0.01221114640383619,0.00906393623858146,0,0,0.01047518354513126,0,0,0.01122561373305507,0,0.02188406498967163,0,0.01250486256268348,0,0,0,0.02900193726793694,0,0.01233837533825943,0,0.01168686452541478,0,0,0,0.01364435929936363,0,0,0.01280931042378728,0,0,0,0,3,0.01388340219935412,0.3333,0,0.01471743102066231,0,0,0.01401673837724113,0,0,0,0,0,0.01736207969231145,0,0,0.01763421271709522,0.06056924257374483,0,0,0,fully_open
0,1,0.0537,0.1517,75,1396,211,11,18,0,14,0.04150672476858339,0,0.02430828297542187,0.00911227482144889,0.01909497023358187,0,0,0.00764487058298917,0,0,0,0,0,0.0100481773747048,0,0.05356510474905023,0.01009017603863815,0.02402192735180891,0,0,0,0,0,0.01099443438915704,0,0,0.03228796473885979,0,0.01229986481575424,0.01331599631347662,0,0,0.0285264956733806,0,0.02427221378018249,0,0.0689716594942512,1,0,0,0,0,0,0,0,0.01486889408340471,0,0.06308684122209184,3,0,0.3333,0,0,0,0,0,0,0.02779574772930347,0,0,0.01450016378900463,0,0,0.01536110419635151,0,0.01489407604272414,0,0,0.03294943408247911,fully_open
0,1,0.069,0.1788,93,1347,179,11,19,0,13,0,0.0064722094258326,0,0,0.00669421370257755,0.01100468532035147,0,0,0,0,0,0,0,0,0,0,0.01061208169580909,0,0,0,0,0,0,0,0,0,0,0,0.01293606472001739,0.01400475474348404,0,0,0,0,0,0.03075502240653238,0,0,0,0,0,0,0,0,0,0,0,0,3,0.08617284123737042,0.3333,0.0157712184173454,0.01522492864206446,0,0,0,0,0,0,0,0.0152501722608497,0,0,0,0.12769602312379305,0,0,0,0,fully_open
0,0,1.0789,1.4444,123,114,18,18,14,0,12,0,0,0,0,0,0,0,0,0,0,0,0,0,0,0,0,0,0,0,0,0,0,0,0,0,0,0,0,0,0,0,0.08199485599594046,0,0,0,0,0,0,0,0,0,0.08225325450386257,0,0,0,0,0,0,3,0,0.3333,0,0,0,0,0,0,0,0,0,0,0,0,0,0,0,0,0,0,closed
0,0,0.0421,0.1802,45,1068,172,9,18,0,13,0,0.00962533709482797,0.01901032386539403,0,0,0.03273188454258388,0,0.02391472336217126,0.01666816237024151,0,0,1,0,0,0.01722095989306979,0,0,0,0.01394451729012532,0,0,0.01611566699250963,0,0,0.01727017497393089,0,0,0,0,0,0,0,0,0.022382442786405828,0,0,0,1,0.02241923050984112,0,0,0,0.05050488917232607,0,0,0,0.02453752696413157,0,4,0,0,0,0,0,0,0,0,0,0,0,0.0226797433622893,0,0.02615667728880198,0,0.02712955802630035,0.02329586252836339,0,0,0,partially_open
0,0,0.0327,0.059,125,3824,542,16,17,0,15,0.00598560333542219,0.00532465456309632,0.01051634937234563,0,0.00826094456913825,0,0,0,0.01383102834977487,0,0,0,0,0.004347083828773,0.01428973267722812,0,0.01309576039057292,0,0,0,0,0,0,0,0,0,0,0,0.01064243622356041,0,0,0,0,0,0,0,0,1,0.00620106375804116,0,0,0.00583356414921011,0,0,0,0.00643264212118927,0.01357395108654086,0,4,0,0,0,0,0,0,0,0,0,0,0,0,0,0,0,0,0,0,0,0.03563679927360329,fully_open
0,0,0.0941,0.1917,106,1126,120,13,12,0,11,0,0.0076609825856794,0,0,0,0,0,0.00951708378698652,0,0.0138244458577604,0,0,0,0,0,0,0,0,0,0.01735719495877133,0,0.01282675536138521,0,0,0,0.05100025297721922,0,0,0,0,0,0,0,0,0,0,0,0,0,0.06198836805293162,0,0,0,0,0,0,0,0.01963416997218163,4,0,0,0,0,0,0,0,0,0,0,0,0,0,0,0,0,0,0,0,0,fully_open
0,0,0.0397,0.1388,81,2041,281,12,23,0,16,0,0,0,0.03644909928579558,0,0,0,0.00509658038865944,0,0.00740325515880065,0,0,0,0.00669878491646986,0,0,0.02690713610303509,0,0,0,0,0,0,0,0,0,0,0,0,0,0.00991259605560314,0,0,0.00954005758109101,0,0,0,0,0.00955573759435851,0,0,0,0.01076333703672522,0,0,0,0,0,4,0,0,0.01999411296625209,0,0,0.02148757220079598,0,0,0,0,0,0.00966677585933642,0,0,0,0,0,0,0,0,closed
0,0,0.0717,0.1237,90,1255,186,14,12,0.0202697350079859,11,0,0.00736055189604491,0,0,0.00761302734802937,0,0,0,0.01274624181253763,0.01328231072608352,0,0,0,0,0.01316896932999454,0,0.0120686419285672,0,0,0,0,0,0,0.01315020583801136,0,0,0,0,0,0,0,0,0,0,0.01451573569206992,0,0,0,0.03428823489740407,0,0,0,0.01931069291883055,0,0,0,0,0,4,0,0,0,0,0,0,0,0,0,0,0,0,0,0,0.05511925623396721,0,0,0,0,0,closed
0,0,0.038,0.1374,63,1656,211,7,17,0,12,0.05544328928942161,0,0.01082339606934842,0,0.01700428006202182,0,0,0,0,0,0.03227810092177878,1,0,0,0,0,0,0,0.03175685689430001,0,0,0.01835068650241973,0,0,0.00983265436471977,0,0.01916852407854449,0,0,0,0,0,0.05080631346207931,0,0,0,0,0,0,0,0,0.01200777438012592,0,0.02243966789568575,0,0.01324091297938229,0,0,4,0,0,0,0,0.01680719045981055,0,0,0.01360824935812328,0,0,0,0,0,0,0,0,0,0,0,0,partially_open
1,0,0.0341,0.0812,55,1615,197,5,8,0,8,0,0.0112898690736328,0,0,0,0,0,0,0,0,0,0,0,0,0,0,0.00925565020085605,0,0.00817798758368252,0,0,0,0,0,0,0,0,0,0.01128258276332344,0.01221467331010637,0,0.02466010706644825,0,0.02625309078706248,0,0,0,0,0,0,0,0,0,0,0,0.01363913592613063,0,0.04340184941219099,4,0.01252637792422928,0,0,0.02655777026284928,0,0,0.01264668124262357,0.01401752001551045,0,0,0,0,0,0,0.01409063693199161,0,0,0,0,0,closed
0,1,0.0447,0.1018,82,1834,275,12,15,0,13,0.02722484097724287,0.00968743604382686,0,0.01434448423505503,0.00500986315805804,0,0,0.00601725297499793,0,0,0.00950989209953482,0,0,0,0,0,0.01588389002211426,0,0.03508620479450888,0.01097422649006187,0,0,0.03633517466302648,0,0,0,0,0,0,0.04192391097404254,0,0,0,0.01126342282154616,0,0.04603332386010007,0,0,0,0,0,0,0,0,0,0,0.0123479167948533,0,4,0.02149688082480638,0,0,0.01139414014502888,0,0.01268459907337311,0,0,0,0,0,0,0.01344161008437016,0,0,0.01365229371646082,0,0,0,0.01296719663891113,fully_open
0,0,0.0487,0.2143,42,862,126,4,14,0,13,0,0,0,0,0.02127476135613688,0,0,0,0,0,0,0,0,0.01679284437964364,0,0.0149199606835254,0,0.02007311737616909,0,0,0,0,0,0,0,0,0,0,0,0,0,0,0,0,0,0,0.05763385245410031,0,0.02395479424339188,0,0,0,0,0,0,0.02484938463253937,0,0,4,0.02282203101263691,0,0,0,0,0,0,0,0,0,0,0,0,0,0,0,0,0,0,0,partially_open
0,0,0.0488,0.1063,104,2130,301,14,16,0,16,0.0047414048892951,0.01265353303477384,0,0.0312274586577743,0.01308756386796061,0,0,0.00523974275912741,0.00730402620718448,0,0.00828108581701066,0,0,0.00688695303210104,0.00754626332392945,0.01223772056064443,0,0,0.01222103762505365,0.01911241692089427,0,0,0.02109345345606406,0,0,0.00935959698832862,0,0,0,0.01825338820499043,0,0,0,0,0,0.02004259887167278,0.02363635521994001,1,0,0,0,0,0,0,0,0,0.01075239945619248,0.01080982391726854,4,0.00935959698832862,0,0.01027787267647228,0,0,0.01104557784479119,0.00944948654645469,0,0,0,0,0,0,0,0,0,0,0,0,0,fully_open
1,0,0.0635,0.1573,84,1323,178,10,15,0,13,0,0.01390326469252929,0,0.04117398252654685,0.01438016276849993,0.02363969439186613,0,0,0,0,0,0,0,0,0,0,0.02279632364284917,0,0.03021312079527153,0,0,0.01163909282792362,0.03476513625166114,0,0,0,0,0,0,0.01504214398374211,0,0,0.01611218737107608,0,0,0.01651658610721183,0.06492702514119325,0,0,0,0,0,0,0.01423256713754143,0,0.01679634331643865,0,0,3,0.07713001221863401,0.3333,0.01693945681863024,0.01635270113406923,0,0,0.03114830750498029,0,0,0.01840531808475937,0,0,0,0,0,0,0,0,0,0,closed
0,0,0.1164,0.4,83,713,105,11,23,0,19,0.05193661971043255,0,0,0,0,0,0,0,0.04000358968857964,0,0,0,0.02726087449125962,0,0.0413303037433675,0,0,0,0,0,0,0,0,0,0,0,0.02020067537508151,0,0,0,0,0.05045837292057874,0,0,0,0,0,1,0,0,0,0,0,0,0.07869161054224111,0,0,0,3,0,0.3333,0,0,0,0.06049578019608716,0,0.02868200249327523,0.02608524017673095,0,0,0,0,0,0,0,0,0,0,0,fully_open
0,0,0.0716,0.1826,116,1621,241,17,25,0,19,0.07234029173953106,0,0,0,0.02218653684282846,0,0,0,0.00928654760627741,0,0.0315864273305978,1,0,0,0.0191890695951349,0,0,0,0,0,0,0.00897872875296965,0,0,0.00962195462833292,0,0,0,0,0,0.0129571791298241,0,0,0,0,0,0.02003462490071106,1,0,0,0.01169516511374025,0,0,0.04391763573869926,0,0.0129571791298241,0.01367090788001616,0.01374391898052714,3,0,0.3333,0,0,0,0.01404366325980594,0,0.05326657605893972,0.01211100436776794,0,0,0,0,0,0,0,0,0,0,0,fully_open
0,0,0.0771,0.1824,78,1012,148,11,14,0,13,0.01096065026356531,0,0.01925721118832122,0,0,0.01657848697611391,0,0.04845060837011321,0.01688463201141348,0,0,0,0,0,0.01744460872284992,0.01414489779087473,0.015987032165115,0.03806071606390503,0,0,0,0,0,0,0,0,0,0,0,0,0,0,0,0,0.01922863689079392,0,0,0,0,0,0,0.02136448168931495,0,0,0,0,0.02485619614548393,0,3,0,0.3333,0,0,0,0,0,0,0,0,0,0,0,0,0.02433837288253098,0,0,0,0.02620007988000497,0,closed
0,0,0.1105,0.2459,102,923,122,12,17,0,13,0,0,0.01647561401667482,0,0.03451239064439983,0,0,0,0,0,0,1,0,0,0,0,0.0136777941857095,0,0,0,0,0,0,0,0,0,0,0,0,0,0,0,0,0,0,0,0,1,0,0,0,0,0,0,0,0,0,0,4,0.01851120293247216,0,0,0,0,0,0.11213390701792904,0,0,0,0,0,0,0,0.02082283013283206,0,0,0,0,0,partially_open
1,0,0.0637,0.2153,71,1114,144,7,18,0,13,0,0,0,0,0,0,0,0,0,0,0,0,0,0.02501791101457114,0,0,0,0,0,0,0,0,0,0,0,0.15300075893165768,0,0.02172073250888375,0,0,0.01851025589974872,0,0,0.0356291946395848,0,0,0,1,0.03568775468913485,0,0,0.06714551388070414,0,0,0,0,0,0,4,0,0,0,0,0,0,0,0,0,0,0,0,0,0,0,0,0,0,0,0,closed
0,0,0.0739,0.3358,70,947,134,8,25,0,20,0,0.00938470366745727,0,0,0,0,0,0,0,0,0,0,0.02214946052414844,0,0,0,0,0,0.01359590435787219,0,0,0,0,0,0.01683842059958262,0,0,0,0,0,0,0,0,0.02182288171674569,0,0,0,0,0,0,0.02046653894904545,0,0,0,0,0,0.02392408879002828,0,4,0,0,0,0,0,0,0,0,0,0,0,0,0,0.02550276035658193,0,0,0,0,0,0,closed
0,0,0.0805,0.2,115,1429,195,12,21,0,18,0.00721341940422674,0,0.02534709848719204,0,0,0,0,0,0,0,0,0,0,0,0,0,0,0,0,0,0,0,0.01604544750076668,0,0,0,0,0,0,0,0,0,0,0,0,0,0,1,0,0,0,0,0,0,0,0,0,0,4,0,0,0.01563642167873561,0,0.05904064341010374,0,0,0,0,0,0,0,0,0,0,0,0,0,0,0,partially_open
0,1,0.0504,0.1304,83,1647,230,12,17,0,13,0.00566422865969482,0.00503876706977571,0,0,0,0,0,0.00625955846392402,0,0,0,0,0,0.01645473341897967,0,0,0.00826175487727419,0,0,0,0,0,0,0,0,0,0,0.01428611936825911,0,0,0.01217453072600922,0.02201204187810481,0,0,0,0.01197175368844884,0.00941223988624009,0,0,0,0,0,0,0.01031622316009714,0,0,0,0.02582749875535302,4,0.01118126351625835,0,0.01227826400276554,0.01185296458039917,0,0,0.03386594507252891,0,0,0,0.0279119670024139,0,0,0,0.03773264520714534,0.01420205051041226,0.01219514951149224,0.02975043485574487,0,0,fully_open
0,0,0.0632,0.0741,81,1281,189,11,7,0,7,0,0.01416559044144493,0.01398872888208239,0,0.02197722989148103,0,0,0.01759762662499394,0,0,0,1,0,0.02312976678705633,0,0,0,0,0,0.03209443596150171,0,0,0.0177105411093368,0,0,0,0,0,0,0.03065191604234242,0,0,0,0,0,0,0.03969123801084267,1,0,0,0,0,0,0,0,0,0,0,4,0.01571705909360844,0,0.03451813842286917,0,0,0,0.01586800571008429,0,0,0,0,0,0,0,0,0.01996325967973044,0,0,0,0,fully_open
0,0,0.0759,0.2477,61,804,109,9,15,0.03759114492390112,12,0,0,0,0,0,0,0,0.01695771292953962,0,0,0,0,0,0,0,0,0,0,0,0,1,0,0,0,0,0,0,0,0,0,0,0,0,0,0,0,0,0,0.06358909017336756,0,0,0,0,0,0,0,0.0347986746036775,0,4,0,0,0,0,0,0,0,0,0,0,0,0,0,0,0,0,0,0,0,0,fully_open
0,0,0.068,0.1388,94,1383,209,11,16,0.01640883310170287,13,0,0.00595854201108398,0,0,0,0,0,0.00740217627876729,0.02063677245839425,0,0,0,0,0,0,0,0,0,0,0,1,0,0,0,0,0,0,0,0,0,0,0,0,0,0.01175083365548517,0,0,1,0,0,0,0,0,0,0,0,0,0,2,0,0.6667,0.01451953441596878,0,0,0.01560407028867327,0,0,0,0,0,0,0.03307062798535516,0,0,0,0,0,0,0,fully_open
0,1,0.103,0.1559,150,1457,186,22,16,0,13,0,0,0,0,0.03855107465597854,0.00905349997986362,0,0.01322942143439261,0.02766205669954975,0.00960848009971999,0.08363309364129914,0,0.06283534900467644,0,0.02857946535445624,0,0,0,0,0,0,0.00891504982564362,0.02662861500127236,0.00951291486154013,0.00955371381536602,0,0.00931236808071133,0,0.01064243622356041,0,0,0,0.02468249980249952,0,0,0,0.03978507072481629,0,0,0,0,0.02333425659684044,0,0,0,0,0.01357395108654086,0.04093933313348512,2,0,0.6667,0,0,0,0,0,0,0.02405022143953917,0,0.01474781235233926,0,0,0,0.0132911681698928,0,0.01288707288803081,0,0,0,fully_open
0,0,0.0418,0.0648,117,2801,386,13,13,0,12,0,0,0,0,0,0,0,0,0.00580409225392338,0.01209639012554035,0,0,0,0.00547266803443743,0.00599658424847965,0.00486230861561319,0,0,0,0.02278131838338737,0,0,0,0,0,0,0.00586180312223347,0,0,0,0,0,0,0,0.00660984393121041,0,0,1,0.00780669633824824,0,0,0,0,0,0.01141730956528051,0,0,0,2,0,0.6667,0,0,0.01027939773658056,0,0,0,0,0,0,0,0,0,0,0,0,0,0,0,fully_open
0,0,0.0728,0.1327,125,1716,226,17,18,0.01416104774530521,12,0,0,0,0.00761436663162167,0,0.00874344861069021,1,0,0.00890490866355368,0,0,0,0,0.00839642218982182,0.01840047769396497,0.0074599803417627,0.01686303392758706,0,0.00744981060705325,0,0,0.00860973990010788,0,0,0.00922653183538773,0,0,0.01457966976623703,0.01027796922960286,0.01112706541263115,0,0,0,0.01195774340643599,0,0.01221774862725258,0,0,0.03593219136508783,0,0.01121454188988791,0,0,0,0,0,0,0,2,0,0.6667,0.01253055709871278,0,0,0.01346652641351255,0,0,0,0,0,0,0,0,0,0,0.02489146955085404,0,0,0,partially_open
1,0,0.0486,0.0978,78,1606,225,10,12,0,10,0.00629828410667558,0,0,0.04977750126343724,0.01738497289923125,0.00952644400866247,0,0,0.00970236317073759,0,0,0,0,0.00914834059488049,0.01002414083327942,0.00812803828281607,0,0,0,0,0,0,0,0,0,0,0,0.01588531183485528,0,0.0242470380633455,0,0,0,0.02605717219909933,0,0,0,0,0.026099999698024,0,0,0,0,0,0,0,0.01428303808359897,0,3,0.02486579498391783,0.3333,0.01365269654038855,0,0,0,0,0,0,0.01483413696383591,0,0,0.0310962621354832,0,0,0,0,0,0,0.11999495397201349,closed
0,0,0.0644,0.1053,79,1227,171,11,10,0,8,0,0,0.04044014349547457,0,0.03529676315904528,0.01160494088327974,0,0.01695771292953962,0.01181924240798943,0,0,0,0,0.01114434217921805,0.01221122610599494,0,0,0,0.01977586088417773,0.01546368278145082,0,0,0.01706652143263365,0.01219382723161054,0.01224612407242372,0,0,0,0,0,0,0,0,0,0.01346004582355574,0.01621628454162616,0.06374653377498975,1,0,0,0.02976951119861156,0,0.01790627888837015,0,0,0,0,0.10495356312402548,3,0,0.3333,0,0,0,0.03574750647950605,0,0,0,0,0,0.01608199983871423,0.01894045057343068,0.01854746207751413,0.01703686101777168,0.07694929185641554,0.01651888433829404,0,0.03668011183200696,0,fully_open
0,0,0.0765,0.1359,107,1399,184,15,14,0,11,0,0,0,0.00992587078764968,0.02079987829015168,0,0,0.01665489662722641,0,0,0.01316101138774908,0,0,0,0,0.01944923446245276,0.02198216922703312,0,0,0,0,0,0.11733233484935636,0.01197608031676035,0,0,0,0,0,0,0,0,0,0,0.01321968786242082,0,0.02504328112588882,1,0,0,0.01461895639217532,0,0.03517304781644137,0,0,0.01619647391228013,0,0,3,0,0.3333,0.01633447621796488,0,0,0,0.03003586795123099,0,0,0,0,0.01579482127016576,0.01860222824176227,0,0,0,0.01622390426082451,0,0,0,fully_open
0,0,0.0746,0.1561,120,1609,237,17,20,0,17,0.0063937126537464296,0,0.01123337319318738,0.00842195097133913,0,0.00967078406939978,0,0.0070657137206415,0.01969873734664906,0.04105441497153089,0,0,0,0.00928695181601504,0.02035204350999157,0,0.05595461257790251,0,0,0,0,0,0,0,0,0,0,0,0.0113680568751668,0,0,0,0,0,0,0,0,0,0.01324772711945157,0,0.02480792599884297,0,0,0,0,0,0.01449944775153229,0,4,0,0,0.04157866673663787,0,0,0,0,0,0,0,0,0,0,0.03091243679585689,0,0,0,0,0.0152833799300029,0,closed
0,0,0.0849,0.1753,111,1308,194,15,17,0,17,0.00753544705620115,0.02011007928740843,0,0,0.02773317105353558,0,0,0,0,0.0241927802510807,0.01316101138774908,1,0,0.01094533606887487,0,0.00972461723122638,0.01099108461351656,0,0,0.03037509117784983,0,0,0,0,0,0,0,0,0,0.02900984911150265,0,0,0.01553675210782336,0,0,0.03185341606390853,0,0,0,0,0,0,0,0,0,0,0.0170886348500202,0,4,0,0,0.01633447621796488,0,0,0,0,0,0,0,0,0,0,0,0,0,0,0.09894675878361578,0,0.01794567391992166,fully_open
0,0,0.0351,0.1074,66,1883,242,9,14,0,12,0,0,0,0,0,0,0,0,0,0,0,0,0.0118923277982005,0,0,0,0,0,0,0,0,0,0,0,0,0,0.01762475032725232,0,0.02014206050365125,0,0,0,0,0,0,0,0,1,0,0,0,0,0,0,0,0,0,0,4,0,0,0,0,0,0,0,0,0,0,0,0,0,0,0,0,0,0,0,0,closed
1,0,0.0602,0.1421,87,1445,197,10,16,0,12,0,0,0,0,0,0.01013129759651405,0,0,0,0.01075234677825809,0,0,0.01406314953914186,0.00972918761677766,0,0,0.019539705979585,0,0,0,0,0,0,0,0,0,0,0.01689390306246514,0,0.02578653254355791,0,0,0,0,0,0,0,0,0,0.01607105838409338,0,0,0,0,0,0,0,0.07635510544737303,4,0,0,0,0,0.01827448486503211,0,0,0,0,0,0,0.01403984112903623,0,0,0,0,0.05768499292737603,0,0,0,closed
0,0,0.0496,0.0881,70,1410,227,8,11,0,9,0.0091735877205927,0,0,0,0,0,0,0,0,0,0,0,0,0,0,0,0,0,0,0,0,0,0,0,0,0,0,0,0,0,0,0,0,0,0,0,0,1,0,0,0,0,0,0,0,0,0,0,4,0,0,0,0,0,0,0,0,0,0,0,0,0,0,0,0,0,0,0,0,partially_open
0,1,0.0785,0.1209,102,1300,182,13,13,0,9,0,0,0,0,0.01438016276849993,0.01181984719593306,0,0,0.0240762345347933,0.01254440457463444,0.01364845625396201,0,0,0,0.02487471984554525,0,0,0,0,0,0,0.01163909282792362,0,0.02483927769402147,0.02494580829567795,0.0154260024437268,0,0,0.01389429173631498,0,0,0,0.01611218737107608,0.01616509756795977,0.01370930593139936,0,0.01298540502823865,1,0.0323833329586594,0,0.04548119766454545,0.01523208416738195,0,0.01423256713754143,0,0,0,0,2,0,0.6667,0,0,0,0,0,0,0.01569945010636585,0,0,0.01637981465054227,0,0,0,0,0,0,0,0,fully_open
1,0,0.041,0.075,61,1488,200,7,9,0,6,0,0,0,0,0,0,0,0,0,0,0,0,0,0.0104775866642221,0,0,0,0,0,0,0,0,0,0,0,0.01423938687113243,0,0,0,0,0,0,0,0,0,0,0,0,0,0,0,0,0,0,0,0,0,0,2,0.01423938687113243,0.6667,0,0,0,0,0,0,0,0,0,0,0,0,0,0,0.01553057501890893,0,0,0.01717876477804466,partially_open
1,0,0.0382,0.1105,57,1494,181,7,11,0,9,0,0,0.01036926756294219,0,0,0.00892687760252287,0,0,0,0,0,0,0,0,0,0.00761648342585562,0,0,0,0,0,0,0,0,0,0,0,0.01488553696413012,0,0,0,0.02293562405480851,0,0,0,0,0.00980715904230611,0,0,0,0,0,0,0,0,0,0,0.0269111700318014,2,0,0.6667,0,0,0,0,0,0,0,0,0,0.01237076910670325,0,0,0.02621055541195643,0,0,0.04649805727453832,0,0,closed
0,0,0.0381,0.1472,50,1312,197,8,18,0,11,0.00907494699241429,0,0,0,0,0,0,0,0,0,0,0,0,0,0,0,0.01323657501842855,0,0,0,0,0,0,0,0,0,0,0,0,0,0.01950543094812231,0,0,0,0,0,0,0,0.01880322558889901,0,0,0,0.06353840895873279,0,0,0,0,0,3,0,0.3333,0.01967162727324803,0,0,0,0,0,0,0,0,0,0,0,0,0.02275382286076804,0,0,0,0,partially_open
0,0,0.0298,0.0873,45,1512,229,5,10,0,10,0.02935548070589666,0.01958546852338908,0,0,0.00675242425651301,0,0,0,0.02261072460658849,0,0.01281768065589476,0,0.03081664072925,0,0.03504090969546374,0.00947093156432482,0,0.01274206581269864,0,0,0,0.03279187892388916,0,0,0,0,0.02283554607617909,0,0,0,0,0,0,0,0,0,0,1,0,0,0.01423759231237944,0,0,0,0,0,0,0.01673172745455478,3,0,0.3333,0,0,0,0.0170966335336768,0,0,0,0,0,0,0,0,0.04888838379012743,0,0,0,0,0,fully_open
1,0,0.0428,0.1897,60,1401,195,8,22,0,15,0,0,0,0.01019905989189692,0.01424823466970635,0,0,0.01711328827751705,0,0,0,0,0,0,0,0.02997680174029416,0.01129359152948491,0,0.00997864540027316,0,0,0.01153231215977753,0.06889238009503493,0.02461139441242494,0,0,0,0,0,0.01490414266279035,0,0,0.01596436913831391,0,0,0,0.01286627287201627,0,0,0,0.0150213129901251,0,0.05421167002901055,0.02820398625421054,0,0,0,0,3,0,0.3333,0,0.03240535270604546,0.02112463388067932,0,0,0,0,0,0,0,0,0,0,0,0,0,0,0,closed
0,0,0.0881,0.2031,78,885,128,9,14,0,12,0,0,0,0,0.04501616171008674,0,0,0,0.01884227050549041,0.01963472020377564,0,0,0,0,0.01946717205303541,0.03156977188108274,0,0,0,0,0,0,0.02720749793608263,0,0.0195228064922697,0,0,0,0,0,0,0,0,0,0.02145804406653814,0,0,0,0.02534347796764649,0,0,0,0,0,0.14825955609407743,0,0,0,3,0,0.3333,0,0,0,0,0,0,0,0,0,0,0,0,0,0,0,0,0,0,fully_open
0,0,0.0963,0.2199,105,1090,141,11,18,0,13,0.0091735877205927,0.02448183565423636,0,0,0.00844053032064126,0,0,0,0,0.01472604015283173,0,1,0,0,0,0,0.0267609016676925,0,0,0,0,0,0,0,0,0,0,0,0,0,0,0,0,0,0,0,0.01524373633749754,1,0,0,0,0,0,0,0,0.01971744650190624,0,0,3,0.01810878547741842,0.3333,0.0198854493088268,0,0.0250280988368918,0,0.01828270223118408,0,0,0,0,0,0,0,0,0,0.0197508399696994,0.09636553898926058,0,0.04369381476154838,partially_open
0,0,0.1137,0.1591,148,1302,176,18,18,0,10,0.01430457746261913,0.01272502192197596,0,0.00942116549336241,0,0,0,0.02371205621503422,0,0.04592527776476337,0,1,0,0,0,0.00923014516862164,0,0,0.00921756227652352,0,0,0,0,0,0,0,0,0,0,0,0,0,0,0,0,0,0,1,0,0,0,0,0,0,0,0,0,0,3,0,0.3333,0.03100781926122146,0,0.0585402989744249,0.0166619733590918,0,0,0,0,0,0,0,0,0.03176363918567602,0,0,0,0,0,fully_open
0,0,0.0236,0.0623,46,1953,289,5,10,0,8,0.01687940140589058,0,0.02965610523001468,0,0.05694544456325973,0,0,0.00621782807416452,0,0,0,1,0,0.01634503519618648,0,0,0,0.00976891712306895,0.00725114899086516,0,0,0,0,0,0,0,0.02626087798760596,0,0,0,0,0.01093264746612539,0,0,0.00987070027060754,0,0.10284440782365012,0,0,0,0,0,0.01313127118480477,0.01024744833902983,0,0,0,0.01282765771515867,4,0,0,0,0,0,0,0,0.01242886774708593,0.03391081222975024,0,0.02772588722239781,0,0,0,0.01249369807969923,0,0.01211384851474896,0,0,0,partially_open
0,0,0.0503,0.0936,83,1651,235,10,13,0,9,0,0,0.01205532732927426,0.00903819128631516,0.025252968764195,0.01037840241594123,0,0,0,0,0,1,0,0.00996648487572346,0,0.00885493601542564,0,0,0.03537145849202521,0,0,0,0,0,0,0,0,0.01730594947862283,0,0.01320773618084673,0,0,0,0,0,0,0,0,0,0,0,0,0.0320274906946458,0.01249688821832906,0,0,0,0,4,0,0,0,0,0,0,0,0,0.01378488302022367,0.04848230129643932,0,0,0.0169386143339624,0,0,0,0.0147729859935963,0,0,0,partially_open
0,0,0.0687,0.0702,111,1616,228,14,8,0.01476794979153258,8,0.03617014586976553,0,0.02118293230715334,0,0,0,0,0,0,0,0,0,0,0.00875626885509989,0,0,0,0.01046669691757388,0.00776908820449839,0,0,0,0,0,0,0,0,0,0,0,0,0,0,0,0,0,0,1,0,0,0,0,0,0,0,0.03887153738947231,0,0,4,0,0,0,0,0,0,0,0,0,0,0,0,0,0,0,0,0,0,0,0,partially_open
0,0,0.0367,0.1179,55,1499,212,6,14,0,11,0,0,0.01256614628390452,0,0,0,0,0,0,0,0,0,0,0,0,0,0.0104322159043547,0,0,0,0,0.01065272902894704,0,0.01136712708031491,0.01141587837259838,0,0.01112749067271439,0,0,0,0,0,0,0,0,0,0.01188494697499808,0,0.02963898270792556,0,0.01387561962647149,0,0,0,0,0,0,0,4,0,0,0,0,0,0,0,0,0.01436898823294501,0,0,0,0,0,0,0,0,0,0,0,closed
1,0,0.0491,0.0814,71,1445,221,9,9,0,9,0.00746876168402238,0,0,0,0.0137438723805132,0,0,0.02476126224224812,0.01150545721131715,0,0,0,0,0,0.01188703426247295,0,0.01089381837799871,0,0,0,0,0.01112408872049337,0,0.0118700973051076,0,0,0,0.01883744943248325,0,0,0,0,0,0,0,0,0,0,0.01547522105989033,0.01791994120704218,0.01448958509666934,0,0,0,0.09053017142027736,0,0,0,4,0.01474343596391588,0,0,0,0,0.05219768645237609,0,0.01649849700940611,0,0.05277277043771714,0,0,0,0,0,0,0,0,0,0.01778686264629403,closed
0,0,0.0095,0.0882,22,2325,340,3,17,0,13,0,0,0,0,0,0,0,0,0,0,0,0,0,0.00692586237126545,0,0,0,0,0,0,0,0,0,0,0,0,0.00741832711514292,0,0,0,0,0,0,0.00986344936350087,0.02509500068798528,0,0,1,0,0,0,0,0.01112819591932608,0.00868427825341511,0,0,0,0,1,0,1,0,0,0,0,0,0,0,0,0,0,0,0,0,0,0,0,0.01139777486305301,0,closed
1,0,0.0662,0.0697,109,1647,244,16,10,0,7,0,0,0,0,0.01117307610789922,0,0,0,0,0.00974673161194618,0,0,0,0,0,0.03134265122006776,0,0,0,0,0,0,0.02701176054085901,0,0,0,0,0,0,0.01168742122477804,0,0,0,0,0,0,0.02017875889280251,1,0,0,0,0,0,0,0,0,0,0.02768559219098994,3,0,0.3333,0,0.01270569584517609,0,0,0,0,0.03659440168678084,0,0,0,0.02997769155507014,0,0.01348240799967543,0,0,0,0,0,fully_open
0,1,0.0564,0.1198,80,1418,217,9,16,0,10,0,0,0,0,0.01537680771285141,0,0,0.00923439812994731,0.03861732667956945,0,0.01459438886562274,0,0.01754412714784035,0,0.05319742065977994,0,0,0,0,0,0,0,0,0.01328040589581346,0.0266747257023091,0,0.01300043464732968,0,0,0,0.01796044631856806,0,0.01722887362451699,0,0,0,0.01388538359455222,1,0,0,0,0.0162877731690817,0,0.01521898268172746,0,0,0,0,3,0,0.3333,0,0,0,0,0.01665355054721718,0,0,0,0,0,0,0,0.01855499714806817,0,0.01799086413081529,0,0,0,fully_open
1,0,0.0601,0.19,89,1480,200,10,23,0,15,0.00625163015032984,0,0.03295122803334965,0.00823479650530937,0.04026445575179981,0,0,0,0,0,0,0,0,0,0,0.00806783059183225,0,0,0,0,0,0,0,0,0,0,0,0.01576764285830079,0,0,0,0.01214738607347266,0,0,0,0.01321326888576946,0,0,0,0,0,0,0,0,0,0,0,0,4,0.01234080195498144,0,0,0.02616432181451077,0,0,0,0,0.01255956008509268,0.01472425446780749,0,0,0,0.01511274687797448,0.01388188675522137,0.01567485574852909,0,0,0,0.02977652561527741,closed
0,0,0.0774,0.2126,96,1240,174,13,21,0,16,0,0,0.01425774289904552,0,0.00746662297595188,0.01227445670346895,0,0,0,0.01302688167365884,0.0141733968791144,1,0,0.01178728499724986,0,0,0,0,0,0.01635581832653452,0,0,0,0,0,0,0,0,0,0,0,0,0.03346377377069647,0,0,0,0,1,0,0,0,0,0,0,0,0,0,0,4,0.01601931023002398,0,0.01759097438857756,0,0,0.01890493131127724,0.03234631933209492,0,0,0,0,0,0,0,0,0,0.01747189689627255,0.0852464383366536,0.01939813606500368,0,fully_open
0,0,0.0598,0.195,90,1506,200,12,23,0,16,0,0.00630904448232421,0,0,0,0.01072725627866194,0,0.00783759841281243,0,0,0,1,0.04467118088903887,0,0,0,0,0,0,0,0,0,0,0,0,0,0,0,0,0,0,0,0,0,0,0,0,1,0.02938991562634635,0,0.01375901778087089,0,0,0,0,0,0.01608342103531312,0,4,0,0,0.01537362467573165,0,0,0,0,0,0,0.05011195848287426,0,0,0,0,0,0,0,0,0,0,partially_open
0,0,0.0436,0.1728,52,1193,191,6,20,0,13,0.04562000379970427,0,0,0,0,0.01725058779946988,0,0.03781111666721672,0,0,0,0,0,0,0,0,0,0,0,0,0,0,0,0,0,0,0,0,0.0202781555070543,0,0,0,0,0,0,0.07231586349644101,0,0,0,0,0,0,0,0,0,0,0,0,4,0,0,0,0,0,0,0,0,0,0,0,0,0,0.02757055173684533,0,0,0,0,0,0,fully_open
1,0,0.046,0.0922,70,1523,217,11,10,0,10,0,0.02257973814726561,0,0.05015176819023,0.04670849861648098,0.00959807140722384,0,0.00701258805356901,0,0,0,0,0,0,0,0.00818915135261168,0,0,0.00817798758368252,0.01278951207488414,0,0.00945129342417858,0.05646067240871282,0,0,0,0,0.03200950053940763,0,0.03664401993031914,0.01363913592613063,0.01233005353322412,0.02616716144475513,0,0,0,0.07381177594998813,0,0.01314812014862863,0,0.01231070011972658,0.02473782090341731,0,0,0,0.01363913592613063,0,0,4,0.05010551169691713,0,0,0.01327888513142464,0,0,0.05058672497049431,0,0,0,0,0,0,0,0,0,0,0,0,0,fully_open
0,0,0.0419,0.1146,56,1336,192,5,13,0.02153659344598502,9,0,0,0,0.0231603651711826,0.02426652467184363,0,0,0,0.01354288192582123,0,0,0,0.0184578837701237,0,0.0279840598262384,0,0,0,0,0,0,0,0,0.01397209370288707,0.01403201716631884,0,0,0,0,0.01692241198170988,0.01889588623099348,0,0,0,0,0,0,0,0,0,0.01705544912420454,0,0,0,0.15984233391392724,0,0,0,4,0,0,0,0,0,0.02048034225388367,0,0.03884021170964354,0,0.02070598284535429,0,0,0,0.04250460059430322,0,0,0,0,0,0,partially_open
0,0,0.0905,0.1545,148,1635,220,18,19,0.01487419403463713,15,0.01821518137326321,0.02160507319126853,0.02133532750360768,0.0079978239440055,0.01117307610789922,0.00918376616662425,0,0,0,0,0.02120911187666039,0,0,0.01763852719012929,0,0.03134265122006776,0.01771225146350871,0,0,0.03671234041639405,0,0,0.05402352108171803,0,0,0,0,0,0,0,0,0,0,0,0.01065183482439663,0,0,0,0,0,0,0.01183500064803778,0,0,0,0,0.01376925973526807,0,2,0.05992835481735592,0.6667,0,0.02541139169035219,0,0,0,0,0.01219813389559361,0,0,0,0,0,0,0,0,0,0,0.0144598235901527,fully_open
0,0,0.0717,0.194,68,949,134,7,13,0,13,0,0,0,0,0,0,0,0,0,0,0,0,0,0,0,0,0,0.02035191067306032,0,0,1,0,0,0.0186294582705161,0,0,0.01823672082472635,0,0,0,0,0,0,0,0.02056395889709905,0,0,1,0,0,0,0,0,0,0,0,0,0,2,0,0.6667,0,0,0,0,0,0,0,0,0,0,0,0,0,0,0,0,0,0,fully_open
0,0,0.2756,0.4,105,381,60,18,13,0,11,0,0,0,0.06539397224804501,0,0,0,0,0,0,0,1,0,0,0,0.06406806646455027,0,0,0,0,0,0,0,0,0,0,0,0,0.04413480904476524,0,0,0,0,0,0.04354720707620976,0,0,0,0,0,0,0,0,0,0,0,0,0,3,0,0.3333,0,0,0,0,0,0,0,0,0,0,0,0,0,0,0,0,0,0,fully_open
0,1,0.0656,0.1818,96,1464,198,11,18,0,18,0,0,0,0.01671725606341,0.01167712465412024,0,0,0,0,0.02037286757985743,0.02216591391620898,0,0,0.00921712511063147,0,0,0.02776695060256816,0,0,0.11510560867395726,0,0,0,0,0,0,0,0,0,0,0,0,0.02616716144475513,0.01312654539353124,0,0.0134119646584878,0,0,0,0,0,0,0,0,0,0,0.01439042934738543,0,3,0,0.3333,0.01375534839407568,0.05311554052569856,0,0,0,0,0,0,0,0,0,0,0,0,0.02732447033402022,0.04999415180645849,0,0,fully_open
0,0,0.1034,0.1622,85,822,111,11,9,0,9,0,0,0,0,0,0.03927826145110066,0,0,0.04000358968857964,0,0,0,0,0,0.0413303037433675,0,0,0,0,0,0,0,0,0,0,0,0,0,0,0,0,0,0,0,0,0,0,0,0,0,0,0,0,0,0,0,0,0,3,0,0.3333,0,0,0,0,0,0,0,0.03058114389467711,0,0,0,0,0,0,0,0,0,0,closed
0,0,0.0868,0.3524,57,657,105,9,22,0,15,0.01722387898560263,0,0,0,0,0,0,0.05710250272191913,0,0,0,0,0.03616238452922194,0.02501791101457114,0,0,0,0,0,0,0,0,0,0.0273738978668808,0,0,0,0,0,0,0,0,0,0,0,0,0,0,0,0,0,0,0,0.03136973981335662,0,0,0,0,3,0,0.3333,0,0,0,0,0,0,0.03460286962219412,0,0,0,0,0,0,0,0,0,0,0,fully_open
0,0,0.0855,0.1327,124,1450,196,13,15,0,11,0,0.0124095255106873,0,0,0,0,0,0,0.01074476582544494,0,0.0487283727414181,0,0.07322135710462295,0,0.01110111464181358,0,0.010173565923255,0,0,0.02811578687536513,0,0,0,0.01108529748328231,0,0,0,0,0,0,0,0.01355286875965958,0,0,0,0.01474207685602378,0,0,0.02890413189698525,0,0,0.01359557925683679,0,0,0,0,0,0,3,0,0.3333,0,0,0,0.01624886658159366,0,0,0,0,0,0,0,0.01686132916137648,0,0,0,0,0,0,closed
0,0,0.0579,0.25,33,570,80,6,11,0.04219414226152167,9,0,0,0,0,0,0,0,0,0,0,0,0,0,0,0,0,0,0,0,0,0,0,0,0,0,0,0,0,0,0,0,0,0,0,0,0,0,0,0,0,0,0,0,0,0,0,0,0,4,0,0,0,0,0,0,0,0,0,0,0,0,0,0,0,0,0,0,0,0,closed
0,1,0.0519,0.1289,86,1657,256,11,19,0,14,0.01783035359777174,0.00528715699575057,0,0.01565771166502486,0.0054685126021056,0,0,0,0,0,0.01038051602414012,0,0,0.00863294112474638,0,0.00767012063307996,0,0.01031927865112918,0.00765966442697024,0,0,0,0,0.02833776751008083,0,0.04692981025133787,0,0,0,0.01144050387495879,0,0.01154857126703386,0,0,0,0.02512382112082926,0,0,0,0.01426023490419553,0.01153044447833546,0,0,0,0,0,0.01347835988170607,0,4,0.01173245256283446,0,0,0,0,0,0.02369026204604135,0,0,0,0,0.01245788719900398,0,0,0,0.01490215159191146,0.01279631885360806,0.03121700558807033,0,0,fully_open
1,0,0.0387,0.1321,65,1680,212,7,17,0,11,0,0,0,0.00741131685477843,0,0,0,0,0,0,0,0,0,0.00817251759809324,0,0.01452209506529806,0,0,0,0,0,0.00838014683610501,0.02503089810119602,0,0.01796098197288813,0,0,0.02838175714494143,0,0,0,0.01093264746612539,0,0,0,0,0,1,0,0,0,0,0,0,0,0,0,0,4,0.01110672175948329,0,0,0.02354788963305969,0,0,0,0,0,0,0,0,0,0,0,0.05642948069470473,0,0.04432814793505987,0,0,closed
0,0,0.052,0.1503,66,1269,173,9,15,0,11,0.05975009347217904,0,0,0.02951409366947164,0.02061580857076981,0,0,0.00825375408074937,0,0,0.02608908452084774,1,0,0,0,0.01927711734331601,0.01089381837799871,0,0.02887625704326837,0,0,0,0,0,0,0,0,0,0,0,0,0,0,0,0,0,0,0,0,0,0.01448958509666934,0,0,0.01360280752968561,0,0.01605314228473783,0.01693740799294037,0,4,0,0,0.06475969332432094,0,0,0,0,0,0.01500478417245585,0,0,0,0.01843760675289712,0,0,0,0.03216065977366982,0.03922844950005298,0.01785315177664056,0,partially_open
0,0,0.0407,0.1297,76,1867,239,10,17,0,14,0,0,0,0,0.00989208649043307,0,0,0.00594060007085783,0.0082809978654703,0,0.00938874697724775,0,0,0,0.00855563612521938,0,0,0,0,0,0,0.01601301943204779,0,0.00854344583106471,0.01716017385944725,0,0.03345334775491205,0,0.00955785673580903,0,0,0,0,0,0.03772242141633458,0,0.00893263530604951,1,0.01113821643164081,0.01289779207895392,0,0.02095624318569747,0,0,0,0,0.01219061849173415,0,2,0,0.6667,0,0,0,0,0.01071343060680851,0,0.01079962172921982,0,0.01324485058394799,0,0,0,0,0,0.01157374061918691,0.01411724456530569,0,0,fully_open
0,0,0.0367,0.1856,41,1118,167,6,19,0,12,0.00927439637686295,0.00825028893842397,0,0,0,0,0,0.06149500293129753,0,0.01488786476989582,0,0,0.07788821283217036,0,0,0.0119687596692017,0,0,0,0,0,0,0,0,0.01480300712051219,0,0,0,0,0,0,0,0.01912215644039798,0,0.01627038506144101,0,0,1,0,0,0,0,0.02164495250242546,0,0,0,0,0,2,0,0.6667,0,0,0,0,0,0.02048714463805374,0,0,0,0,0,0,0,0,0,0,0.04433859672000842,0,partially_open
0,0,0.0806,0.1929,126,1564,197,19,19,0,19,0,0.01072537561995116,0,0,0,0,0,0,0,0,0,1,0,0,0,0,0,0,0,0,0,0.00897872875296965,0,0,0.00962195462833292,0,0.03751553998229422,0,0.01071845362515727,0,0.0129571791298241,0,0,0.01247021812385468,0,0,0,0,0.0124907141411972,0,0,0,0,0.01097940893467481,0,0.0129571791298241,0,0,2,0,0.6667,0,0,0,0,0,0,0,0,0,0.01263585701613261,0,0,0,0,0,0,0,0,partially_open
0,1,0.0701,0.1165,114,1626,206,15,12,0,12,0,0.01491608529926983,0.00981990239404459,0,0.02057029905957606,0,0,0,0,0,0,0,0,0,0,0.00721296112514804,0.00815232766035665,0,0.02160938440986308,0.01126493447655358,0,0,0,0.00888292049984873,0.00892101753620271,0,0.04347827481391715,0,0.00993763912266237,0,0.01201327866341307,0,0.0115239485832862,0,0,0,0.03715029782913309,0,0,0,0,0,0,0.01017958444274486,0,0.03603983599023924,0.0126750139284918,0.06371353169780797,2,0,0.6667,0,0,0,0,0.02227825967243623,0,0,0,0,0.0234307282418353,0,0.01351139621540764,0.01241095835731712,0,0,0,0,0,fully_open
1,0,0.0492,0.1591,77,1566,220,11,19,0,16,0,0,0,0,0,0,0,0,0.01023713909353415,0.02133536526079558,0,0,0,0,0,0,0.01938585002698984,0,0.00856434920180925,0,0,0,0.01478202643771418,0,0,0.039354525919429,0,0,0.01181561816946471,0.02558348898022281,0.014283504552562,0.03873772724217659,0,0,0,0,0,0,0,0.01594451461728949,0,0,0,0,0,0,0,0,2,0,0.6667,0.01440520737332335,0.02781246807054294,0,0,0,0,0,0,0,0,0.01640511466990059,0.01606473093327995,0,0,0,0,0,0,closed
0,0,0.048,0.0903,98,2040,299,14,16,0,11,0,0,0.00944461950000467,0,0,0,0,0.00594060007085783,0.0082809978654703,0,0.00938874697724775,0,0.01128634931166799,0.00780813783257315,0.00855563612521938,0,0,0.0093333603086646,0,0,0,0,0,0.00854344583106471,0,0,0.03345334775491205,0,0,0,0,0,0,0,0.00943060535408364,0,0,0,0,0,0,0.01047812159284873,0,0.02937166721377976,0,0,0,0,3,0,0.3333,0,0,0,0,0,0,0.01079962172921982,0,0,0,0.01327037938265843,0,0,0,0,0,0,0,partially_open
0,0,0.057,0.0325,117,2053,277,15,5,0,4,0,0.01373371268408381,0,0,0,0,0,0,0.01585508127901022,0,0,1,0,0,0.0163809130690176,0,0.00750610656532838,0,0,0,0,0.00766476844765702,0,0.01635757311557511,0.00821386370711347,0,0.01601273048024753,0,0,0,0.01106100657424009,0,0.01061046485412327,0,0,0,0,0,0.01066280475468053,0,0.02995103260835919,0,0,0.00937266616374679,0,0,0,0,3,0,0.3333,0,0,0,0,0,0.01136786684184689,0,0,0,0,0.13974356825518977,0.01244037090564972,0,0,0.03323921848559167,0,0,0,partially_open
0,0,0.0149,0.0909,23,1547,231,5,13,0,8,0.02240628505206714,0.00664403799466001,0.01312217045575871,0,0.03435968095128302,0,0,0,0.0230109144226343,0,0.01304454226042387,0,0,0,0.0237740685249459,0,0,0.02593517820283794,0,0,0,0,0,0,0.03576301720265335,0.01474343596391588,0.0116198575166398,0,0,0,0,0,0,0,0.05241079789703122,0,0,0,0,0,0,0.02911619628455312,0,0,0.2036928856956241,0,0.03387481598588075,0,3,0,0.3333,0,0,0,0,0,0,0,0,0.01840213753698969,0,0,0,0,0,0.01608032988683491,0,0,0,fully_open
1,0,0.0932,0.1217,156,1673,230,15,16,0,12,0,0.00548011892990205,0,0.01622916099586518,0,0,0,0,0,0,0,0,0,0.00894801196871522,0,0,0.00898541223878726,0.01069589466029447,0.007939214223575,0,0,0.00917534325120986,0,0,0,0.01216064426220799,0,0,0,0.01185804051273101,0.01324091297938229,0,0,0,0,0.01302037444948086,0,1,0.01276423342896064,0,0.01195126361988055,0,0,0,0,0,0,0,3,0,0.3333,0,0,0,0,0,0,0,0,0,0,0,0,0,0,0,0,0,0,closed
1,0,0.0632,0.1315,97,1534,213,14,17,0,11,0.0229651719808035,0,0,0,0,0.00868396936844062,0,0,0,0,0,0,0.01205412817640731,0,0,0.01481846435234496,0,0,0.02219739486999541,0,0,0,0,0,0,0,0,0.01448048833925583,0,0,0.01234017059983248,0.03346728816160834,0,0.02375279642638986,0,0.02426926938202555,0,0,0,0,0,0,0,0,0,0,0,0.05235778659248437,3,0.02266677910098632,0.3333,0,0,0,0,0,0,0,0,0,0,0.01417312627943792,0,0,0,0,0,0,0,closed
0,0,0.0504,0.1266,54,1072,158,8,11,0,9,0.03971623860209548,0.0176653245505078,0,0.013078794449609,0.0182712656352705,0,0,0.0109726377779374,0,0,0,0,0,0.01442208987898806,0,0.01281361329291005,0.01448237031428065,0,0.01279614527799735,0,0,0,0,0,0,0.01960009722261758,0,0,0,0.03822474235868585,0,0,0,0,0,0,0,0,0,0,0,0,0,0,0,0,0,0,4,0,0,0,0,0,0,0,0,0,0,0.02446401813740983,0,0,0.02400259798266535,0,0,0,0.02607538113827051,0,0.02364606445919089,fully_open
0,0,0.0441,0.0404,136,3087,446,18,9,0,9,0.00703308391912107,0.00625646911163818,0,0.05558487641083826,0.03235536622912484,0,0,0,0,0.01128996411717099,0,1,0,0,0,0.00453815470790564,0.00512917281964106,0,0.00453196811929073,0.02126256382449488,0,0,0.00782215565662375,0,0,0,0,0,0,0,0,0,0,0,0.00616918766912971,0.00743246374824532,0.05843432262707393,1,0,0,0,0,0,0,0,0,0.00797469626334276,0,4,0.01388340219935412,0,0,0.01471743102066231,0,0,0,0,0,0,0,0,0,0,0,0,0,0,0,0,fully_open
1,0,0.1218,0.2453,136,1117,159,13,23,0,16,0,0.00682523903087801,0,0.02021268233121391,0.05647482105447245,0,0,0,0,0,0,0,0,0,0,0,0,0.01332125062236675,0.00988793044208886,0,0,0,0,0,0,0.03029105934404535,0,0,0,0.02953730091352997,0.01649095525613977,0,0,0,0,0.06486513816650466,0,1,0,0,0,0.02991027436504093,0,0,0,0,0,0,4,0,0,0,0,0,0,0,0.01694845601875354,0,0,0,0,0.01894045057343068,0,0,0,0.01651888433829404,0,0,0,closed
0,0,0.0569,0.127,83,1458,189,9,13,0,11,0.00664543362436636,0.00591162435745339,0,0,0,0,0,0.00734389142617857,0,0,0,0,0,0,0,0,0,0.01153809109023892,0,0,0,0.00989781122374607,0,0,0,0,0,0,0,0.02558348898022281,0,0.01291257574739219,0,0,0,0.04213680235225696,0,0,0.05507716471709001,0,0,0,0,0,0,0,0,0,4,0,0,0,0,0,0,0,0,0,0,0,0,0,0,0,0,0,0,0,0,closed
0,0,0.059,0.0995,100,1696,221,8,11,0,11,0,0,0,0,0,0.01760749651256236,0,0.01929670781637267,0,0,0,1,0.14664470415987935,0,0.00926368877006512,0,0,0.01010577633420926,0,0,0,0.00866911741666035,0,0.01850097924796082,0.00929016308942489,0,0,0,0,0,0.01251037984948534,0,0,0.01204021060234245,0,0,0,0,0,0.01396519556135011,0.01129188355809404,0,0,0,0,0,0,0,4,0,0,0,0,0,0,0,0,0,0,0,0,0,0,0.02584903050972255,0,0,0,0,0,partially_open
0,0,0.0491,0.1307,67,1365,199,8,14,0,12,0.00774284468160118,0,0,0,0,0,1,0.00855664413875852,0.02385535164915299,0,0,0,0,0,0.02464651140659529,0,0,0,0,0,0,0.01153231215977753,0.01722309502375873,0,0,0,0.0361388229187238,0,0,0,0,0,0,0,0,0,0,1,0,0,0,0,0,0.02820398625421054,0.02346309488644803,0,0,0,2,0,0.6667,0,0,0,0,0,0,0.04666625536204161,0,0,0,0,0,0,0,0,0,0,0.01843959155074519,partially_open
0,0,0.0411,0.0658,69,1677,243,10,9,0,7,0.00669817516106769,0,0.07060977435717782,0.01764599251137722,0.00616292690078568,0,0,0.00740217627876729,0,0,0.011698676789110291,0,0,0,0,0.00864410420553456,0.0097698529897925,0.01162966324174875,0.00863232022722043,0.01350004052348881,0,0,0,0,0,0,0,0,0,0,0,0,0,0.01385579791539408,0,0,0,0,0,0,0,0,0,0,0,0,0,0,2,0,0.6667,0,0.01401660097205934,0,0,0,0,0,0,0.01650350429904631,0,0,0.01619222879782979,0,0,0,0,0,0.01595171015104147,partially_open
0,1,0.0563,0.1106,83,1475,199,10,11,0,11,0.00703308391912107,0,0.01235671051250611,0,0,0.03191358742901928,0,0.00777228509270565,0,0.01128996411717099,0,0,0.01476630701609896,0,0,0,0,0,0,0,0,0,0,0.01117767496230966,0.03367684119916524,0,0.01094203249483581,0,0.01250486256268348,0,0,0,0,0,0,0,0,0,0,0,0.0409330778980909,0.01370887575064376,0,0,0.02131231118852363,0,0.01594939252668552,0,2,0,0.6667,0.01524551113676722,0,0,0,0,0,0,0,0,0,0,0,0,0,0,0,0,0,fully_open
1,0,0.0566,0.0928,90,1589,194,10,10,0,8,0,0,0,0,0,0,0,0,0,0,0,0,0,0,0,0,0.00925565020085605,0,0,0,0,0,0,0,0,0.01252637792422928,0,0.01600475026970381,0,0,0,0.01233005353322412,0,0,0,0,0,0,0,0,0,0,0,0,0,0,0.01439042934738543,0,3,0,0.3333,0.01375534839407568,0.03983665539427392,0.01731266987213568,0,0,0,0,0,0,0,0,0,0,0,0.01366223516701011,0,0,0,partially_open
0,1,0.0826,0.1635,130,1574,208,18,18,0,16,0,0.00560280815967598,0,0.04148125105286437,0.03476994579846251,0,0,0,0,0.02022083125463461,0.01100024832408878,0,0,0,0,0,0,0,0,0.02538813590984463,0,0,0,0,0.01005278841766126,0,0,0,0.01119838438449267,0,0,0,0,0,0.01104929134769501,0.01331187536999162,0.02093169765745932,0,0,0,0.01221882922331071,0,0,0,0,0,0,0,3,0,0.3333,0.02730539308077711,0,0,0,0.02510460604879008,0,0,0,0,0,0,0,0,0,0,0,0,0,fully_open
0,0,0.036,0.0626,109,3031,431,15,14,0,13,0.00721341940422674,0,0.00633677462179801,0.00475084413767848,0,0,0,0.00398578722702854,0.00555605412341383,0.01157945037658563,0,0,0.07572465136461007,0.00523879333211105,0.00574031996435659,0.00465451764913399,0.00526069007142673,0,0,0.0072692525895709,0,0,0,0,0,0,0,0,0.00641275003214537,0,0,0.01401621470016076,0,0,0,0,0,1,0.00747307683661371,0,0,0,0,0,0,0,0,0,3,0,0.3333,0,0,0.00984010723501729,0,0,0,0,0,0,0,0,0,0.00800878082032002,0,0,0,0,0,fully_open
0,0,0.0751,0.1786,87,1158,168,11,17,0,13,0.01687940140589058,0,0.07414026307503672,0,0.05435701526492974,0,0,0.02798022633374037,0,0,0.01474033275427897,0,0.01771956841931875,0,0,0,0,0,0.0217534469725955,0,0,0.03771066076247253,0,0.01341320995477159,0,0,0,0,0,0,0.01814005078175374,0,0,0,0,0,0,1,0,0,0,0,0.01969690677720717,0.06148469003417897,0,0.03628010156350749,0,0.01924148657273801,4,0,0,0,0.01766091722479477,0,0,0,0.07457320648251561,0.10173243668925072,0,0,0,0,0,0,0,0,0,0,0.02009915479031225,fully_open
1,0,0.0685,0.209,93,1357,177,10,25,0,12,0.00669817516106769,0,0,0,0.01232585380157137,0.01013129759651405,0,0,0,0,0,0,0,0,0,0.00864410420553456,0.019539705979585,0,0,0,0,0,0,0,0,0,0,0.03378780612493028,0,0.02578653254355791,0,0.02603011301458427,0,0,0,0,0.0111303471670617,1,0,0,0,0,0,0,0,0.01439686569980456,0,0.04581306326842382,4,0.01322228780890868,0,0,0.01401660097205934,0.05482345459509633,0,0,0,0,0,0,0,0,0,0,0.01679448830199545,0,0,0,0.03190342030208294,partially_open
0,1,0.0578,0.1868,76,1314,182,10,20,0,14,0.02182681216278954,0.0258888377033304,0.0127828039784546,0,0,0,0,0.01608058984697722,0.02241580456687652,0,0,0,0,0,0.02315922192516282,0,0,0.01263222041776158,0.02812945729214936,0,0,0,0,0.01156311202997551,0.02322540772356223,0,0.04527737584069993,0,0,0,0,0,0,0,0,0,0,0,0,0,0,0,0,0.01325101078322822,0,0,0,0,4,0,0,0,0,0,0.01694924876183476,0,0.01607181174192146,0,0,0.01792622018689513,0.0152501722608497,0,0.01758811059074616,0,0,0,0,0,0,fully_open
0,0,0.1643,0.4909,57,347,55,7,14,0,13,0,0,0,0,0,0,0,0,0,0,0,0,0.04663044320873356,0,0,0,0,0,0,0,1,0,0,0,0,0,0,0,0,0,0,0,0,0,0,0,0,1,0,0,0,0,0,0,0,0,0,0,4,0,0,0,0,0,0,0,0.04906132005428658,0,0,0,0,0,0,0,0,0,0,0,0,partially_open
0,0,0.067,0.1091,83,1239,165,11,10,0,8,0,0.0076609825856794,0.01513066593368096,0.0113438523287425,0.04754257894891814,0,0,0.00951708378698652,0,0,0.03008231174342647,0,0,0.01250895550728557,0,0.01111384826425872,0,0,0.0110986974349977,0,0,0,0,0,0,0,0.01339840713653365,0,0,0,0.01851025589974872,0,0.01775628812322669,0,0.0151082146999095,0,0,1,0,0,0.0334147574678293,0,0.04019776893307585,0.01568486990667831,0,0,0,0,4,0,0,0,0,0,0,0,0,0,0.02028341176687767,0,0.01805122430876087,0.02125968941915688,0,0,0,0,0.0226164020076836,0,0.04101868324553522,closed
0,0,0.045,0.0917,75,1666,229,10,12,0,9,0.00607172712442107,0.00540126829781713,0,0.01599564788801101,0.03351922832369768,0,0,0,0,0.00974673161194618,0.05302277969165098,0,0,0.00881926359506464,0,0.01567132561003388,0.02656837719526306,0,0.03129992370157627,0.01223744680546468,0,0.00904332392385432,0,0,0,0,0,0,0,0,0,0,0,0,0.01065183482439663,0,0.02017875889280251,1,0,0,0.02355860598451275,0,0,0,0,0.02610079249173201,0,0,4,0,0,0,0,0,0,0,0,0,0,0,0,0,0,0,0.01522378076295991,0.01307249839721111,0,0,0,partially_open
0,0,0.0619,0.1885,55,888,122,6,13,0,10,0,0.00975034147268288,0,0,0.07059352631809057,0,0,0,0,0,0,0,0,0.01592048882745436,0,0,0,0,0,0,0,0,0,0,0,0,0,0,0,0,0,0,0,0,0,0,0,0,0,0,0,0,0,0,0,0,0,0,4,0,0,0,0,0,0,0,0,0,0.02581525133966249,0,0,0,0,0,0,0,0.02878451164614277,0,0,partially_open
0,0,0.1293,0.5,56,433,58,9,15,0,14,0.04116927172168434,0.0366232338242235,0.07233196397564558,0,0,0,0,0.02274815149084583,0,0.06608759483222046,0,0,0.04321845955931403,0,0,0,0,0,0,0,0,0,0,0,0,0,0,0,0,0,0,0,0,0,0.03611231806319834,0,0,1,0.08530243803744429,0,0,0,0,0,0,0.04424402629696036,0,0,2,0,0.6667,0,0,0,0,0,0,0,0,0,0,0,0,0,0,0,0,0.04920502806732642,0,partially_open
0,1,0.0365,0.0654,52,1425,214,8,7,0,7,0.01430457746261913,0.00636251096098798,0,0,0,0.01081816523017602,0,0,0,0.02296263888238168,0,0,0,0.02077758711379637,0,0,0,0,0,0.01441529750813212,0,0.01065272902894704,0,0,0,0,0,0,0,0,0,0,0,0,0,0,0,1,0,0,0,0,0,0,0,0,0,0.0163063445531678,3,0,0.3333,0,0.0449006370121901,0,0,0,0,0,0,0,0,0,0.01729000702141148,0,0,0,0,0,0,fully_open
0,1,0.0692,0.163,63,910,135,9,13,0,9,0.02446290058824721,0,0.0214899313260976,0,0.03376212128256505,0,0,0,0.01884227050549041,0.03926944040755129,0.02136280109315793,0,0,0,0.01946717205303541,0.01578488594054137,0,0,0.01576336737144601,0,0,0.03643542102654352,0,0.01943943471706028,0,0,0,0.03084973602711025,0.02174758706553649,0,0.02628992866920832,0,0,0,0,0,0.04064996356666012,1,0,0,0,0,0,0.02227706160658658,0,0,0,0,3,0,0.3333,0.02651393241176907,0,0,0,0,0,0,0,0.09041050181216675,0,0,0,0,0,0.02633445329293253,0,0,0,fully_open
0,0,0.0929,0.2617,108,1163,149,12,22,0,17,0,0,0,0,0,0,0,0,0,0,0,0,0,0.01250895550728557,0,0,0.01256123955830464,0.01495242416796268,0.05549348717498853,0.01735719495877133,1,0,0,0,0,0,0,0,0,0.01657705663514437,0,0.01673364408080417,0,0.0178145973197924,0,0.03640390407303832,0,1,0,0.0206627893509772,0,0,0,0.01568486990667831,0,0,0,0,3,0,0.3333,0,0.01802134410693344,0,0,0,0,0,0,0,0.01805122430876087,0,0,0,0,0,0,0,0,fully_open
1,0,0.0899,0.2627,81,901,118,13,18,0,13,0,0.0463442156417643,0,0,0,0,0,0.01151449643363801,0,0,0,0,0,0,0,0,0.01519754909523278,0,0.01342805368678734,0,0,0,0,0.01655951846268098,0,0,0.03242083702173575,0,0,0.02005619197832282,0,0.02024564345578776,0,0,0,0.02202211480961577,0,0,0.02158888863910627,0,0,0,0,0,0,0,0,0,3,0,0.3333,0,0,0,0,0,0.02301642175386284,0,0,0,0.02183975286738969,0,0,0,0.02612475958088182,0,0,0,0,closed
0,0,0.0547,0.1176,122,2232,340,17,21,0,19,0,0,0.00956648555806925,0.01434448423505503,0,0,0,0,0,0.02622185214310683,0,0,0,0.00790888799815474,0,0,0,0,0.00701724095890177,0,0,0,0,0,0,0,0,0,0,0,0,0,0,0,0,0,0,1,0,0,0,0,0.01270768179174656,0,0.01649985382337313,0,0.0123479167948533,0,3,0,0.3333,0,0,0,0,0,0,0,0,0,0,0,0,0,0,0,0,0,0,fully_open
0,0,0.0547,0.1071,70,1279,196,9,12,0.01845993723941573,9,0.00753544705620115,0.00670335976246947,0,0.00992587078764968,0,0.01139770979607831,0,0,0,0,0,0,0,0,0,0.06807232061858466,0,0,0,0,0,0,0,0.01197608031676035,0,0,0,0,0,0,0,0,0,0,0,0,0,0,0,0,0,0,0,0,0,0,0,0,4,0,0,0,0,0,0,0,0,0,0,0,0,0.03720445648352455,0,0.01673263135674004,0,0,0,0,0.01794567391992166,fully_open
0,0,0.067,0.2698,59,880,126,9,19,0,15,0,0.01057431399150115,0,0.03131542333004972,0.01093702520421121,0,0,0,0,0,0.02076103204828024,0,0,0,0,0.07670120633079962,0,0,0.03063865770788099,0,1,0,0,0,0,0,0,0,0,0,0,0,0.02450867938135516,0.02458916249774162,0,0.02512382112082926,0,1,0,0,0,0,0,0,0,0,0,0,4,0,0,0,0.02487453130252785,0,0,0,0,0,0,0,0,0,0,0,0,0,0,0,0,fully_open
0,0,0.0917,0.1955,113,1232,179,17,20,0,15,0.02458165253285036,0,0,0,0,0,0,0,0,0.052613425012059,0,0,0,0.01190172465741733,0,0,0,0,0,0,0,0,0,0,0,0,0,0,0,0,0,0,0,0,0,0,0,1,0,0,0,0,0,0,0,0,0.01858181653594429,0,4,0,0,0,0,0,0,0,0,0,0,0,0,0,0,0,0,0,0,0,0,fully_open
1,0,0.0649,0.2045,60,925,132,9,15,0,12,0.01054962587868161,0,0,0,0,0,0,0.02331685527811698,0,0,0,0,0.02214946052414844,0,0,0,0,0,0,0,0,0,0.02346646696987127,0.01676651244346449,0,0,0.01641304874225372,0,0,0,0.02267506347719218,0.02049871399898511,0,0.02182288171674569,0,0,0,0,0.0218587497470951,0,0.02046653894904545,0,0,0,0,0,0,0,4,0,0,0,0,0,0,0,0.02330412702578613,0,0,0,0,0,0,0,0,0,0,0,0,partially_open
0,1,0.0673,0.1887,89,1322,212,13,22,0,18,0.00819388417761678,0.00728909022715127,0,0,0.02261734338346591,0,0,0,0.01262249189202755,0.01315335625301475,0,0,0.03440692896955098,0,0.01304111525882954,0,0,0,0.01055992571485218,0,0,0,0.01822638211252137,0.01302253393667145,0.01307838493171465,0,0.01274799902310968,0,0,0,0,0,0,0.03389962208426515,0.01437480621933137,0.01731836213183376,0.04084729348688663,1,0,0,0,0,0.03824642092661586,0,0,0,0.01858181653594429,0.01868105492498835,4,0,0,0,0,0,0.05726542300115047,0,0.01810029283556204,0,0,0.0605662584955292,0.01717495128406374,0,0,0,0,0,0,0,0,fully_open
0,0,0.0382,0.1658,51,1336,199,7,17,0,16,0,0.00701660087286524,0.0277159861962754,0,0.00725727840653267,0.0119303130575773,0,0,0,0,0.01377601191988689,0,0,0,0,0.01017903859717153,0.01150468669826032,0,0,0,0,0.01174786939640889,0,0,0.01258947334548233,0,0.0245428766239308,0,0,0,0,0,0,0.016316173246165,0,0,0.05242705581494483,1,0,0,0,0,0.01840832409084782,0,0,0,0.01788716918880619,0.14386158185224676,4,0,0,0,0.01650553011663062,0,0,0.0471591197738954,0,0.0633846957565425,0,0.01943403309981154,0,0,0.01906748437875284,0.0350290600365399,0,0,0,0,0,partially_open
0,0,0.0352,0.1307,45,1279,199,7,15,0,11,0,0,0,0,0.0182712656352705,0,0,0.0109726377779374,0,0,0.03468313589242112,0,0.02084655108155147,0,0,0,0,0.01723926551129816,0.01279614527799735,0,0,0.01478849441665589,0.02208608655987884,0.03156049401122728,0,0,0,0,0,0,0.02134123621382793,0.01929290729316245,0,0,0.03483776566096781,0,0,0,0,0.0476459613269592,0,0.01935370694208531,0,0,0,0,0.02251678944943838,0,4,0,0,0,0,0,0.02313073948673921,0,0.02193329602426929,0.01994753660573543,0,0,0,0,0,0.02204770249358688,0,0,0,0,0,fully_open
0,0,0.0223,0.1788,28,1254,179,5,19,0,13,0,0,0,0,0.00800545143813398,0,0,0,0,0,0,0,0,0,0,0,0.01269073687333871,0.01510657287072519,0,0,0,0,0,0.02765610299952906,0.02777471439106411,0,0.01353653504515771,0,0,0,0.0187010832801585,0,0.01793934263996099,0,0.03052793898126045,0,0,0,0.01802783484296503,0.02087580779789449,0,0,0,0,0,0.0187010832801585,0,0,4,0,0,0,0,0,0,0,0,0.01747980011842796,0,0,0,0,0.02103320441779953,0.01932015166963799,0,0,0,0,0,partially_open
0,0,0.2701,1.0909,47,174,22,8,13,0,11,0,0,0,0,0,0,0,0,0,0,0,0,0,0,0,0,0,0,0,0,0,0,0,0,0.07089861305087418,0,0,0,0,0,0,0,0,0,0,0,0,0,0,0,0,0,0,0,0.13460407066435978,0,0,0,2,0,0.6667,0,0,0,0,0,0,0,0,0,0,0,0,0,0,0,0,0,0,partially_open
0,0,0.0668,0.2261,100,1498,199,14,26,0,19,0,0,0.02281238863847283,0,0,0,0,0,0.01000089742214491,0.05210752669463536,0,0,0,0.00942982799779989,0.01033257593584187,0.00837813176844119,0.00946924212856811,0,0,0,1,0,0,0,0,0,0,0,0,0,0,0,0,0,0.0113892695430087,0,0,1,0,0,0,0,0.01515146675169782,0.01182397885272672,0.05901870790668083,0,0,0,2,0,0.6667,0,0,0,0.03024789009804358,0,0,0,0,0,0,0,0,0,0,0,0,0,0,fully_open
0,0,0.0802,0.2067,100,1247,179,13,20,0,17,0.01607562038656245,0,0,0.02117519101365267,0,0,0,0.01776522306904151,0,0.03870844840172913,0,1,0.01687577944697024,0.0116750251401332,0,0,0,0.01395559589009851,0,0,0,0.01197163833729287,0,0,0,0,0,0,0,0,0,0,0,0,0,0.01698848856741788,0,0,0,0,0,0,0,0,0,0,0.03645575434670976,0,3,0,0.3333,0,0,0,0,0,0,0,0.01893118431575249,0,0,0,0,0,0,0,0,0,0,fully_open
1,0,0.0461,0.176,42,912,125,6,11,0,11,0,0,0,0,0,0,0,0,0,0,0,0,0,0,0,0,0,0,0,0,0,0.03643542102654352,0,0,0.0195228064922697,0,0,0,0.02174758706553649,0,0,0,0,0,0.02145804406653814,0,0,0,0,0,0,0,0.05709248341219469,0,0,0,0,0,3,0,0.3333,0,0,0,0,0,0.02701927771105638,0,0,0,0.02563797075737051,0,0,0,0,0,0,0,0,closed
0,1,0.097,0.1579,127,1309,190,20,16,0,14,0,0,0,0,0,0.01160494088327974,0,0.00847885646476981,0.02363848481597887,0.01231632449145926,0,0,0,0.01114434217921805,0.02442245221198988,0,0,0,0,0,0,0.01142747295832501,0,0.01219382723161054,0.01224612407242372,0,0.01193676272163907,0,0,0.01476865045676498,0,0.01490815563562553,0,0,0.01346004582355574,0,0,0,0,0,0.01488475559930578,0,0,0,0,0,0,0,3,0,0.3333,0,0,0,0.03574750647950605,0,0,0,0.01807067593776374,0,0,0,0,0,0,0,0,0.01834005591600348,0,fully_open
0,0,0.0679,0.1667,84,1237,168,12,15,0.01932255112910805,13,0,0,0,0.01038969652539032,0,0,0,0,0,0.0253232840011312,0,0,0,0,0,0,0.01150468669826032,0,0,0,0,0,0,0,0,0,0,0,0,0,0.01695331848762032,0,0,0,0,0,0,0,0,0,0,0,0,0,0,0,0,0,3,0,0.3333,0,0,0,0,0,0,0,0,0,0,0,0,0,0,0,0,0,0,partially_open
0,1,0.0738,0.1354,119,1613,229,17,16,0,15,0.01993630087309911,0,0.01167563198032074,0,0.00611439991731493,0,0,0.00734389142617857,0,0,0.01160656122384171,0,0,0,0,0,0,0.01153809109023892,0.00856434920180925,0.0133937409918078,0,0,0,0,0,0,0,0,0,0,0,0,0,0,0.01165830740622938,0,0,1,0,0,0,0,0,0,0,0.014283504552562,0.01507029215119891,0,3,0,0.3333,0,0.01390623403527147,0,0,0,0.0146797650556133,0,0,0,0,0.01640511466990059,0,0,0,0,0,0,0,fully_open
1,0,0.0463,0.11,68,1470,200,8,13,0,9,0.00607172712442107,0,0,0,0,0,0,0,0,0.00974673161194618,0,0,0,0.00881926359506464,0,0,0,0,0.01564996185078813,0.01223744680546468,0,0,0,0,0,0.01198567096347118,0,0,0,0,0,0.03539346301983041,0,0.02511986384661374,0,0.01283303093222214,0,0,0,0,0,0,0,0,0,0,0.01376925973526807,0.11074236876395976,3,0,0.3333,0,0,0.01656536038125213,0,0,0,0,0,0,0,0,0,0,0,0,0,0.0145137133148229,0,closed
0,0,0.0582,0.1073,112,1923,261,16,14,0,14,0,0.03684791624032303,0,0.05456184187566945,0.00476398030367482,0,0,0,0,0,0,1,0,0.00752072171603672,0,0.00668194558219235,0,0,0.01334567298932239,0.03130684244097406,0,0,0.0115172844023908,0,0,0.01022090959461653,0,0,0,0.00996657392787821,0,0,0,0.01071061679349481,0,0,0.01720765328895428,1,0,0,0,0,0,0,0,0,0,0.01180459298940982,3,0.01022090959461653,0.3333,0.01122368918044212,0.03250475562845664,0,0,0.01031907119796893,0,0,0.01219493468192645,0,0,0,0,0,0,0,0,0,0,partially_open
0,0,0.0886,0.125,112,1264,208,15,14,0,12,0.02434529048926526,0.00721900282112097,0,0,0.02239986892785566,0,0,0,0,0.01302688167365884,0,0,0,0,0,0,0,0,0,0.04906745497960358,0,0,0.03610225687672503,0,0,0.06407724092009595,0,0,0,0,0.01744235652091706,0,0,0,0,0,0.02696968736634181,0,0,0.05841211604987787,0,0.01581793355843511,0,0,0,0,0,0,4,0.01601931023002398,0,0,0,0,0,0.01617315966604746,0,0,0,0,0,0,0.01961750796660149,0,0.02034716851972526,0,0,0,0,closed
1,0,0.0426,0.0667,75,1761,240,9,10,0,6,0,0.00466320679128311,0,0.00690495359140847,0.00482316018322357,0.00792884159727187,0,0,0,0,0,0,0,0.02284244049156495,0,0,0.007645971905055,0,0,0,0,0,0.03498106877496338,0,0,0.01034787741566766,0,0.01322131544019011,0.00932039445665849,0.01009038229965309,0,0,0.01080817537935538,0,0,0.01107944906570731,0.00871070647857002,0,0,0,0,0,0,0,0,0,0,0.02390246779222112,4,0,0,0.01136311389075817,0.01096951380422035,0.04290531229181452,0,0,0,0,0.01234642455375162,0.01291578597316668,0,0,0,0,0.05257405033668142,0,0,0.01253047298608933,0,closed
0,0,0.0387,0.1336,66,1707,232,10,18,0,13,0.00578061691982554,0.00514230337942864,0,0,0.0265934516951711,0,0,0,0,0,0,0,0,0.00839642218982182,0,0,0.01686303392758706,0,0.00744981060705325,0,0,0,0,0,0,0,0,0,0,0.01112706541263115,0,0,0,0,0,0,0.00960564207568338,0,0.03593219136508783,0.0138695435369573,0,0,0,0,0,0,0,0,4,0,0,0.01253055709871278,0,0,0,0.08064424819782569,0,0,0,0,0,0,0,0,0,0,0,0,0,partially_open
0,0,0.0507,0.1062,99,1951,273,14,16,0,13,0.00496452982526193,0,0.03488953556472316,0.0196181916744135,0.00913563281763525,0,0,0.0109726377779374,0,0,0.01734156794621056,0,0.01042327554077573,0,0,0.00640680664645502,0.00724118515714032,0,0.01279614527799735,0.01000591238799759,0,0,0.01104304327993942,0,0,0.00980004861130879,0,0,0,0.03822474235868585,0,0,0.01023597785927186,0.01026959139611562,0,0.06295733998513688,0,1,0,0.0119114903317398,0,0,0,0,0,0,0.01125839472471919,0.01131852151337529,4,0,0,0,0.01038877483811457,0,0,0,0,0,0,0,0,0,0,0,0,0,0.01303769056913525,0,0,partially_open
0,0,0.0672,0.1382,78,1161,152,9,12,0.01845993723941573,9,0,0,0,0,0,0,0,0,0.02321636901569353,0,0,0,0.0316420864630692,0,0,0,0,0,0,0,1,0,0,0,0,0,0,0,0,0,0,0,0,0.01558777265481834,0,0,0,0,0.01561339267649649,0,0,0,0,0,0,0,0,0,4,0.01487507378502227,0,0,0,0,0,0,0,0,0,0,0,0,0,0,0,0,0,0,0,fully_open
0,0,0.0727,0.2296,67,922,135,8,17,0.02756683961086082,14,0,0,0,0,0,0,0,0,0,0,0,0,0,0,0,0,0.04924005906855421,0.03907566849227583,0,0,0,0,0,0,0,0,0,0,0,0,0,0,0,0,0,0,0,1,0,0,0,0,0,0,0,0,0,0,4,0,0,0,0,0,0,0,0,0,0,0,0,0,0,0,0,0,0,0,0,partially_open
0,0,0.0575,0.155,90,1565,200,9,16,0.01476794979153258,15,0,0.01072537561995116,0,0,0,0,0,0,0.01857309521255483,0,0,0,0.01265683458522768,0,0,0,0,0,0,0,1,0.00897872875296965,0,0,0,0,0,0,0,0,0,0,0,0,0,0.01274136642556341,0,0,0,0,0,0,0,0,0,0,0.01367090788001616,0,4,0.03570017708405346,0,0,0,0,0,0.01201434718049239,0,0,0,0,0,0,0.01457300591804681,0,0,0,0,0,0,fully_open
0,0,0.035,0.1345,64,1830,238,8,17,0,15,0.00548032513178265,0,0,0.00721881511829068,0,0,0,0.00605632604626415,0.00844231600570674,0.00879737463675662,0,0,0.1265683458522768,0.00796024441372718,0.00872230436142496,0,0,0,0,0,0,0,0,0.00870987659400752,0,0,0,0,0,0,0,0,0,0,0.00961431844539696,0,0,0,0.01135519467381563,0,0.01063196828521841,0,0,0,0,0,0,0,2,0,0.6667,0.01187961906761082,0,0,0,0,0,0,0,0,0,0,0,0,0,0,0,0,0,partially_open
0,0,0.0886,0.119,99,1118,168,13,11,0,9,0.03444775797120526,0.0153219651713588,0.06052266373472385,0,0.00792376315815302,0.01302595405266093,0,0.02855125136095956,0,0,0.01504115587171323,0,0,0,0,0.01111384826425872,0,0,0,0,0,0,0,0,0,0,0,0,0,0,0,0,0.01775628812322669,0,0,0,0,1,0,0,0,0,0,0,0,0.01851025589974872,0,0,3,0,0.3333,0,0,0,0,0,0.03804755432781408,0,0,0,0,0,0,0.01912300726484576,0,0,0,0,0,fully_open
0,0,0.0827,0.2727,75,907,132,11,20,0,16,0,0.0098786354394287,0,0,0,0,0,0,0,0,0,0,0,0,0,0,0,0,0,0,0,0,0,0,0,0,0,0,0,0,0,0,0,0,0,0,0,1,0,0,0,0,0,0,0,0,0,0,3,0,0.3333,0,0,0,0,0,0,0,0,0,0,0,0,0,0,0,0,0,0,partially_open
1,0,0.0847,0.2072,68,803,111,9,13,0,10,0,0,0,0,0,0,0,0.04176153184140354,0,0,0,0,0,0,0,0,0,0,0,0,0,0.01876152276739927,0,0.02001971635040536,0.08042230734129012,0,0.01959767014000444,0,0,0,0,0,0,0,0,0,0,0,0.026099999698024,0,0,0,0,0.02294204852021603,0,0,0,0,4,0,0,0,0,0,0,0,0.05565164662874299,0,0,0,0,0,0,0,0,0,0,0,0,closed
0,0,0.0573,0.0503,79,1379,199,10,5,0.01640883310170287,5,0,0.01787562603325194,0,0,0,0,0,0,0,0,0,0,0,0,0,0,0,0.01162966324174875,0,0.02700008104697763,1,0.00997636528107739,0,0,0,0,0,0,0,0,0,0.02603011301458427,0.01381044631806521,0,0,0,0.0111303471670617,0,0.02775714253599377,0.01607105838409338,0,0,0,0,0,0,0,0,4,0.01322228780890868,0,0.01451953441596878,0,0,0,0.01334927464499155,0,0,0,0,0,0,0,0,0,0,0,0,0,partially_open
0,1,0.0529,0.1102,82,1551,236,13,13,0,13,0,0,0,0.01697248134682084,0.01778310204959533,0,0,0.0142393009332012,0,0,0.03375648722353964,0,0,0,0,0.00831417656410194,0.00939695783751034,0,0,0.01298477180121824,0,0,0.02866133370365956,0,0,0.01271762033528621,0,0,0,0.02480231374418547,0,0,0.01328333004638333,0,0,0,0.04282209902442058,1,0,0,0,0,0,0,0,0,0,0,4,0.02543524067057243,0,0.01396535371306921,0,0,0,0.05135904138225758,0,0,0,0,0,0,0,0,0,0,0.03383828086645791,0,0,fully_open
0,0,0.0492,0.1041,89,1810,269,12,16,0,12,0.02961298492261505,0.00439050463974609,0,0.01950346540731166,0,0,0,0,0.00760302143203998,0,0,1,0,0.0071688750860467,0.00785517468806692,0.03821603964552121,0.00719883904511026,0,0,0.00994739828046544,0,0,0,0,0,0.02922821515653499,0,0,0,0.01900060292683214,0.01060821683143493,0,0,0,0,0.01043152806771273,0,0,0.0102263156711556,0.01184183249354249,0,0,0,0,0,0,0,0,4,0.00974273838551166,0,0,0,0,0,0.00983630763315167,0,0,0,0,0,0,0,0,0.01237488611725981,0,0.01296144676463738,0,0,fully_open
1,0,0.1365,0.1857,131,960,140,16,15,0,11,0,0,0,0,0,0.01467291376046863,0,0,0,0,0,0,0,0.01409054758291937,0,0,0,0,0,0,0,0,0,0,0,0.095747601374856,0,0,0,0,0.02085063308247557,0.01884939218297481,0,0,0,0.04100669654204317,0,0,0,0.02327532593558352,0,0.01890879413881898,0,0,0,0,0,0,4,0,0,0,0,0,0,0,0,0,0,0,0,0,0,0,0,0,0,0,0,closed
0,0,0.0479,0.1859,52,1085,156,9,16,0,13,0,0.00975034147268288,0,0,0,0,0,0,0,0,0,0,0,0,0,0,0,0,0,0,0,0,0,0,0,0,0,0,0,0,0,0,0,0,0,0,0,1,0,0.02629809553760735,0,0,0,0,0,0,0,0,4,0,0,0,0,0,0,0,0,0,0,0,0,0,0,0,0.10992755979487936,0,0,0,0,fully_open
0,0,0.082,0.1755,109,1329,188,14,18,0,15,0,0,0,0,0,0,0,0,0,0.05839636612329826,0,0,0.01527549001665409,0,0,0,0,0.01263222041776158,0,0,0,0,0,0,0.02322540772356223,0,0.02263868792034996,0,0,0,0,0,0,0,0,0,0,1,0,0,0.0282297088952351,0,0,0,0,0,0,0,4,0,0,0,0,0,0,0,0,0,0.01713598580305183,0,0,0,0,0,0,0,0,0,0,fully_open
0,0,0.0748,0.2613,57,762,111,8,16,0,13,0,0.01155040451379356,0.02281238863847283,0,0.01194659676152302,0.01963913072555033,1,0.01434883401730275,0,0,0.02267743500658304,0,0,0,0,0,0,0,0.01673342074815038,0,0,0,0,0.02063570762272553,0,0,0,0,0.02308590011572335,0,0,0,0,0,0,0,0,0,0,0,0,0,0.03030293350339564,0,0,0.05581554086693461,0,0,4,0,0,0,0,0,0,0,0,0,0,0,0,0,0,0,0,0.02795503503403607,0,0,0,fully_open
1,0,0.0449,0.0798,68,1514,213,8,9,0,8,0,0,0,0.00848624067341042,0,0,0,0,0,0,0,0,0,0,0,0,0,0,0.01660568471190496,0,0,0,0.07165333425914891,0,0,0,0,0.0162490976020657,0,0,0.01384736700897232,0.03755489587600326,0,0.01332695066671492,0,0,0,0,0,0,0,0,0,0,0,0,0,0,4,0.03815286100585866,0,0.01396535371306921,0,0,0,0,0,0,0,0,0,0,0,0,0.0807673864905125,0,0,0,0,closed
0,0,0.0756,0.1791,109,1441,201,12,20,0,16,0,0.03603726208303592,0,0,0.07454676379190364,0.01021234797728617,0,0.00746139368899743,0.02080186663806141,0.02167673110496831,0.02358453240684636,1,0,0,0.02149175794655109,0,0,0.01172270054768274,0.0087013787890382,0,0,0.02011235240665202,0,0,0,0,0.03151305358512715,0,0,0,0,0,0.01392092988860973,0,0.01184484032472905,0,0,0,0,0,0,0,0,0,0.04091963748196537,0.01451204062540299,0,0,4,0,0,0,0,0,0,0,0,0.01356432489190009,0,0,0,0,0,0,0,0,0,0,0,fully_open
0,0,0.0734,0.2177,63,858,124,7,14,0,13,0,0,0,0,0,0,0,0.01277635905650245,0,0,0,0,0,0,0,0,0,0,0,0,0,0,0,0.01837426021201588,0.01845306367077547,0,0,0,0,0,0,0,0.02383720871337282,0,0,0,0,0,0.04790958848678377,0,0,0.04507027644047264,0,0.02105640069663663,0,0,0,0,4,0,0,0,0,0,0,0,0,0,0,0,0,0,0,0,0,0,0,0.02763570069534771,0,closed
0,0,0.0683,0.1611,98,1434,180,11,16,0,13,0,0.00568769919239834,0,0,0,0,0,0,0,0,0.01116691875324164,0,0.06711957734590437,0,0,0,0.00932576876298375,0,0,0,1,0.01904578826387502,0.01422210119386137,0,0.01020510339368643,0,0,0,0,0.02461441742794164,0,0,0,0.01322598891923981,0.01121670485296312,0,0,1,0,0,0,0,0,0,0,0,0.01449944775153229,0,1,0,1,0,0,0,0.01489479436646085,0,0,0,0,0,0,0,0,0,0,0,0,0.0152833799300029,0,fully_open
0,1,0.0445,0.0909,65,1461,220,10,10,0,10,0.01418437092931981,0,0,0,0.02610180805038643,0.01072725627866194,0,0,0,0,0,0,0,0,0,0.00915258092350718,0,0.01231376107949868,0.04570051884999056,0,0,0.01056321029761135,0.1104304327993942,0.01127160500400974,0,0,0.01103398234773359,0,0,0,0,0,0,0,0,0,0.04714029388402602,0,0,0,0.02751803556174178,0,0.01655202250185476,0.02583390337570545,0,0.03048748030546848,0,0,2,0,0.6667,0,0,0,0,0,0,0,0,0,0,0,0,0,0,0,0,0,0,fully_open
0,0,0.0554,0.1186,80,1445,194,9,12,0,11,0.02041863073293215,0.01816394258217536,0.01195810694758656,0,0,0,0,0,0.02096962362707803,0,0,1,0,0,0.02166507857515231,0.03513410096443079,0,0,0.00877155119862722,0,0,0.05068637199257062,0,0.01081710480223515,0.01086349716102104,0.01343555051550399,0.01058906370467982,0,0.01210147989937111,0,0.01462907321109173,0,0.04209958635668266,0,0,0,0,1,0.02820483838334851,0,0,0,0,0,0,0,0,0,3,0,0.3333,0,0,0,0,0,0,0,0,0,0,0.0168020126054627,0,0,0,0.01465384900977697,0.05362275959886274,0,0,fully_open
0,0,0.0509,0.0569,76,1494,211,9,6,0.01737405857827362,6,0,0,0,0,0,0,0,0,0,0,0,0,0,0,0,0,0,0,0,0,1,0,0,0,0,0,0,0,0,0.01365169369953066,0.01524374015273424,0,0,0,0.01244205916463136,0,0,1,0,0,0,0,0,0,0,0.03048748030546848,0,0,3,0,0.3333,0,0.01484110691159224,0,0,0,0,0,0,0,0,0,0,0,0,0,0,0,0,partially_open
0,0,0.0669,0.1262,101,1510,214,11,16,0,11,0,0,0,0,0,0,0,0,0.02148953165088989,0,0,0,0.04393281426277377,0,0.02220222928362716,0.00900129859419301,0,0,0,0.01405789343768256,0,0,0,0,0,0,0,0,0,0,0.0149917775055816,0,0,0,0.01223640529414158,0,0,1,0,0,0,0.01359557925683679,0,0,0,0,0,0,3,0,0.3333,0.03023903035391845,0,0,0,0,0.01540768728977595,0,0,0,0,0.01721859143039152,0,0,0,0,0,0.01667277810545771,0,fully_open
0,0,0.1093,0.1818,160,1464,198,19,19,0,17,0,0,0,0,0.01141954102204406,0.0093863492438292,0,0.00685789861121087,0,0,0.0216769599327632,0,0,0,0,0,0,0,0.02399277239624504,0,1,0.03697123604163974,0,0.00986265437850852,0,0.02450012152827198,0.00965473455426689,0,0.01103370226119131,0,0,0.01205806705822653,0,0,0.01088680176905244,0.01311611249690351,0,0,0.05143235234610612,0,0,0,0,0.02260466545374227,0,0,0,0,3,0.01225006076413599,0.3333,0.01345192159126519,0,0,0,0.02473542066571964,0,0,0,0,0,0.03063896416290257,0,0,0,0,0.01629711321141906,0,0,fully_open
0,0,0.0415,0.1086,78,1881,267,11,15,0,14,0,0,0.02888581678248183,0,0.00504239473700647,0.00828924348805695,0,0.0121126520925283,0,0.01759474927351324,0.00957164464563569,1,0,0.00796024441372718,0,0.00707244889543736,0,0,0,0,0,0,0,0,0,0,0,0,0,0,0.01177925375438555,0,0.01129945607841699,0,0,0,0,0,0,0,0.01063196828521841,0,0,0,0,0,0,0,4,0,0,0,0,0,0.01276696659982359,0,0,0,0.01290762566983124,0.01350286715376516,0,0,0,0,0,0,0,0,0,partially_open
0,1,0.0275,0.0759,60,2182,303,9,12,0,11,0,0.01251293822327636,0,0,0.03451239064439983,0,0,0.0051815233951371,0.00722287036043799,0,0,0,0,0,0.00746241595366357,0,0.00683889709285475,0.00814076426922413,0.0060426241590543,0,0,0.01396691139350835,0,0,0.00748374248870338,0,0.01458937665978108,0,0,0,0,0.01822107911020899,0,0,0.00822558355883962,0,0.03116497206777276,0,0,0,0.00909623953290909,0.00913925050042917,0,0,0,0,0,0.01068971476263222,4,0.00925560146623608,0,0,0.00981162068044154,0,0,0.00934449225149408,0,0.00941967006381951,0,0,0.00982788879032536,0,0,0,0.01175614181139681,0,0.01231337442640551,0,0,fully_open
1,0,0.0362,0.0966,85,2347,321,9,18,0,13,0,0.00362693861544242,0,0.00537051945998437,0,0,0,0,0.00628075683516347,0,0,0,0,0,0.0064890573510118,0,0,0,0,0.00821741597081927,0,0.00607257017109058,0,0,0,0.00804834910107485,0,0,0,0.0078480751219524,0.00876330955640277,0.00792220830878651,0.00840635862838752,0,0,0,0,0,0,0.02934715009269226,0,0.02384152304459784,0,0,0,0,0,0,4,0,0,0,0.01706368813989833,0,0,0,0.00900642590368546,0,0,0,0,0,0,0,0,0,0,0.00974592343362503,0,partially_open
1,0,0.0345,0.0842,98,2837,404,12,20,0,14,0,0.00942397020999893,0.0062042061150658304,0.00930290818591435,0.01624537216525096,0.005341186180589,0,0.00390240255700702,0,0,0,0,0,0.0051291951452468,0,0,0,0,0,0,0,0,0,0,0.00563629141408623,0.01394149174830539,0,0,0,0.02718914728442089,0,0,0.0072808210714486,0.01460946056351175,0,0,0.01760364531024821,1,0,0.01694521637151268,0,0.00688311753170398,0,0,0,0.00758997940659152,0,0,4,0.02091223762245809,0,0,0,0.00963424725102111,0,0.01407538581815008,0.0078005446111418,0,0.00831704750273645,0,0,0.01743472437721652,0,0,0,0.00760283379586755,0,0,0.00840968819678337,partially_open
0,1,0.0372,0.0429,67,1803,280,8,6,0,6,0.01383557492286113,0,0,0,0,0,0,0,0,0,0,0,0.01452423640927766,0,0,0,0,0,0,0,0,0,0,0,0,0.02731161088397532,0,0,0,0,0,0,0,0,0,0,0,1,0,0,0,0,0,0,0,0.01486889408340471,0,0,4,0,0,0.01499558472468907,0,0,0,0,0,0,0,0,0,0,0,0,0,0,0,0,0,fully_open
0,0,0.0793,0.2288,68,857,118,9,14,0,13,0.02164025821268023,0.01925067418965594,0,0,0.03982198920507673,0,0,0,0,0.01736917556487845,0.07559145002194347,1,0.02271739540938302,0,0,0,0,0.01878637908282491,0,0,0,0.01611566699250963,0.02406817125115002,0.01719642301893794,0.01727017497393089,0,0.01683389614590125,0,0.01923825009643613,0,0,0,0,0,0,0,0,1,0,0,0.02099132199902097,0,0,0.01970663142121121,0,0.0465129507224455,0,0,4,0,0,0,0.0226422015702497,0,0,0,0,0,0,0,0,0,0,0,0,0,0.02841547944555119,0,0,fully_open
0,0,0.111,0.1714,103,928,140,13,13,0,11,0,0,0,0.01407212061033879,0,0,0,0,0,0.01714931258304455,0,0,0,0,0,0.01378679911262474,0,0.01854857681595371,0.02753600882607025,0.02153171020202013,1,0,0,0,0,0,0,0,0,0,0,0,0,0,0.03748367191369954,0,0,1,0,0,0,0,0,0,0,0,0.02422692535699066,0,2,0,0.6667,0,0,0,0,0,0,0,0,0,0,0,0,0,0,0,0,0,0,fully_open
1,0,0.0687,0.1736,76,1106,144,10,14,0,11,0,0,0,0,0,0.0265946561908494,0,0.01943071273176415,0,0,0,0,0,0,0.0139920299131192,0,0,0,0.01132992029822682,0,0,0.01309397943141407,0,0.02794418740577415,0.01403201716631884,0,0.02735508123708954,0,0,0,0,0,0,0,0.01542296917282429,0,0,0,0.01821562478924591,0,0.01705544912420454,0.0171360946883047,0,0,0,0,0,0,2,0,0.6667,0,0,0,0,0,0,0.03532376273932317,0,0,0.03685458296372011,0,0,0,0,0,0,0,0,closed
0,0,0.0272,0.1145,51,1877,262,6,16,0,14,0,0.00487517073634144,0,0,0,0,0,0.00605632604626415,0,0,0,0,0,0,0,0,0,0.00951517901597625,0,0,0,0.00816248068451786,0,0.00870987659400752,0.00874723148030266,0,0.0170525181737701,0,0.00974404875014297,0,0,0,0.01129945607841699,0,0.00961431844539696,0,0,0,0.02271038934763127,0,0.01063196828521841,0.02136448168931495,0,0,0,0,0.01242809807274196,0,2,0,0.6667,0,0,0,0.01276696659982359,0,0,0,0,0,0.01148714274193873,0,0.01324818719822438,0,0,0,0,0,0.01305139921448847,closed
0,0,0.0558,0.1913,70,1255,183,8,18,0,17,0.03409980081998097,0.00758359892319779,0,0,0.00784372514645451,0,0,0,0.02626498312886542,0,0,0,0,0,0.02713605801332209,0,0,0,0.02197317876019748,0,0,0,0.01896280159181516,0,0,0,0,0,0.01515740916688907,0,0,0.03312923474583453,0,0,0,0,0.02833179278888433,1,0,0,0,0,0,0,0,0,0,0,3,0,0.3333,0,0,0,0,0,0,0,0,0,0,0,0,0,0,0,0.02238795350255549,0,0,fully_open
0,0,0.0728,0.2022,97,1332,178,11,21,0.01845993723941573,15,0,0.04692351833728635,0,0,0,0,0,0,0,0,0,0,0,0,0,0,0.03297325384054969,0.01308337114696735,0,0,0,0,0,0,0,0,0,0,0,0,0.01619647391228013,0,0,0,0,0,0,1,0,0,0,0,0,0,0,0,0,0,3,0,0.3333,0.01633447621796488,0,0,0,0,0,0,0,0,0,0.0744089129670491,0,0,0,0,0,0.01801255491750342,0,partially_open
0,0,0.07,0.0625,78,1114,160,9,5,0,5,0,0.02502587644655272,0,0.02470438951592811,0.02588429298329987,0,0,0,0,0.01505328548956132,0,1,0,0,0,0,0.027355588371419,0,0,0.01890005673288434,0,0,0.10429540875498342,0,0.01496748497740677,0.01851120293247216,0,0,0,0,0,0,0.01933462484529129,0,0,0,0.06232994413554553,0,0,0.04499896347546147,0,0.01827850100085835,0,0.01707908056504971,0,0,0.02126585670224736,0,3,0.07404481172988865,0.3333,0,0.05886972408264924,0,0,0,0,0,0,0,0,0,0,0.02082283013283206,0,0,0,0,0,fully_open
0,0,0.0388,0.2186,48,1237,183,8,20,0,20,0,0.00790290835154296,0,0.011702079244387001,0.01634797451576834,0.02687459994022676,0,0,0,0,0.03103227948269258,0,0.05595653185048028,0,0,0.01146481189365636,0,0,0,0,0,0,0,0,0,0,0,0,0,0,0,0,0,0,0,0,0,0,0,0,0,0,0,0,0.05384162826574391,0,0,0,3,0,0.3333,0,0,0,0,0,0,0,0,0,0,0,0,0.03945378340957653,0,0,0,0,0,fully_open
0,0,0.0633,0.2,71,1122,160,10,17,0,15,0.05387043001879971,0,0.04732357217555535,0,0.04130472284569129,0,0,0.05953239645476675,0,0.01441272014957999,0.04704361517323077,0,0,0,0,0,0,0,0,0,0,0,0,0,0,0,0,0,0,0,0,0,0.01851187485187464,0,0,0,0.01491940152180611,0,0,0.02154205698293368,0,0,0,0,0,0,0,0,4,0,0,0,0.01878820981361146,0,0.02091609421673226,0,0,0.01803766607965438,0,0,0,0,0,0,0,0,0,0,0,fully_open
0,0,0.0599,0.1133,62,1035,150,8,9,0.0234944655774382,8,0,0.00853154878859751,0.01685005978978107,0,0.00882419078976132,0.01450617610409967,0,0.02119714116192453,0.01477405300998679,0,0.01675037812986247,0,0,0,0.01526403263249367,0.01237678556701539,0,0,0.01235991305261108,0,0,0.01428434119790626,0,0.03048456807902635,0,0,0.04476286020614652,0,0,0,0,0,0,0.01983898337885972,0,0,0,0,0,0,0,0,0.02238284861046269,0.01746724148698266,0,0,0,0,4,0.01893191209002834,0,0,0,0,0,0.03822746830156672,0,0,0,0,0.04020499959678558,0,0.02318432759689267,0,0,0,0.02518644769037492,0,0,closed
0,0,0.0611,0.155,82,1342,200,11,17,0,14,0,0.01416559044144493,0.01398872888208239,0.02097542506069368,0,0,0,0,0,0.02556218290680225,0,1,0,0,0,0,0,0,0,0,0,0,0,0,0,0,0,0,0,0,0,0,0,0,0.02793594416209683,0,0,0,0,0,0,0,0,0,0,0,0,0,4,0,0,0,0,0,0,0,0,0,0,0,0,0,0,0,0,0,0,0,0,partially_open
0,0,0.1079,0.4658,56,519,73,9,21,0,13,0.02109925175736322,0,0,0.02779243820541913,0,0.03191358742901928,0,0,0,0,0,0,0,0.03064694099284964,0,0,0,0,0,0,0,0,0,0.03353302488692899,0,0.04165020659806237,0,0,0,0,0,0,0,0,0,0,0,1,0,0,0,0,0,0.03842793127136186,0,0,0,0,4,0,0,0,0,0,0,0,0,0,0,0,0,0,0,0,0,0,0,0,0,closed
0,0,0.0809,0.2,73,902,120,8,14,0,10,0,0.02681343904987791,0,0,0,0,0,0.01110326441815094,0,0,0,0,0,0,0,0,0.01465477948468875,0,0,0,0,0,0,0,0,0,0.01563147499262259,0,0,0,0,0,0,0,0,0,0,1,0.06245357070598599,0,0,0,0,0.03659802978224939,0,0,0.02278484646669359,0,4,0,0,0,0,0,0,0,0,0.02018500727961323,0,0,0,0,0.04857668639348939,0,0.02519173245299318,0,0,0,0,fully_open
0,0,0.0515,0.0866,81,1573,231,12,10,0,10,0.01288503924113784,0.00573111674348535,0,0.00848624067341042,0.00592770068319844,0.0097446068485555,0,0.0142393009332012,0,0,0.01125216240784654,1,0,0,0,0.02494252969230583,0,0.04474313186138453,0,0,0,0,0,0,0,0,0,0,0,0,0,0,0,0,0,0,0,0,0,0,0,0,0,0.02346743894434311,0,0,0,0,4,0,0,0.01396535371306921,0,0,0,0.01283976034556439,0,0,0.03034770004815285,0,0,0.04771258541398568,0.01557420479791263,0,0,0,0,0,0,partially_open
0,0,0.0341,0.1638,41,1203,177,6,15,0,14,0.05907790492061703,0,0,0,0.03882643947494982,0.01276543497160771,0,0.00932674211124679,0,0,0.04422099826283692,0,0,0,0,0,0,0,0,0,0,0,0,0.02682641990954318,0.02694147295933219,0,0.01313043899380298,0,0,0,0,0,0,0.01745830537339655,0,0,0,0,0,0,0,0,0,0.01537117250854474,0,0,0,0,4,0,0,0,0,0,0,0,0,0,0,0,0,0,0,0,0,0.0363415455442469,0,0,0,closed
0,1,0.0498,0.1964,59,1184,168,8,18,0,15,0.01814989398482858,0,0.03188828519356418,0,0.04174885965048367,0,0,0.01002875495832988,0,0.01456769563505935,0.07924910082945685,0,0,0,0,0,0,0.0315126358808676,0.04678160639267851,0,0,0,0,0.01442280640298021,0,0,0.02823750321247952,0,0,0,0.01950543094812231,0,0,0,0,0,0.03015965038816719,0,0,0,0,0,0,0,0,0,0.02057986132475551,0,4,0.03582813470801064,0,0,0.01899023357504814,0,0,0,0,0,0,0,0,0,0,0,0,0.0586153960391079,0,0,0,fully_open
1,0,0.0742,0.1317,137,1846,243,16,18,0,14,0.00499390574138774,0.01776985309814394,0.01754799126036372,0.01973427564881831,0.00918968981655616,0.00755351181751935,0,0.00551878231434721,0,0,0.00872209038714732,0,0,0,0,0.01933415023486428,0,0,0.00643593105698091,0.01006511897017509,0,0,0.04443354692520003,0,0,0.00985803706463014,0,0,0,0,0,0,0.01029654577559891,0,0,0,0.00829836534348978,0,0,0.01198197252305187,0,0,0,0,0,0,0,0,2,0.01971607412926029,0.6667,0,0,0,0,0.01990542728128918,0,0.01003278468335805,0,0.01230438782059074,0,0,0,0,0,0,0,0,0.01189299100018476,fully_open
0,0,0.0882,0.1634,98,1111,153,14,14,0,11,0.03125815075164922,0,0.01372967834722902,0,0,0,0,0,0,0,0,0,0,0,0,0,0.01139816182142458,0,0.02014208053018102,0,1,0,0,0,0,0,0,0,0,0,0,0,0,0.01616509756795977,0,0,0,1,0,0,0,0,0,0,0,0,0,0,2,0,0.6667,0,0.03270540226813846,0,0,0,0,0,0.01840531808475937,0.01925408834888736,0,0,0,0.01735235844402671,0,0,0,0,0,partially_open
0,0,0.0655,0.1497,67,1023,147,10,13,0.02685081780278652,9,0.01096065026356531,0,0,0,0.01008478947401294,0.04973546092834174,1,0,0.01688463201141348,0,0.01914328929127139,0,0,0,0.01744460872284992,0.0424346933726242,0,0,0.04237684475180942,0,0,0,0,0,0,0,0,0,0,0,0,0,0,0,0,0,0,0,0,0,0,0.02136448168931495,0.02558039841195736,0,0,0,0,0,3,0,0.3333,0,0,0,0,0,0,0,0,0,0,0,0,0,0,0,0,0,0,partially_open
1,0,0.0603,0.2184,92,1526,206,9,26,0,19,0.0063937126537464296,0.00568769919239834,0,0.00842195097133913,0,0,0,0,0,0,0,0,0,0,0,0,0.0186515375259675,0,0.00823994203507405,0,0,0,0,0,0.01020510339368643,0,0,0,0,0,0,0.01242346302968794,0,0,0,0.08108142270813082,0,0,0.01324772711945157,0,0,0,0,0,0,0,0,0.07288441883612881,3,0,0.3333,0,0,0,0,0,0,0,0,0,0,0,0,0.0141973841814764,0,0,0,0.0305667598600058,0,closed
0,0,0.0117,0.007,82,7028,999,10,4,0,3,0,0.00141655904414449,0,0,0.00293029731886413,0,0,0.00527928798749818,0.00981220124436859,0,0.01112477943719168,0,0,0.0069389300361169,0.01013762167290146,0.00205501345263651,0,0.01105915146007806,0,0.01604721798075085,0,0.00711521901178727,0,0,0,0,0,0,0,0,0,0,0,0,0,0,0.00529216506811235,1,0,0,0,0,0,0.00870066368408192,0.00965085789668994,0.00342265109089693,0,0,3,0.00314341181872168,0.3333,0,0,0,0.01854823449408332,0.00634720228403372,0,0,0,0.00784694921388617,0,0,0.00384947326137085,0,0,0.00685689538570696,0,0,0,partially_open
0,0,0.0738,0.1204,96,1301,191,11,13,0,10,0,0,0.01528665218041994,0,0,0,0,0,0,0,0,1,0,0,0,0,0,0,0,0,0,0.0129589899527397,0,0.01382805149976453,0.01388735719553205,0,0.01353653504515771,0,0.0154699330672373,0,0,0,0,0,0.01526396949063022,0,0,0,0,0,0,0.08479716959161089,0,0,0,0,0.01973120724950786,0,3,0,0.3333,0,0,0,0,0,0.03843979715593588,0,0,0,0,0,0.02103320441779953,0,0,0,0,0,0,fully_open
0,0,0.0359,0.1615,46,1283,192,6,16,0,15,0.00835613930984682,0,0,0,0.0076884038564257,0,0,0.01846879625989463,0,0,0,0,0.01754412714784035,0,0,0.01078373395937974,0.01218813343281045,0,0.01076903315475025,0,0,0.02489152525575745,0,0,0,0,0.01300043464732968,0,0,0.0160846688142985,0,0,0.01722887362451699,0,0,0,0,0,0,0.02004904313263135,0,0,0.05850566369467475,0,0,0,0,0,4,0,0,0,0,0,0,0.01665355054721718,0,0,0,0.02058853011564193,0.01751504932929272,0,0,0.01855499714806817,0,0,0,0,0,partially_open
0,1,0.0792,0.2138,83,1048,159,11,19,0,15,0,0.00938470366745727,0,0,0,0.01595679371450964,0,0,0,0,0,0,0,0.03064694099284964,0,0,0.01538751845892319,0,0,0,0,0,0.04693293393974254,0,0,0,0,0.02660789732338259,0,0,0,0,0.04350290590190542,0,0,0,0.01753029678812218,0,0,0,0,0,0,0,0,0,0,0,4,0,0,0,0,0,0,0.0210251075658617,0,0,0,0,0,0,0,0,0,0.02271346596515431,0,0,0.07537183046367096,fully_open
0,0,0.033,0.1015,72,2185,325,9,21,0,12,0.00537560554327725,0.01434604382286461,0.00944461950000467,0,0,0.00813085030038708,0,0,0,0,0.00938874697724775,1,0,0,0,0,0,0,0,0,0,0,0,0,0.00858008692972362,0.01061151760460187,0,0,0,0,0.01155417247245461,0.01044520458547012,0,0,0.00943060535408364,0,0,0,0.02227643286328163,0.01289779207895392,0,0,0,0,0,0,0,0,4,0,0,0,0,0.01466614708913405,0.03756903547209234,0,0,0,0.01266098314110835,0,0,0.01327037938265843,0.03898511137311888,0,0,0,0,0,0.01280200942058105,partially_open
0,0,0.0399,0.1484,69,1730,256,8,19,0,19,0.00598560333542219,0.00532465456309632,0,0.02365313889822904,0,0,0,0,0,0,0,0,0.01256706980093528,0.008694167657546,0,0,0,0,0.0231419648644633,0,1,0,0,0,0,0.01181566144625882,0,0,0,0.02304328440062622,0,0.02326095205558594,0,0,0,0,0,1,0,0,0,0,0,0,0,0,0,0,4,0.04726264578503531,0,0.02594980619024207,0.0125254732090743,0,0,0.01192913904446053,0,0,0,0,0,0,0,0.0132911681698928,0.01500784061029381,0,0.0314384027908226,0,0.01425471970944131,fully_open
0,0,0.099,0.1956,152,1535,225,20,24,0,20,0,0.01773487307236019,0,0,0,0,0,0.01468778285235715,0,0.01066768263039779,0,0,0,0,0,0,0,0,0,0,0,0,0,0,0,0.01311817530647633,0,0,0,0,0,0,0,0,0,0,0,1,0,0,0,0,0,0,0,0,0,0,4,0,0,0.01440520737332335,0,0,0,0,0,0,0,0,0,0,0,0,0,0,0,0,0,closed
0,0,0.0778,0.1538,81,1041,130,10,11,0,9,0.01722387898560263,0,0,0,0.01584752631630604,0,0,0,0,0,0,0,0,0,0,0,0,0,0,0.01735719495877133,0,0,0,0,0,0,0,0,0.01531207660736753,0,0,0,0,0,0,0,0.02862089271530151,0,0,0,0,0,0,0,0,0,0,0,1,0,1,0.01866797282053129,0,0.04699153251008257,0,0,0,0,0,0.02121879124163097,0,0,0,0,0,0.01854160486951372,0,0,0.02050934162276761,closed
1,0,0.0182,0.0791,33,1817,253,4,11,0,9,0,0.01586147098725172,0,0,0,0.00898974293775191,0,0.00656812824735689,0.00915575116111857,0.00954081474690506,0,0,0.0124785693093794,0.01726588224949276,0,0,0.02600707345170116,0,0,0.01197890919689852,0,0.00885226778461796,0,0,0,0,0,0,0,0.01144050387495879,0,0.01154857126703386,0,0.01229458124887081,0.02085359212100186,0.01256191056041463,0,0,0,0,0,0,0,0,0,0,0.01347835988170607,0.01355034265685775,3,0,0.3333,0,0.01243726565126392,0,0,0.03553539306906202,0,0.01194042684146135,0,0,0,0,0,0,0.13411936432720314,0,0,0,0,closed
0,0,0.0394,0.0966,85,2156,321,11,18,0.01253038164130037,13,0,0.01365047806175603,0,0,0.02823741052723622,0,0,0.01130514195302641,0.00787949493865962,0.00821088299430617,0,0,0,0.00742956145281203,0.00814081740399662,0.04620666611685747,0.007460615010387,0,0.01977586088417773,0.0412364874172022,0,0,0.0341330428652673,0,0,0.01009701978134845,0,0,0,0.02953730091352997,0,0,0.01054615900652252,0,0,0,0.0084995378366653,0,0,0,0,0,0,0,0,0,0,0.01166150701378061,3,0.01009701978134845,0.3333,0.01108764446310343,0.02140717239369063,0,0,0.01019399154708445,0,0.01027600370598492,0,0,0,0,0,0.01135790734518112,0,0,0,0,0.01218130593352258,fully_open
0,0,0.1394,0.2,138,990,150,16,16,0.02552485149153779,14,0.01041938358388307,0,0.01830623779630536,0,0,0,0,0.01151449643363801,0,0,0,0,0,0,0,0,0,0,0,0,0,0,0,0,0,0.0205680032583024,0,0,0,0,0,0,0,0,0,0.04404422961923155,0,0,0,0,0,0,0,0,0,0,0,0,3,0,0.3333,0,0,0,0,0,0,0,0,0,0,0,0,0,0,0,0,0,0,partially_open
0,1,0.0682,0.1559,102,1496,186,13,17,0,12,0.01978054852252802,0.00586543979216079,0,0.00868513693919347,0.01213326233592181,0,0,0.00728651727441155,0.01015716144436592,0.0105843413598478,0,0,0.01384341282759277,0,0.0104940224348394,0.01701808015464616,0,0,0,0,0,0,0,0,0.01052401287473913,0,0.01025815546390857,0,0.0351699259575473,0,0,0.02562339249873139,0,0,0.01156722687961821,0,0,1,0.01366171859193443,0,0.0127915868431534,0.01285207101622852,0,0,0,0,0,0,3,0,0.3333,0,0,0,0,0,0,0,0,0,0.01382046861139504,0.01627694971154199,0.0159392252228637,0,0,0,0,0.01576098555281549,0,fully_open
0,0,0.507,1.0811,144,284,37,17,22,0,18,0,0,0,0,0,0,0,0,0,0,0,0,0,0,0,0,0.07034294152650601,0,0,0,0,0,0,0,0,0,0,0,0,0.04641575857840424,0,0,0,0,0,0,0,0,0,0,0,0,0,0,0,0,0,0,3,0,0.3333,0,0,0,0,0,0,0,0,0,0,0,0,0,0,0,0,0,0,closed
1,0,0.0525,0.09,76,1447,200,10,10,0,8,0.006593516174176,0.02932719896080397,0,0,0.0060666311679609,0.00997299607156852,0,0.01457303454882311,0,0,0,0,0,0.00957716906026551,0,0.05956328054126158,0,0,0.01699488044734023,0,0,0,0,0,0,0.065078447809472445,0,0.01662993582711412,0,0.01269180898628241,0,0,0,0.02727860214593211,0,0,0,0,0,0.01581994809684192,0,0,0,0,0,0,0,0,3,0,0.3333,0,0,0.01798894603901598,0,0,0,0,0,0,0,0,0,0,0,0,0,0,0,closed
1,0,0.032,0.0795,54,1686,239,9,11,0,8,0.03723397368946452,0,0.02180595972795197,0,0.01712931153306609,0,0,0.01371579722242175,0,0,0.0108384799663816,0,0,0,0,0.01601701661613756,0,0.01077454094456135,0.00799759079874834,0,0,0.00924280901040993,0,0.00986265437850852,0,0,0.00965473455426689,0,0.01103370226119131,0,0,0,0,0.01283698924514452,0,0,0.01031193928713069,0,0,0,0.01203914055826203,0,0.04344905906736875,0.01130233272687113,0,0,0,0.01414815189171912,4,0,0,0,0.01298596854764321,0,0,0.01236771033285982,0,0.01246721037858464,0,0.01529001133588114,0,0,0,0,0,0,0,0,0,partially_open
0,0,0.0837,0.1439,77,920,132,9,11,0,8,0,0,0,0.01634849306201125,0,0,0,0.0274315944448435,0,0,0,0,0,0,0,0,0,0,0,0,0,0.05545685406245962,0,0,0.07923962635097702,0,0,0,0,0.02389046397417865,0.02667654526728492,0,0,0,0,0,0,0,0,0,0.02407828111652406,0,0.08689811813473751,0.02260466545374227,0,0,0,0,4,0,0,0,0,0,0,0,0.02741662003033662,0,0,0,0.02601499973909655,0,0.03000324747833168,0,0.06223839782504198,0,0,0,0,closed
0,1,0.049,0.1196,63,1286,184,9,12,0,10,0,0.01486685729498181,0,0.03302071865990391,0.03075361542570282,0,0,0.00923439812994731,0.01287244222652315,0.01341381875307445,0.02918877773124549,0,0.0701765085913614,0,0.01329935516494498,0.02156746791875949,0.01218813343281045,0,0,0.01684163471247119,0,0.01244576262787872,0,0,0,0,0,0,0,0.0160846688142985,0,0.01623660514771098,0,0,0,0,0.02777076718910444,0,0,0.02004904313263135,0,0,0,0.01521898268172746,0,0,0,0,4,0.03299026265193058,0,0,0.01748605665821264,0,0,0.01665355054721718,0,0,0,0,0,0,0,0,0,0.01799086413081529,0,0,0,fully_open
0,0,0.0977,0.1284,100,1024,148,14,11,0,8,0,0,0,0,0,0,0,0,0,0,0,1,0,0,0,0,0,0,0,0,0,0,0,0,0,0,0,0,0,0,0.02061369407017471,0,0,0,0,0,0,0,0,0,0,0,0,0.01746724148698266,0,0,0,0,4,0,0,0,0,0,0.02234219154969128,0,0.02118557002344193,0,0,0,0,0,0,0,0,0,0,0,0,partially_open
0,1,0.0806,0.1183,92,1142,186,12,11,0,11,0.01758270979780268,0.01564117277909545,0,0.03474054775677391,0.00808884155728121,0,0,0,0,0.01411245514646374,0,0,0,0.01276955874702068,0,0,0,0,0,0.01771880318707907,0,0.01309397943141407,0.01955538914155939,0,0,0,0,0,0.01563107820335435,0,0,0.01708226166582092,0,0,0,0,0.01460858065676848,0,0,0,0,0,0,0,0,0,0,0.02004321517993542,4,0.01735425274919265,0,0,0,0,0,0.01752092297155141,0,0,0,0,0,0,0,0,0,0,0,0,0.02093661957324193,fully_open
0,0,0.0786,0.1916,89,1132,167,11,16,0,16,0,0,0,0,0.00844053032064126,0,0,0,0,0,0.0320442016397369,0,0.01926040045578125,0,0,0.02367732891081205,0.01338045083384625,0,0,0,0,0,0.02040562345206197,0,0,0,0,0,0,0,0,0,0.01891430691387191,0,0,0.0193890358649878,0,1,0,0,0.0177969903904743,0,0,0,0,0,0,0,4,0,0,0,0,0,0,0,0,0,0,0,0,0,0,0,0,0,0,0,0,fully_open
0,0,0.0486,0.2357,52,1071,157,8,21,0,16,0,0,0,0,0,0,0,0.03041328949319606,0,0,0,0,0.03852080091156251,0,0,0,0,0,0,0,0,0,0,0.01457957603779521,0.07321052434601139,0,0.01427221629761193,0,0,0,0,0,0,0.01897641888412668,0,0,0,0,0.01900760847573486,0,0,0,0.06422904383871902,0.01670779620493993,0,0,0.04160711093917962,0,3,0,0.3333,0,0,0,0,0,0.02026445828329228,0.03685957851059809,0,0,0,0,0,0,0,0,0,0,0,partially_open
1,0,0.0686,0.2286,80,1166,175,9,23,0,17,0.04096942088808393,0.02915636090860511,0,0.01079317988559966,0.0150782289223106,0,0,0.00905508942839494,0,0,0.01431100267405725,0,0.01720346448477549,0.01190172465741733,0,0.0105743410669646,0,0,0,0.01651461267921932,0,0,0.0729055284500855,0,0,0.06469935005524251,0,0.02066632801816123,0,0,0,0,0,0,0,0,0.01361576449562887,0,0,0.01965974132423073,0,0,0,0,0,0.01761169978811043,0,0,3,0.01617483751381062,0.3333,0.01776176054768996,0,0,0,0,0,0,0,0,0,0,0,0.01819470594130956,0,0,0,0,0,closed
0,0,0.0795,0.1871,95,1195,171,11,18,0,14,0,0,0,0.03403155698622751,0,0,0,0,0.0132664965803963,0,0,0,0.03616238452922194,0,0.01370647828223922,0,0,0,0.02219739486999541,0,0,0.01282675536138521,0,0.0136869489334404,0,0,0,0,0,0,0,0.03346728816160834,0,0,0,0,0,0,0,0,0,0.0503591354105281,0,0,0,0,0,0,3,0,0.3333,0,0,0,0,0,0,0,0,0.04243758248326195,0,0,0,0,0,0,0,0,0,closed
1,0,0.0566,0.0955,93,1642,220,11,12,0,9,0,0.00503876706977571,0,0.02238317170906238,0,0,0,0,0,0,0,0,0,0,0,0.00730977939528425,0.01652350975454839,0,0.00729981442033406,0,0,0,0,0,0,0,0,0,0,0.02180606107710266,0,0,0,0,0.00993694658114853,0,0,0,0,0.01359029098252192,0.01098874574445393,0,0,0,0,0,0,0.02582749875535302,3,0.01118126351625835,0.3333,0,0.01185296458039917,0,0,0,0.01251228296686503,0,0,0,0,0,0,0,0.01420205051041226,0,0.02975043485574487,0,0,closed
1,0,0.059,0.1746,78,1322,189,10,19,0,14,0,0,0.02745935669445804,0.01029349563163671,0.02157024415274989,0,0,0,0,0,0,0,0,0,0,0.01008478823979032,0,0.01356794044870688,0.01007104026509051,0,0,0,0,0,0,0.0154260024437268,0,0.01970955357287599,0,0.01504214398374211,0,0.03036846518368164,0,0.01616509756795977,0,0,0.0259708100564773,0,0,0,0,0,0,0.01423256713754143,0,0.01679634331643865,0,0.05344857381316113,4,0.0462780073311804,0,0,0.04905810340220769,0,0,0,0,0,0,0,0,0,0,0,0.09796784842830682,0,0.02052229071067586,0,0.03722065701909677,partially_open
0,1,0.0633,0.0474,108,1706,253,15,6,0,6,0,0,0,0.00756256821916166,0.00528250877210201,0.00868396936844062,0,0,0,0.00921629723850693,0,0,0,0.00833930367152371,0,0.00740923217617248,0,0,0,0.02314292661169511,0,0,0.08939606464712864,0,0,0.02266677910098632,0,0,0,0.01105137109009624,0,0,0.01183752541548446,0,0,0,0.00954029757176717,0,0,0.02755038580130294,0,0,0,0,0,0,0,0,4,0,0,0,0.01201422940462229,0,0,0.02288447081998552,0,0.0115342898740647,0,0,0,0,0,0,0,0.01236106991300914,0.01507760133845573,0,0,fully_open
0,1,0.0654,0.0949,135,2063,316,19,18,0,12,0,0,0,0.01482263370955687,0.00517685859665997,0.00851028998107181,0,0,0,0,0.02948066550855795,0,0,0.00817251759809324,0,0,0.0082066765114257,0,0,0.0113400340397306,0,0,0,0,0,0,0,0,0,0,0.01209336718783583,0,0,0,0,0,0,0,0,0,0,0,0,0.01024744833902983,0,0,0,0.02565531543031734,4,0,0,0,0.01177394481652984,0.01535056728662697,0,0,0,0,0,0,0,0,0,0,0.01410737017367618,0.04845539405899587,0,0,0,fully_open
0,0,0.0571,0.2229,66,1155,175,8,22,0,17,0.02693521500939985,0.00798698184464448,0,0,0.02478283370741477,0,0,0.00992206607579446,0,0,0.04704361517323077,1,0,0,0,0.02317355595526286,0,0,0,0,0,0.02674514947693088,0.01997146125095427,0,0.01433057072304903,0,0,0,0,0,0,0.01744571404168946,0,0,0,0,0,1,0,0,0.01741833102046421,0.01750069244763033,0,0,0,0,0,0,4,0,0,0,0.01878820981361146,0,0,0,0,0,0,0,0,0,0.02170447689921866,0,0.02251176091544072,0.03866121866409244,0.02357880209311695,0.02146176756128067,0,fully_open
0,0,0.0551,0.0773,68,1235,181,9,8,0,6,0,0.00708279522072246,0,0.02097542506069368,0.02197722989148103,0,0,0,0,0,0,0,0,0,0,0,0,0,0,0.01604721798075085,1,0.02371739670595757,0,0,0,0,0,0.02008143194217554,0,0,0,0,0,0,0.02793594416209683,0.0168282198073479,0.01323041267028089,0,0,0,0,0.01551948198186086,0,0,0,0,0,0,4,0.01571705909360844,0,0,0,0,0,0.01586800571008429,0,0,0,0,0,0,0,0,0,0,0,0,0.01896146678331345,fully_open
0,0,0.0788,0.1005,114,1447,199,15,10,0,10,0,0.01080253659563426,0,0,0.00558653805394961,0,0,0.00670988641096891,0.03741342920514642,0,0.02120911187666039,0,0,0,0,0,0.01771225146350871,0,0,0,0,0,0,0,0,0,0,0,0,0.01168742122477804,0,0,0,0,0,0.01283303093222214,0,1,0,0,0,0,0,0,0,0,0,0,4,0.05992835481735592,0,0,0,0,0,0.0605039066643502,0,0,0,0,0,0,0,0,0,0,0,0.0145137133148229,0,partially_open
1,0,0.0496,0.1429,63,1270,168,6,13,0,11,0,0,0.01453730648530131,0,0,0,0,0.0274315944448435,0,0,0,0,0,0,0,0,0.0120686419285672,0,0,0,0,0.02464749069442649,0,0.02630041167602273,0.0132066043918295,0,0.02574595881137839,0,0,0,0,0,0.01705996309878644,0.0171159856601927,0,0,0,0,0,0,0.01605218741101604,0,0,0,0,0,0,0,4,0,0,0,0,0,0.01927561623894934,0,0.01827774668689108,0,0,0,0.0346866663187954,0,0,0,0,0,0,0,0,partially_open
0,1,0.0714,0.2067,69,967,150,9,17,0,14,0,0.01853768625670572,0,0.02744932168436457,0.04793387589499977,0.01575979626124409,0,0,0,0,0,0,0,0,0,0.02689276863944085,0,0,0.01342805368678734,0.02100006303653815,0,0,0.02317675750110742,0,0,0,0,0,0,0.02005619197832282,0,0,0,0,0,0.02202211480961577,0.06925549348393947,1,0,0,0,0,0,0,0,0,0.02362872966916373,0,4,0,0,0,0,0,0,0,0,0,0,0,0,0,0,0,0,0,0,0,0,fully_open
0,0,0.0383,0.1771,49,1280,175,5,17,0,14,0,0,0,0,0,0,0,0,0,0,0,0,0,0,0,0,0,0.0145082927570331,0,0,0,0,0,0,0,0,0,0.02107556223634265,0,0,0.01796044631856806,0,0,0,0,0,0,0,0,0,0,0,0,0,0,0,0,0,4,0,0,0,0,0,0,0,0,0,0,0,0,0,0,0,0,0,0,0,0,fully_open
0,0,0.9378,1.4286,196,209,28,24,22,0,18,0,0.02346175916864317,0,0,0,0,0,0,0,0,0,0,0,0,0,0,0,0,0,0,0,0,0,0,0,0,0,0,0,0,0,0,0,0,0,0,0,0,0,0,0,0,0,0,0,0,0,0,2,0,0.6667,0,0,0,0,0,0,0,0,0,0,0,0,0,0,0,0,0,0,closed
0,0,0.0432,0.2188,45,1042,160,6,22,0.0246132496525543,13,0,0,0,0.02646898876706583,0,0.01519694639477108,1,0.01110326441815094,0,0,0,0,0,0,0,0.03889846892490552,0,0,0,0,0,0,0,0.0159681070890138,0,0,0.01563147499262259,0,0.01786408937526212,0,0.02159529854970684,0,0,0,0,0,0,0,0,0,0,0,0.07034609563288274,0.03659802978224939,0,0,0.02278484646669359,0.02290653163421191,3,0,0.3333,0,0.02102490145808901,0,0,0,0,0.02018500727961323,0,0.02475525644856947,0,0,0,0.06693052542696018,0,0,0,0,0.1674929565859355,partially_open
0,0,0.1109,0.2645,103,929,121,9,18,0,14,0,0.02448183565423636,0.01611744849457319,0,0,0,0,0,0.02826340575823561,0,0,0,0,0,0.02920075807955312,0,0,0,0,0,1,0,0.06121687035618592,0.01457957603779521,0,0,0,0,0.03262138059830474,0,0.01971744650190624,0,0,0,0.01609353304990361,0,0,1,0,0,0.05339097117142291,0,0,0.01670779620493993,0,0,0.02080355546958981,0.02091465931819348,3,0,0.3333,0,0,0,0.021370791917096,0,0.02026445828329228,0,0,0,0,0,0.0221763133535495,0,0.02300114702229812,0.0197508399696994,0,0,0,fully_open
0,1,0.0533,0.1074,99,1857,270,13,16,0,13,0.00578061691982554,0.00514230337942864,0.02031240084247581,0,0,0,0,0,0.00890490866355368,0,0,0,0,0,0.00920023884698248,0,0,0,0.0148996212141065,0,0,0,0.01285833806568288,0,0,0,0.02698035409685543,0,0.01027796922960286,0,0,0,0.02383720871337282,0.03587323021930798,0.0202822608300155,0,0,0,0,0,0,0.01126756911011816,0,0,0,0.04969876926507875,0,0,3,0,0.3333,0,0,0,0,0,0.02553876934332726,0,0,0,0,0.01427020248683133,0,0.03850797353331955,0,0,0,0,0,fully_open
1,0,0.0761,0.2065,82,1078,155,12,17,0,15,0,0,0,0,0,0,0,0.01123703868824914,0,0,0,0,0.02134887761363705,0,0,0,0,0,0,0,0,0,0,0.03232098784282312,0,0,0,0,0,0,0.02185548286958283,0.01975779662552782,0,0,0,0,0,0,0,0,0.01972678452920043,0.03964012265246389,0,0.01851948495005391,0,0,0,0,3,0,0.3333,0,0,0,0,0,0.0224618091814806,0.02042820013840376,0.02394908859221701,0.02505351255035947,0,0,0,0,0,0,0,0,0,partially_open
0,0,0.0554,0.1018,87,1570,226,14,13,0,10,0,0.01846171213270283,0,0,0,0,0,0,0.0106566939744167,0.01110488273820098,0,1,0,0,0.01101012189884789,0,0,0,0,0,0,0,0,0,0,0,0,0.01744780152352957,0,0,0,0,0,0,0.01213610689009124,0,0,0,0,0.01659797833111283,0.01342068127806259,0,0,0,0.02096292903789209,0,0,0,4,0,0,0.01499558472468907,0,0,0,0,0,0,0,0,0,0.01707745543506045,0,0,0,0,0,0,0,fully_open
0,0,0.0473,0.1408,69,1460,206,12,16,0,13,0,0.00641689139655198,0,0,0.0597329838076151,0.01091062818086129,0,0.00797157445405708,0,0,0,0,0,0,0,0,0,0,0,0,0,0,0,0,0.02302689996524119,0,0,0.0363868681345403,0,0,0,0,0,0,0,0,0,1,0,0,0.01399421466601398,0,0,0,0.02185878070617808,0,0,0,4,0,0,0,0,0,0,0,0,0,0.03397904877186346,0,0,0,0,0,0,0,0,0,0,fully_open
0,0,0.0415,0.0774,101,2433,349,13,14,0,13,0.00856822406390384,0,0,0.03385880796599284,0.02759239353549733,0.01295983245848498,0,0.0047343868585009,0,0,0.05985921930671664,1,0,0.01866818740681197,0,0.02764358197709021,0.00624873846047642,0,0.01104235886933781,0.02590363105522219,0,0,0,0,0,0.00845689474072332,0,0,0,0.04123227284883626,0,0,0,0,0,0,0.00711890224898362,1,0,0,0,0,0,0,0,0.00920814760495114,0,0,4,0.00845689474072332,0,0,0.00896493260141866,0.02337649840603092,0,0.00853811474755805,0,0,0.05045112571456883,0,0,0,0,0,0,0,0.07875559277802514,0,0,partially_open
0,0,0.0918,0.2055,113,1231,146,11,15,0,15,0.00740324623065376,0.00658575695961913,0,0,0,0,0,0,0,0,0,0,0,0,0,0,0.02159651713533079,0,0.00954098551429627,0,1,0,0,0,0,0,0,0,0,0,0,0,0,0.01531430295911978,0,0,0,1,0,0.01776274874031374,0,0,0,0.01348348465661819,0,0,0,0,4,0,0,0.01604790645975496,0.03098406530665749,0,0,0,0,0,0,0,0,0,0,0,0,0,0,0,0,fully_open
0,0,0.0212,0.0633,49,2311,332,9,11,0.01111566113341162,10,0.01814989398482858,0,0.00797207129839104,0,0.06679817544077388,0,0,0,0.00698987454235934,0,0.02377473024883705,0,0,0,0,0,0.00661828750921427,0.0157563179404338,0,0,0,0.02027454879702825,0,0.01442280640298021,0.00724233144068069,0,0.01411875160623976,0,0.01613530653249482,0,0,0,0,0,0,0,0.08293903856745978,1,0,0,0,0,0,0.00826407124115308,0,0.00975271547406115,0,0.02068977050832043,4,0,0,0,0,0,0,0.01808611403514985,0,0.00911580973918017,0,0.01117979323483782,0,0,0,0.01007556296749938,0,0,0,0,0.01080599719909261,partially_open
0,0,0.074,0.1907,106,1433,194,13,19,0,18,0,0,0.01235671051250611,0,0.01294214649164993,0,0,0,0,0,0,1,0,0.01021564699761654,0,0,0,0,0.00906393623858146,0.01417504254966325,0,0,0.01564431131324751,0,0,0,0,0,0,0.0135379295853679,0,0,0.01450096863396847,0,0,0.0297298549929813,0.02337372905082957,1,0,0,0.01364435929936363,0,0,0,0,0,0.01594939252668552,0.01603457214394834,4,0,0,0,0.01471743102066231,0,0,0.0420502151317234,0.01553608468385741,0,0,0,0,0,0,0,0,0,0,0,0.01674929565859355,partially_open
0,1,0.0709,0.1208,98,1383,207,12,14,0,11,0,0.01328807598932003,0,0.00983803122315721,0,0,0,0.00825375408074937,0,0.01198934242531433,0,0,0,0,0,0.04819279335829003,0,0,0,0.03010628506123169,0,0,0,0,0,0,0,0,0,0,0,0,0,0,0,0,0.01241082958451127,1,0,0,0,0,0,0,0,0,0,0,4,0.01474343596391588,0,0,0,0,0,0.01488503190503483,0,0,0,0.01840213753698969,0,0,0,0,0.01872659757567634,0,0,0,0,fully_open
0,0,0.0762,0.0909,104,1365,198,13,10,0,8,0.02961298492261505,0.00658575695961913,0,0.058510396221935,0.02043496814471043,0,0,0.00818135272916385,0,0,0.03879034935336572,0,0,0.01075331262907005,0,0.0095540099113803,0,0,0,0.07460548710349083,1,0,0.03293539223841581,0,0,0,0,0,0,0.07125226097562054,0,0,0.01526417750944049,0,0,0,0,1,0,0,0,0,0,0,0,0,0.01678883423861633,0.01687849699362983,4,0.04384232273480248,0,0,0,0,0,0.04426338434918252,0,0,0,0,0,0,0,0,0,0.03187854872302359,0,0.01769654518210862,0,fully_open
1,0,0.038,0.1173,57,1501,196,5,13,0,10,0,0.01693480361044921,0,0,0,0.00959807140722384,0,0,0,0,0,0,0,0,0,0,0.00925565020085605,0,0,0,0,0,0.05646067240871282,0,0,0,0,0.01600475026970381,0,0.01221467331010637,0,0,0,0.01312654539353124,0,0.02682392931697561,0,0,0,0,0,0,0,0,0,0.02727827185226127,0,0,4,0,0,0,0.01327888513142464,0,0,0,0,0,0.01494567182822565,0.01563489880962282,0.01330090212224485,0.01566503430885244,0,0,0.01591056786504832,0,0.03332943453763899,0,0,closed
0,0,0.0814,0.0791,151,1855,253,19,11,0,9,0.01035546098520894,0,0.00909696479448303,0.02046069070337605,0.01429194091102447,0.00783155519730534,0,0.00572192767561152,0.00797617585815238,0.01662326004982232,0,0,0,0,0.00824070473410701,0.00668194558219235,0,0,0,0,0,0,0,0.00822896316243656,0,0,0,0,0,0,0,0,0,0,0,0.02188700981078378,0,0,0.0107282207347706,0,0,0,0.02416798377571431,0.00943016718315628,0,0,0,0,2,0,0.6667,0,0,0,0.01206204206363701,0,0,0,0,0.01275731007165543,0,0,0,0,0.01298224249111305,0,0,0,0,partially_open
1,0,0.0824,0.2482,84,1020,137,7,20,0,14,0.0091735877205927,0.02448183565423636,0,0.06041834392482419,0,0,0,0,0,0,0,0,0,0,0,0,0,0,0,0.01848918593434338,0,0.01366328288495381,0,0,0,0.05432635643225526,0,0,0.01631069029915237,0.05297450707317876,0,0,0,0,0,0,0,0,0,0.02201036256951919,0,0,0,0,0,0,0,0,4,0.03621757095483684,0,0,0,0,0,0.09141351115592042,0.02026445828329228,0,0,0,0,0,0,0,0,0,0,0,0,closed
0,0,0.0352,0.2222,41,1164,144,6,18,0,14,0,0.00758359892319779,0,0,0,0,0,0,0.02626498312886542,0,0,0,0,0,0.02713605801332209,0,0,0,0,0,0,0.01269719217591668,0,0,0,0,0.01326306969071008,0,0.01515740916688907,0,0,0,0,0,0,0,0,1,0,0,0.01653861733256198,0.04985045727506822,0,0,0,0,0,0,4,0,0,0,0,0,0,0,0,0,0,0,0,0,0.02060829119723792,0,0.02137480329344876,0.01835431593143783,0,0,0,fully_open
0,0,0.0788,0.22,81,1028,150,12,19,0,14,0.01082012910634011,0,0,0,0.00995549730126918,0,0,0,0.03333632474048303,0,0.01889786250548586,0,0,0,0.03444191978613958,0,0,0,0,0,0,0,0,0,0,0.02135908030669864,0,0,0,0,0,0,0.02230918251379764,0,0,0,0,1,0,0,0.04198264399804195,0,0,0.01970663142121121,0,0.02325647536122275,0,0,4,0,0,0.02345463251810341,0,0,0,0,0,0,0,0,0.0226797433622893,0,0,0,0.02712955802630035,0,0,0,0,closed
0,1,0.0811,0.1927,126,1554,218,16,24,0,18,0,0.00625646911163818,0,0.00926414606847304,0,0,0,0,0,0.02257992823434199,0,0,0,0,0,0.00907630941581128,0.01025834563928212,0,0,0,0,0,0,0,0,0,0.01094203249483581,0,0,0,0,0,0,0,0,0,0,1,0,0,0,0,0,0.01280931042378728,0,0,0.03189878505337104,0,4,0,0,0,0,0,0.03276854760621388,0,0,0,0,0,0,0,0,0,0.01763421271709522,0,0,0.03362343584600638,0,fully_open
0,0,0.0623,0.127,112,1799,244,14,17,0,14,0.00586090326593422,0,0,0,0,0,0,0,0,0.02822491029292748,0,1,0,0.00851303916468045,0,0,0,0,0,0,0,0,0,0,0,0,0,0,0,0,0,0.01138817444388061,0,0,0,0.01238743958040887,0,0,0,0,0,0,0.01367840748417164,0,0,0.01259725748732899,0,0,4,0,0,0,0,0,0,0,0,0,0,0,0,0,0,0,0,0,0,0,0,partially_open
0,0,0.0675,0.1538,89,1318,195,11,18,0,12,0,0.01155040451379356,0,0,0,0.01963913072555033,0,0,0,0,0,0,0.02726087449125962,0.00942982799779989,0,0,0,0,0,0,1,0,0,0,0,0.01281544818401919,0,0.03274818132108627,0,0,0.01395388521673365,0,0,0,0,0.04116441460566641,0,0,0,0.01557656427996743,0,0,0,0,0,0,0,0,4,0,0,0,0,0,0,0,0,0,0,0,0,0,0,0.01441580547657604,0,0,0,0,0,fully_open
0,0,0.0561,0.1752,53,944,137,7,12,0,12,0.01041938358388307,0.03707537251341144,0,0.01372466084218228,0.01917355035799991,0,0,0,0,0,0,0,0,0.01513429184832081,0,0.06723192159860213,0,0,0,0,1,0,0,0.01655951846268098,0,0.0205680032583024,0,0,0,0,0,0,0,0.02155346342394636,0,0,0.01731387337098487,0,0,0,0,0,0,0,0,0,0,0,4,0.0205680032583024,0,0,0,0,0,0.06229661500996058,0,0,0,0,0,0,0,0,0,0,0,0,0,fully_open
0,1,0.1079,0.1676,155,1437,179,16,19,0,11,0.00675176056235623,0.00600621034717265,0.01186244209200587,0,0,0,0,0,0,0.02167673110496831,0,0,0,0.00980702111771188,0,0,0.01969602362742168,0,0,0,0,0,0,0,0,0,0,0,0,0,0,0,0,0,0,0,0,1,0,0,0,0,0,0,0,0,0,0,4,0,0,0,0,0,0.03145780570196532,0,0,0,0.04770658447569629,0,0,0,0,0,0,0,0,0,0,fully_open
0,0,1.1429,1.9375,104,91,16,12,18,0,13,0,0,0,0,0,0,0,0,0,0,0,0,0,0,0,0,0,0,0,0,0,0,0,0.0958086425340828,0,0,0,0,0,0,0,0,0,0,0.10575750289936656,0,0,0,0,0,0,0,0,0,0,0,0,0,4,0,0,0,0,0,0,0,0,0,0,0,0,0,0,0,0,0,0,0,0,closed
0,0,0.0438,0.1572,68,1553,229,9,22,0,14,0,0.0120124206943453,0,0.03557432090293649,0.00621223031599197,0,0,0,0,0,0,1,0,0,0,0,0.01969602362742168,0,0,0.02721608169535345,0,0.01005617620332601,0.1351668497464585,0,0,0.01332806611137995,0,0,0,0.02599282480390637,0,0,0,0.01396664429871724,0,0,0.01121938994439819,0,0,0.01619962685116613,0,0.01316052072061801,0,0.01229693800683579,0,0,0,0,3,0,0.3333,0,0,0,0,0,0,0.01356432489190009,0,0,0,0,0,0.01499243769563908,0,0,0,0.03227849841216613,0,partially_open
1,0,0.0464,0.1157,77,1659,242,8,17,0,11,0,0.01668391763103515,0,0,0,0,0,0,0,0,0,0,0,0.00908057510899248,0,0.02420349177549676,0.01823705891427933,0,0,0,0,0,0,0,0,0,0,0,0.01111543338905198,0.03610114556098108,0,0,0,0,0,0.05285307554307787,0,0,0,0.01499965449182049,0,0,0,0.01138605371003314,0,0,0,0,3,0.02468160390996288,0.3333,0.01355156545490419,0,0,0,0,0,0,0,0,0,0.06173183890599629,0,0.01388188675522137,0,0,0,0.01494374926489172,0.0148882628076387,closed
0,0,0.0786,0.1592,85,1081,157,8,15,0,10,0,0,0,0,0,0,0,0,0,0.01441272014957999,0,0,0,0.013041251486319,0,0,0,0,0,0,0,0,0,0,0,0,0,0,0,0,0,0,0,0,0,0,0,0,0.01860319127412349,0,0,0,0,0,0,0,0,0,3,0,0.3333,0,0,0,0,0,0,0,0,0,0,0,0,0,0,0,0,0,0,closed
0,0,0.0447,0.1477,76,1702,237,8,20,0,15,0,0.00552041392203368,0,0,0.00570977051102203,0,0,0.00685789861121087,0,0.00996173304456264,0,1,0,0,0,0,0,0,0,0,0,0,0,0,0,0,0.01930946910853379,0,0,0,0,0,0,0,0.01088680176905244,0,0,1,0,0,0,0.03628820051640996,0,0,0,0.01333827263364246,0,0,3,0,0.3333,0.01345192159126519,0,0,0,0,0,0.01246721037858464,0,0,0,0,0,0,0,0,0,0,0,partially_open
0,0,0.0604,0.0697,88,1457,201,10,7,0,7,0,0,0,0.00975173270365583,0,0,0,0.0163627054583277,0,0,0,1,0.01554348106957785,0,0,0.0191080198227606,0,0.01285383831982757,0,0,0,0.02205301798975002,0,0.01176597364453648,0.03544930652543709,0,0,0,0,0,0,0,0,0,0.01298776351395729,0,0,0,0,0,0,0,0.05183396520317675,0,0,0,0.01678883423861633,0,3,0,0.3333,0,0,0,0.01724660400327046,0,0,0.01487316325866238,0,0.01824071527789329,0.01551771914261899,0,0,0,0.03712465835177943,0,0,0,0,fully_open
1,0,0.0603,0.1694,79,1310,183,8,16,0,15,0.01687940140589058,0.00750776293396581,0,0,0,0,0,0,0,0.01354795694060519,0,0,0,0,0,0.04356628519589418,0.01231001476713855,0,0,0,0,0,0,0,0,0,0,0,0,0,0,0.01639897119918809,0,0,0,0,0,0,0,0,0,0.03290130180154503,0,0,0,0,0,0,4,0,0,0,0,0,0,0,0.0186433016206289,0,0.01987774353154012,0.02079441541679835,0,0.02083449563077374,0,0,0,0.01817077277212345,0,0,0.02009915479031225,closed
0,1,0.0377,0.1382,56,1486,217,8,16,0,14,0.02041863073293215,0.00605464752739178,0,0.02689590794072819,0.01878698684271765,0.01029470562226428,0,0.00752156621874741,0,0,0.01188736512441852,0,0,0.00988610999769343,0,0.01756705048221539,0,0,0,0.02743556622515468,0,0,0.01513965610959436,0,0,0,0,0,0,0.03930366653816488,0,0,0,0,0,0,0.02261973779112539,0,0,0,0,0,0,0,0,0,0,0,4,0.01343555051550399,0,0.01475372045493601,0,0,0,0.01356458552636238,0,0,0.01603043833188719,0,0,0,0,0,0,0,0,0,0,fully_open
0,0,0.0924,0.119,137,1483,210,19,14,0,11,0,0,0,0,0,0,0,0.01434883401730275,0,0.02084301067785414,0,1,0,0,0,0,0,0,0,0,0,0,0,0,0,0,0,0,0,0,0,0,0,0,0,0,0,0,0,0,0,0,0.01515146675169782,0,0,0,0,0,4,0,0,0,0,0,0,0,0,0,0,0,0,0,0,0,0,0,0,0,0,partially_open
0,0,0.053,0.2199,72,1358,191,10,22,0.01767105103260309,20,0,0,0.01267354924359602,0.01900337655071393,0.01327399640169224,0.01091062818086129,0,0,0,0,0,0,0,0.0104775866642221,0,0,0,0,0.00929634486008355,0,0,0,0,0,0,0,0,0.01819343406727015,0,0.02777011196998545,0,0,0,0,0,0,0.01198652771837414,0,0,0,0,0,0,0,0,0,0,0.06578286007773679,4,0.01423938687113243,0,0,0,0,0,0.02875228385075104,0,0,0,0,0,0,0,0,0,0,0,0,0.01717876477804466,fully_open
0,0,0.0589,0.3467,56,950,150,10,28,0,24,0,0,0.02031240084247581,0.04568619978973007,0,0,0,0.01277635905650245,0,0,0,0,0,0,0,0.02983992136705081,0,0.02007311737616909,0,0,0,0,0,0,0,0,0,0,0,0,0,0,0,0,0,0,0,0,0,0,0,0,0,0,0,0,0,0,4,0,0,0,0,0,0,0,0.05107753868665452,0,0,0,0,0.02854040497366266,0,0,0,0,0,0,0,fully_open
0,0,0.0399,0.0898,77,1928,323,10,15,0,14,0,0.01021464344757254,0,0.04537540931497,0.01056501754420403,0,0,0.00634472252465768,0,0.03686518895402774,0.03008231174342647,1,0,0.00833930367152371,0,0.04445539305703488,0.01674831941107286,0,0,0,0,0,0,0,0,0,0,0,0.01020805107157835,0,0,0,0,0,0,0.01213463469101277,0,1,0,0,0,0,0,0,0,0,0,0,4,0,0,0,0,0,0,0,0,0,0,0,0,0,0,0,0,0.02472213982601829,0.01507760133845573,0,0.0136728944151784,partially_open
0,0,0.0547,0.1673,96,1755,245,14,23,0,18,0,0,0,0,0,0,0,0,0,0,0,0,0,0,0,0,0,0,0,0,0,0,0,0,0,0,0.02735508123708954,0,0.03126215640670871,0,0,0,0,0,0,0.01238743958040887,0,0,0,0,0,0,0,0,0,0,0.0132911604389046,0,4,0,0,0,0,0,0,0,0,0,0,0.01444056626166552,0,0.05787359897437152,0,0,0,0,0,0,0,partially_open
0,0,0.0527,0.2527,68,1291,186,8,26,0,21,0,0,0,0,0,0,0,0,0,0,0,0,0,0,0,0.01183866445540602,0,0,0.04729010211433805,0,0,0,0,0.01457957603779521,0,0,0,0,0,0,0,0,0.01891430691387191,0,0.01609353304990361,0,0,0,0,0,0,0,0,0,0,0,0,0,4,0,0,0,0,0,0,0,0,0,0,0,0,0,0,0,0,0,0,0,0,partially_open
0,0,0.0443,0.0764,89,2007,275,11,12,0,9,0.00499390574138774,0.01332738982360796,0,0,0.01837937963311233,0,0,0.01103756462869442,0.00769299801703454,0,0.00872209038714732,0,0,0,0.00794813533526297,0.00644471674495476,0,0,0.00643593105698091,0,0,0,0,0,0.0079708499879681,0.00985803706463014,0,0,0,0,0,0.01940706650791489,0,0,0,0,0.01659673068697957,0,0.01034733715838821,0,0.0096883024610866,0.01946822591807398,0,0.00909536834825132,0,0,0.0113250124449838,0,4,0.00985803706463014,0,0.01082521500835542,0,0.01362476386387009,0.01163380388386291,0.03981085456257836,0.01103153942049047,0.02006556936671611,0,0.01230438782059074,0,0.01232810392353476,0,0,0.01252133447367708,0.04300774620620935,0,0,0,partially_open
0,0,0.0633,0.296,55,869,125,6,21,0,16,0.02250586854118744,0.01001035057862109,0,0.02964526741911374,0.01035371719331995,0,0,0,0,0,0.0196537770057053,0,0,0.01634503519618648,0,0.05808838026119225,0,0,0,0.02268006807946121,0,0,0,0,0,0,0,0,0,0,0,0,0,0,0,0,0,1,0,0,0,0,0,0,0,0,0,0,2,0,0.6667,0,0.02354788963305969,0,0,0,0,0,0,0,0,0,0,0,0,0,0.02955209862337324,0.05379749735361022,0,closed
0,0,0.0679,0.12,69,1016,150,9,10,0.0237645169059145,8,0,0.0172592251355536,0,0,0,0,1,0.01072039323131815,0,0.0155723642995462,0,0,0,0,0,0.02503809494016907,0,0,0.01250198101873304,0,0,0,0,0.01541748270663401,0,0,0.03018491722713328,0,0,0.01867300632464538,0,0.03769878436594963,0.02000133604685306,0,0,0,0,0,0,0,0,0,0.04528024546484406,0.01766801437763763,0,0,0,0,2,0,0.6667,0,0,0,0,0,0,0.01948897254583347,0,0,0.02033356301446627,0,0,0.06462257627430638,0,0,0,0,0,partially_open
0,0,0.0448,0.1762,66,1474,210,10,20,0,17,0.01467774035294833,0.01305697901559272,0.01289395879565856,0,0,0.01110037823618062,0,0.00811021053151895,0.03391608690988274,0.01178083212226538,0,1,0,0,0,0,0,0,0,0,0,0.01093062630796305,0,0.01166366083023616,0,0,0.03425331911426864,0,0,0.01412653521951433,0,0,0.0453943365932926,0.01518113510730135,0.02574965287984577,0,0,0,0,0,0,0.02860982765351741,0,0,0,0.01577395720152499,0,0,3,0.01448702838193473,0.3333,0,0,0,0.0170966335336768,0.01462616178494726,0,0.0442314942127177,0,0,0,0,0.05322315204851882,0,0,0,0,0,0,fully_open
0,0,0.0851,0.142,108,1269,169,12,12,0,12,0,0,0,0,0,0,0,0.01665489662722641,0,0,0,0,0,0,0,0,0.01099108461351656,0,0,0,0,0,0,0.01197608031676035,0.03608232985624846,0,0.01172360624446694,0,0,0,0,0,0,0,0.01321968786242082,0,0.01252164056294441,1,0,0,0,0.01468808116140403,0,0.01372426116834352,0,0,0,0.03435979745131787,3,0,0.3333,0,0,0,0,0,0,0.01513875545970992,0,0,0,0,0.01821625739755852,0,0,0,0,0,0,closed
0,1,0.0602,0.1806,92,1527,216,13,21,0,18,0,0,0,0,0,0.02259369021523489,0,0.02476126224224812,0,0,0,0,0,0,0.0237740685249459,0,0,0.01296758910141897,0,0,0,0,0,0.0118700973051076,0.01192100573421778,0,0.0116198575166398,0,0,0,0.01605314228473783,0,0,0,0.0131026994742578,0,0,0,0,0,0.01448958509666934,0,0,0,0,0,0,0,3,0,0.3333,0,0,0,0,0,0,0,0,0,0.01565504409078376,0,0,0,0,0,0,0,0,fully_open
1,0,0.0443,0.1811,72,1626,243,10,25,0,19,0.00602835764496092,0.00536268780997558,0,0.02382208989035925,0.01109326842141423,0,0,0.01332391730178113,0,0,0,0,0,0,0,0.0155593875699622,0.00879286769081325,0,0,0.01215003647113993,0,0,0.05363763878827719,0,0,0.01190005902801781,0,0,0,0.02320787928920212,0,0,0.01242940168625869,0,0,0,0.03005193735106659,0,0,0,0,0,0,0,0,0,0.01367090788001616,0,3,0.02380011805603563,0.3333,0,0,0,0,0.01201434718049239,0,0,0,0,0,0,0,0,0.01511503947179591,0,0,0,0,closed
0,0,0.0906,0.1088,95,1048,147,11,8,0,8,0.00948280977859021,0,0,0,0,0,0,0,0.02921610482873794,0.03044484705753976,0,0,0,0.02754781212840417,0.03018505329571783,0.01223772056064443,0,0,0,0,0,0,0,0,0.01513565896591695,0,0,0,0.016860488848562,0,0,0,0,0,0.01663601169203519,0,0,0,0.01964831437941132,0,0,0,0,0,0.05747140095781653,0,0,0.06485894350361125,3,0,0.3333,0,0,0,0,0,0.02094752991081899,0,0,0,0,0,0,0,0.0237764665848475,0,0,0,0,partially_open
1,0,0.0443,0.108,66,1490,213,8,13,0,10,0,0,0,0,0,0.01046347128820304,0,0,0,0,0,0,0,0.0100481773747048,0,0,0.01009017603863815,0,0,0,0,0,0,0,0,0,0,0.03489560304705914,0,0.01331599631347662,0,0,0,0,0,0.0146212401604826,0,0,0.01433360639153777,0,0,0.02696828016520084,0,0,0,0,0,0,3,0,0.3333,0,0,0,0,0,0,0,0.01629323240290174,0,0,0,0,0.04608331258905455,0,0,0,0.03307223197967841,0.03294943408247911,closed
0,0,0.0938,0.2429,96,1024,140,12,19,0,15,0,0.00825028893842397,0,0.01221645635403038,0.00853328340108787,0,0,0,0,0,0.03239633572369006,0,0,0,0,0,0,0,0,0.03738472760350749,1,0,0,0,0.01480300712051219,0,0,0,0.01648992865408811,0,0,0,0,0,0,0,0,1,0,0,0,0,0,0,0,0,0.02103216596925563,0,3,0,0.3333,0.04020794145960586,0,0,0,0,0,0,0,0.02285100595252567,0,0,0.02242000910468741,0,0,0,0.02435612523904388,0,0,fully_open
0,0,0.0898,0.3932,84,935,117,9,25,0,21,0.02978717895157161,0.0176653245505078,0,0,0.0182712656352705,0,0,0,0,0,0,0,0,0,0,0,0,0,0,0,1,0,0,0,0,0.01960009722261758,0,0,0.01765392361790609,0,0,0,0,0,0,0,0.03299820571881822,1,0,0,0,0,0,0,0,0,0,0,3,0,0.3333,0,0,0,0,0,0,0,0,0,0,0,0,0,0,0.02137737973190994,0,0,0,fully_open
0,0,0.0402,0.0912,116,2884,373,13,17,0,17,0,0.00335167988123473,0,0,0,0,0,0,0,0.00604819506277017,0,0,0,0.00547266803443743,0,0,0.01648662692027484,0,0,0,0,0,0,0,0,0,0,0,0,0,0,0,0,0,0,0,0,0,0,0,0,0,0,0,0,0,0,0.01717989872565893,3,0,0.3333,0,0,0,0,0,0,0.02270813318956489,0.00887399264800898,0,0,0,0,0,0.00944689966987244,0,0,0,0,partially_open
0,0,0.0592,0.1171,89,1504,222,14,14,0,12,0.00746876168402238,0,0,0,0.0137438723805132,0,0,0.02476126224224812,0,0,0,0,0.09408620399638276,0,0,0,0.01089381837799871,0.03890276730425691,0.00962541901442278,0,0,0.01112408872049337,0,0.0118700973051076,0.01192100573421778,0,0,0,0,0,0.01605314228473783,0,0,0,0,0,0.04964331833804511,0,0,0,0,0,0.01743089095328068,0.01360280752968561,0,0.06421256913895132,0.01693740799294037,0,4,0,0,0,0,0,0,0,0.01649849700940611,0,0,0,0.01565504409078376,0,0,0,0,0,0,0,0,closed
1,0,0.0446,0.1071,58,1299,196,8,12,0,9,0,0.01251293822327636,0,0.00926414606847304,0,0.01063786247633976,0,0,0,0,0,0,0,0.02043129399523309,0,0,0.01025834563928212,0,0.00906393623858146,0.01417504254966325,0,0,0,0,0,0,0,0.03547719643117679,0,0,0,0.01366580933265674,0,0,0,0,0.01168686452541478,0,0.01457249983139673,0,0,0,0,0,0,0,0,0.14431114929553504,4,0.04165020659806237,0,0,0.01471743102066231,0,0,0.02803347675448226,0,0,0.01656478627628343,0,0,0,0,0,0,0,0,0,0,closed
0,1,0.0575,0.1546,80,1392,194,10,17,0,13,0.01418437092931981,0.01261808896464843,0.06230274207986279,0.009341996035435,0.03915271207557964,0,0,0.00783759841281243,0,0,0.01238683424729325,0,0,0,0,0.01830516184701436,0.04137820089794471,0,0,0,0,0,0,0,0,0,0,0,0,0,0,0,0.01462282551324551,0.01467084485159374,0,0,0.02357014694201301,1,0,0,0,0,0,0,0,0,0,0,4,0,0,0,0,0,0,0,0,0,0,0.01747429866957845,0,0,0,0,0,0.03053911390272848,0,0,0,fully_open
0,0,0.0588,0.183,69,1173,153,8,14,0,14,0.02201661052942249,0,0,0,0,0,0,0,0,0,0,1,0.015408320364625,0,0,0,0,0,0,0,0,0,0,0,0,0.01448702838193473,0,0,0,0,0,0,0,0,0,0,0,1,0,0,0,0,0,0,0,0,0,0,4,0,0,0,0,0,0,0,0,0,0.01728499437525228,0,0,0,0,0,0,0,0,0,0,fully_open
0,0,0.0527,0.1847,83,1575,222,11,22,0,19,0.00602835764496092,0.01072537561995116,0,0,0,0,0,0,0,0,0,0,0,0.00875626885509989,0,0,0.00879286769081325,0,0.04661452922699036,0.02430007294227986,0,0,0,0,0.00962195462833292,0,0,0,0,0,0,0,0,0,0,0.01274136642556341,0,1,0,0,0,0,0,0,0,0,0,0,4,0,0,0.0130675809743719,0,0,0,0,0,0,0,0,0,0,0,0,0,0,0,0,0,fully_open
0,0,0.0599,0.1676,83,1386,185,12,17,0,14,0.00715228873130956,0.01272502192197596,0,0.00942116549336241,0.00658075245338132,0.02163633046035205,0,0.00790401873834473,0.01101793783795625,0,0.01249180741888048,1,0.01501658340620233,0,0.02276669273999056,0,0,0.01241811498695206,0,0,0,0,0,0,0.03424763511779516,0,0,0,0,0,0,0,0,0,0.01254750034399264,0,0,1,0,0.0343212433287418,0.01387561962647149,0,0,0,0,0,0,0,4,0,0,0,0,0,0.0166619733590918,0,0,0,0.01684554536571196,0,0,0,0,0,0,0.0153989599763758,0,0.01709666229457952,0,fully_open
0,0,0.0849,0.1194,125,1473,201,18,13,0,11,0,0.00586543979216079,0.01158441610547448,0,0.01819989350388272,0.00997299607156852,0,0.01457303454882311,0,0,0.03454765489284135,1,0,0,0,0.01701808015464616,0,0.01144794975359643,0.00849744022367011,0,0,0,0.07333270928084772,0.02095814055433061,0.02104802574947827,0,0,0,0.01172330865251576,0,0,0,0.01359465809434544,0,0,0,0,0,0,0,0,0.01285207101622852,0.0153882084196931,0,0,0,0.01495255549376767,0,2,0,0.6667,0,0,0,0.01536025669041275,0,0,0.01324641102724618,0,0,0.01382046861139504,0,0,0,0,0,0,0,0,fully_open
0,1,0.0573,0.3203,48,838,128,8,24,0,17,0,0.01137539838479669,0.04493349277274953,0,0,0,0,0,0,0.02052720748576544,0,0,0,0,0,0,0,0,0,0.02577280463575137,0,0,0,0,0,0,0,0,0,0,0,0.02484692605937589,0,0,0,0,0,1,0,0,0,0,0,0.02328965531597688,0,0,0,0,3,0,0.3333,0,0,0,0,0,0,0,0.03011779322960624,0.03150669002545206,0,0,0,0,0,0,0,0,0,fully_open
0,0,0.0943,0.1818,98,1039,143,13,15,0,11,0,0.01706309757719503,0,0,0,0,0,0,0,0,0,0,0,0,0,0,0,0,0.01235991305261108,0,0,0.02856868239581253,0.02133315179079206,0,0.01530765509052965,0,0.01492095340204884,0,0,0,0,0,0,0,0,0,0,1,0,0,0,0,0,0.01746724148698266,0,0,0,0,3,0,0.3333,0,0,0,0,0,0,0,0,0,0.02010249979839279,0,0,0,0,0,0,0,0,closed
0,0,0.0906,0.1494,104,1148,154,15,13,0,10,0.00811509682975508,0.00721900282112097,0.02851548579809104,0,0,0,0,0,0,0,0,1,0,0.01178728499724986,0,0,0,0,0,0,0,0,0,0,0,0,0,0,0,0,0,0,0,0,0,0,0,0,0,0,0,0,0.01893933343962228,0,0,0,0,0,3,0,0.3333,0,0,0,0,0,0,0,0.01911321493417319,0,0,0,0,0,0.02034716851972526,0,0,0,0,partially_open
1,0,0.0598,0.0765,81,1354,183,10,8,0,6,0,0.01251293822327636,0,0,0.04529751272077478,0,0,0.00777228509270565,0,0,0,0,0,0,0,0,0,0.01221114640383619,0,0,0,0.01047518354513126,0,0.01117767496230966,0,0,0,0,0.01250486256268348,0,0,0,0,0,0,0,0,0,0.01457249983139673,0,0,0,0,0,0,0,0,0,3,0,0.3333,0,0.01471743102066231,0,0,0,0,0,0.06625914510513374,0,0,0,0,0.06246849039849617,0,0,0,0,0.01674929565859355,closed
1,0,0.0898,0.1879,99,1102,165,11,17,0,14,0,0,0,0,0,0,0,0,0.02921610482873794,0,0,0,0.0199096274374368,0,0.01509252664785891,0.02447544112128886,0,0.01646446706135217,0.01222103762505365,0,0,0,0,0.01507102242109167,0,0,0,0,0,0,0,0,0,0,0,0,0,0,0,0,0,0.01848387741659833,0,0,0,0.02038207953006039,0,0,3,0,0.3333,0,0,0,0,0,0.04189505982163798,0,0,0,0,0,0,0.02105679451634702,0,0,0,0,0,partially_open
1,0,0.054,0.2061,64,1186,165,6,20,0,14,0,0.00721900282112097,0,0.02137879861955317,0,0,0,0,0,0,0,0,0,0,0,0,0,0,0,0,0,0,0,0,0.01295263123044816,0.03203862046004797,0,0,0,0.01562068798311681,0,0.01576824153768085,0,0,0,0.01715183941902767,0,1,0,0.03894141069991858,0,0,0,0,0,0,0,0,3,0,0.3333,0,0,0,0,0,0,0.01630327511045684,0,0,0,0,0,0,0,0,0,0,0,partially_open
0,0,0.0679,0.1543,84,1238,175,10,15,0.01932255112910805,12,0.00788757075041615,0.01403320174573049,0.0138579930981377,0,0,0.0238606261151546,1,0.00871658141238017,0,0.0126616420005656,0,0,0.08280172158560165,0,0,0,0,0.0136947436304705,0.01016516213672687,0,0,0,0.01754502203354861,0,0,0,0.0122714383119654,0,0,0,0,0,0,0,0,0,0,0,0,0,0.030604170391096,0.01537444009417991,0,0,0,0,0.01788716918880619,0,3,0,0.3333,0,0,0,0,0,0,0,0,0,0,0.01947149124371378,0,0,0,0.01698203062815275,0,0,0,fully_open
0,0,0.0984,0.1429,111,1128,161,17,12,0.0202697350079859,11,0.04137108187718279,0,0.01453730648530131,0,0.03806513674014687,0.03754539697531681,1,0,0,0,0.07225653310921067,0,0,0,0,0,0,0,0,0,0,0.01232374534721324,0,0,0.02641320878365901,0,0,0,0,0,0,0,0,0,0.02903147138413984,0,0,0,0,0,0,0,0,0,0,0,0.01876399120786532,0,3,0,0.3333,0,0,0.02257436365680437,0.01927561623894934,0,0,0,0,0,0,0,0,0,0,0,0,0.0197784916741214,0,fully_open
1,0,0.05,0.1174,95,1899,247,11,17,0,12,0,0.01365047806175603,0,0,0.02823741052723622,0,0,0,0,0,0,0,0,0.00742956145281203,0,0,0.007460615010387,0,0.02636781451223697,0.01030912185430055,0,0,0,0,0,0,0,0.02580159740449221,0,0,0.01099397017075984,0.00993877042375035,0,0,0,0.01081085636108411,0.0084995378366653,0,0.01059818169556126,0,0,0,0,0.00931586212639075,0,0,0.01159955820122583,0.02332301402756122,3,0.06058211868809071,0.3333,0,0.01070358619684531,0,0,0,0,0,0,0,0,0.01262696704895378,0,0,0.0897741738324848,0,0,0.01222670394400232,0,closed
1,0,0.0423,0.1813,57,1346,182,5,18,0,15,0,0,0,0,0,0.0123936261860269,0,0,0,0,0,0,0,0,0,0,0.02390294129541466,0,0,0,0,0,0.01822638211252137,0,0,0,0,0.02066632801816123,0,0,0,0,0,0,0,0,0,0,0,0,0,0,0,0,0,0,0,0.01868105492498835,4,0,0,0,0,0,0,0.01633018063367898,0,0,0,0,0,0,0,0.01819470594130956,0,0,0,0,0,closed
1,0,0.144,0.2963,110,764,108,13,16,0,16,0,0,0,0,0,0,0,0,0,0,0,0,0,0.01776634260455052,0,0,0,0,0,0,0,0,0,0,0,0,0,0,0,0,0,0,0,0,0,0,0,0,0,0,0,0.04768304608919569,0,0,0,0,0,0,4,0,0,0,0,0,0,0,0.05403855542211276,0,0,0,0,0,0.05913683560946535,0,0,0.05266890658586507,0,0,0,closed
0,0,0.0922,0.1494,98,1063,154,13,12,0,11,0,0,0,0,0.0182712656352705,0,1,0,0,0,0.05202470383863167,0,0,0,0,0,0,0,0.03838843583399207,0,0,0.01478849441665589,0,0,0,0,0,0,0.01765392361790609,0,0,0,0,0,0,0,0.01649910285940911,1,0,0,0,0,0,0,0,0,0,0,4,0,0,0.06456922363807294,0,0,0,0,0,0,0,0,0,0,0,0,0,0,0,0,0,partially_open
0,0,0.0453,0.1538,54,1193,182,8,17,0,11,0.0758624782287217,0,0,0,0,0,0,0.02095897103650964,0.01460805241436897,0,0,0,0,0,0.01509252664785891,0,0,0,0.01222103762505365,0,1,0,0,0,0,0,0,0,0,0,0,0.01842581033616639,0,0,0,0,0,0,0,0,0,0,0,0,0,0,0,0,4,0,0,0,0,0,0.02209115568958239,0,0,0.01905101810660126,0,0,0,0,0,0,0,0,0,0,0,partially_open
0,0,0.1092,0.0833,121,1108,156,14,7,0,6,0.00819388417761678,0,0.02879233517477153,0.01079317988559966,0,0,0,0,0,0.01315335625301475,0,1,0,0.01190172465741733,0,0,0,0,0.01055992571485218,0,0,0,0,0,0,0,0,0,0,0,0,0,0,0,0,0,0,0,0,0,0,0,0,0,0,0,0,0,4,0,0,0,0,0,0,0,0,0,0.01929878012770885,0,0,0,0,0,0,0,0,0,0,partially_open
0,1,0.0762,0.1465,104,1365,198,13,17,0,12,0.00733887017647416,0,0,0,0,0.01110037823618062,0,0,0,0,0,0,0.03081664072925,0,0,0,0.021408721334154,0.02548413162539728,0,0,0,0,0,0,0,0.02897405676386947,0,0,0,0.02825307043902867,0,0,0,0,0.01287482643992288,0,0,0,0,0,0,0,0,0,0,0,0.01664284437567184,0,4,0.05794811352773894,0,0,0,0,0.03419326706735361,0,0,0,0.01728499437525228,0,0,0,0,0,0,0,0,0,0,fully_open
0,0,0.0333,0.0803,60,1802,249,7,12,0,8,0.0061603654766024,0,0,0,0,0,0,0.02042352287134334,0,0.03955607865870129,0,0,0,0.00894801196871522,0,0,0,0,0,0,0,0,0,0,0,0,0,0,0,0,0,0,0,0,0,0,0,1,0.01276423342896064,0,0,0,0.01437730421693953,0,0,0.01324091297938229,0,0,4,0,0,0,0,0,0,0,0,0,0,0,0,0,0,0,0,0,0.01617815618067878,0.01472559234131666,0,fully_open
0,1,0.062,0.1377,102,1645,247,15,19,0,15,0,0.01088081584632727,0,0.00805577918997656,0.02250808085504337,0.00925031519681718,0,0,0,0,0.01068140054657896,0,0,0.01776634260455052,0,0,0,0,0,0.01232612395622891,0,0,0.04081124690412394,0,0,0,0,0.01542486801355512,0,0.03531633804878584,0,0,0,0,0,0.01292602390999187,0.02032498178333006,1,0,0,0,0,0.01427312085304867,0,0,0.01314496433460416,0,0,4,0.01207252365161228,0,0.03977089861765361,0.01279776610492374,0,0.01424719461139733,0.01218846815412272,0,0,0,0,0,0,0,0,0,0.01316722664646626,0,0,0,fully_open
1,0,0.1053,0.1899,118,1121,158,16,17,0,13,0,0.03381875195480097,0.0534344238378643,0.01001529304699788,0,0,0,0,0,0.0366160998394735,0,0,0,0,0,0.01962445279094332,0,0,0,0,0,0,0.06765107594917844,0,0,0,0,0,0,0,0,0,0,0,0,0,0,0,0,0,0,0,0,0,0,0,0,0,4,0.01500908345876121,0,0,0,0.0207440098467932,0.01771272843579128,0.01515323067809852,0,0,0,0,0,0,0,0.06753350313350938,0.01906401374821105,0,0.01996763420498192,0,0.01810734665793897,closed
0,0,0.0923,0.2215,111,1203,158,15,21,0,14,0.01671227861969364,0.03716714323745454,0.01468124021287855,0,0.03075361542570282,0.01263904452634427,0,0.00923439812994731,0,0,0,1,0,0,0,0.01078373395937974,0.01218813343281045,0.0145082927570331,0.0215380663095005,0,0,0.01244576262787872,0.03717460114039013,0.01328040589581346,0.01333736285115455,0,0.02600086929465936,0,0.01485726245071305,0.0160846688142985,0.01796044631856806,0,0,0,0,0,0.01388538359455222,0,0.0173138611858179,0,0.01621111995963996,0,0,0,0,0,0,0,4,0,0,0,0,0,0,0,0,0,0.01968093418964368,0,0.01751504932929272,0.06188464048744677,0,0,0,0,0,0,0,partially_open
0,0,0.0602,0.2255,88,1463,204,13,26,0,20,0.00727560405426318,0.0064722094258326,0.0127828039784546,0,0,0,1,0,0,0.01167927322465965,0,0,0,0.01056791068718953,0,0,0,0,0,0,0,0.01083639677082544,0,0,0,0,0,0,0,0,0,0.02827408827446222,0,0,0.0127638365568201,0,0,1,0,0,0.0282297088952351,0,0,0,0,0,0,0,4,0,0,0,0,0,0.03389849752366953,0,0,0,0,0,0,0,0,0,0,0,0,0,0,partially_open
0,0,0.0808,0.218,70,866,133,7,15,0,14,0,0,0.04426284362688759,0,0.01158998193282084,0,0,0,0,0,0.02200049664817757,0,0,0,0,0,0,0,0,0,1,0,0,0,0,0,0.03919534028000889,0,0,0,0,0,0.02597188412054054,0,0,0,0,1,0,0,0,0,0,0,0,0,0,0,4,0,0,0,0,0,0,0,0,0,0,0,0,0,0,0,0,0,0,0,0,partially_open
1,0,0.0444,0.1683,65,1465,202,9,19,0,15,0,0.00625646911163818,0,0.03705658427389217,0.03882643947494982,0,0,0.00777228509270565,0.01083430554065698,0,0.06141805314282906,0,0,0.02043129399523309,0.01119362393049536,0.00907630941581128,0,0,0,0.01417504254966325,0,0,0.01564431131324751,0,0,0,0,0,0,0,0,0.01366580933265674,0,0,0,0,0.03506059357624436,0,0,0.0337492226065961,0,0,0,0.02561862084757457,0,0.04535012695438437,0,0,4,0,0,0,0.05886972408264924,0,0,0,0,0,0,0,0,0,0,0,0,0.0151423106434362,0,0,0,fully_open
0,0,0.1875,0.2449,114,608,98,14,13,0,11,0.0904253646744138,0,0.02647866538394168,0,0,0.02279541959215663,0,0.01665489662722641,0,0,0,0,0,0,0,0,0,0.0261667422939347,0.01942272051124598,0,0,0,0,0,0,0,0,0,0,0,0,0,0,0,0,0,0,0,0,0,0,0,0,0,0,0,0,0,3,0,0.3333,0,0,0,0,0,0,0,0.03549597059203593,0,0,0,0,0,0,0,0,0,0,fully_open
0,0,0.0318,0.0794,29,911,126,4,5,0,5,0,0,0,0,0,0,0,0.02454405818749155,0,0,0,0,0,0,0,0,0,0,0.01431147827144441,0,0,0.03307952698462503,0,0.01764896046680473,0.03544930652543709,0,0.01727689341289865,0,0,0,0.02386848787072861,0,0,0.02297145443867967,0,0,0,0,0.04601842052020021,0,0,0,0,0.04045045396985459,0,0.02386848787072861,0.0251832513579245,0,3,0,0.3333,0,0,0,0,0,0,0,0,0,0.02327657871392849,0,0,0.04931722926197066,0,0,0,0,0,fully_open
0,0,0.0565,0.1869,89,1576,198,11,21,0,16,0,0.03288071357941233,0,0,0,0.00931783574569906,0,0.00680784095711444,0.00948990266334918,0,0.01075936697392625,0,0.03880197464084399,0,0.00980463409970396,0,0.02695623671636179,0,0,0,0,0.02752602975362959,0,0,0.00983265436471977,0,0,0,0.01095316428848188,0,0.01324091297938229,0,0,0,0.01080733606270899,0,0,1,0,0,0.01195126361988055,0,0,0.02243966789568575,0,0,0,0,3,0,0.3333,0,0,0,0,0,0,0,0,0,0,0,0,0,0,0,0,0,0,closed
0,0,0.0876,0.1571,132,1507,210,22,20,0,13,0,0.02822467268408201,0,0.008358628031705,0.02919281163530061,0,0,0,0.0195506265395314,0.03055930136978615,0,0,0.01332298377392387,0,0.02019902062645779,0,0.01851130040171211,0,0,0,0,0,0.0141151681021782,0,0,0.01252637792422928,0,0,0.01128258276332344,0,0,0,0,0.03937963618059372,0,0,0.01054453942142687,1,0,0,0,0,0,0,0.05768745885615418,0,0,0,3,0,0.3333,0.02751069678815137,0,0,0,0,0,0.01274842565028204,0,0,0,0,0,0,0,0,0,0.03033693459790049,0,fully_open
1,0,0.0921,0.1386,115,1248,166,14,13,0,10,0.00697495925863247,0.01861428826603095,0.02450917787604519,0.02756274863347351,0.01925277990493379,0.02109989251505407,0,0.02312415399482675,0,0,0.02436418637070905,0,0,0,0,0,0,0.01211022783851523,0,0,0,0,0.06206007793684964,0.01108529748328231,0.02226568013167949,0,0.02170320494843467,0,0.01240151659109106,0.01342604586978635,0,0,0.04314337775395578,0,0.01223640529414158,0,0.01159027886817995,1,0,0,0,0.04078673777051037,0.01627843535306377,0.01270344835416921,0,0,0,0,3,0.02753732667640487,0.3333,0,0.01459579935933452,0,0,0,0,0,0.01642788721614886,0,0.01461999985337657,0,0,0,0,0,0,0.01667277810545771,0,fully_open
0,0,0.0351,0.0808,101,2875,297,12,12,0,12,0,0,0,0.02201381243993594,0,0,0,0,0,0.00670690937653722,0,0,0,0,0,0,0.01828220014921567,0,0,0,0,0,0,0,0,0,0,0,0,0,0,0,0.00861443681225849,0,0,0,0,0,0,0,0,0,0,0.00760949134086373,0,0,0,0,4,0,0,0,0,0,0,0,0,0,0.00984046709482184,0,0,0,0,0,0,0.00899543206540764,0,0.00998715916218011,0,fully_open
1,0,0.0756,0.1481,103,1363,189,13,17,0,11,0,0.0124095255106873,0,0.02756274863347351,0,0,0,0,0,0.02239331725719866,0,0,0,0,0,0,0,0,0.01797805534925248,0.01405789343768256,0,0,0,0,0,0.01376866333820243,0,0,0,0,0,0,0,0,0,0.01474207685602378,0,0,0,0.03347030341150027,0,0.01359557925683679,0,0,0,0,0,0,4,0,0,0,0,0,0,0,0.01540768728977595,0,0,0,0,0,0,0,0,0,0,0,0,partially_open
0,0,0.045,0.1561,74,1645,237,10,21,0.01476794979153258,16,0.01205671528992184,0,0,0.0158813932602395,0.01663990263212135,0,0,0,0,0,0.0315864273305978,0,0,0,0,0.03889846892490552,0.0175857353816265,0.01046669691757388,0,0.01215003647113993,0,0,0,0.00958086425340828,0,0.02380011805603563,0,0,0,0,0,0,0,0,0,0,0,0,0,0.01446395254568404,0,0,0,0,0,0,0,0,4,0,0,0,0,0,0,0,0,0,0.01419838823681437,0,0,0,0,0,0,0,0,0,0,fully_open
0,0,0.0953,0.2216,125,1312,176,15,25,0,14,0.00727560405426318,0.0064722094258326,0.0127828039784546,0,0,0,1,0.00804029492348861,0,0.01167927322465965,0,0,0,0,0,0.0093892856025634,0.06367249017485459,0,0,0,0,0,0,0,0.01161270386178111,0,0,0,0,0.01400475474348404,0,0,0,0,0,0,0,1,0,0,0,0,0,0,0,0,0,0,4,0,0,0,0,0,0.01694924876183476,0,0,0,0.01713598580305183,0,0,0.03592154419098922,0,0,0,0,0,0,0.01732685757785539,partially_open
0,1,0.0501,0.0931,68,1357,204,10,10,0,9,0.02240628505206714,0.01328807598932003,0,0,0.02748774476102641,0.01129684510761744,0,0.00825375408074937,0,0,0.02608908452084774,0,0,0.01084847468773438,0,0.01927711734331601,0,0.02593517820283794,0.03850167605769115,0,0,0,0,0,0.01192100573421778,0,0.0116198575166398,0,0,0.01437656239154113,0.01605314228473783,0,0.0153992587263382,0,0,0,0.03723248875353383,0,0,0,0.01448958509666934,0,0.01743089095328068,0.04080842258905684,0,0,0,0,4,0,0,0,0.031258260574858,0,0,0,0,0,0,0,0,0,0,0,0,0.04824098966050473,0,0,0,fully_open
0,0,0.0706,0.1244,94,1332,193,12,13,0,11,0,0.00625646911163818,0,0,0.01294214649164993,0,0,0,0,0,0.01228361062856581,0,0,0,0,0,0.03077503691784638,0,0,0.01417504254966325,0,0,0.03128862262649502,0,0,0,0,0,0,0.0270758591707358,0,0,0,0,0,0.01486492749649065,0.01168686452541478,0,0,0,0,0,0,0,0,0,0,0.01603457214394834,4,0.05553360879741648,0,0,0,0,0,0,0,0,0,0,0,0,0,0,0,0,0,0.01681171792300319,0,partially_open
0,0,0.0428,0.1322,73,1704,242,11,18,0.0155452103068764,14,0,0,0,0,0,0,0,0,0,0.02037286757985743,0,0,0,0,0,0,0,0.01101757570270934,0,0,1,0,0,0,0,0,0,0,0,0,0,0,0,0,0,0,0,1,0,0,0,0.02473782090341731,0,0,0,0.01363913592613063,0,0,4,0,0,0.01375534839407568,0,0,0,0,0,0,0,0,0,0,0,0,0,0,0,0.01516846729895024,0,partially_open
0,0,0.0659,0.2013,65,987,149,10,19,0,11,0.01125293427059372,0,0.01977073682000979,0,0,0.01702057996214362,0,0,0,0,0,0,0,0,0,0,0.0164133530228514,0,0,0,0,0,0,0,0,0,0,0,0,0,0,0,0,0,0,0,0.01869898324066365,1,0,0,0,0,0,0,0,0,0,0,4,0.02221344351896659,0,0,0,0,0,0.02242678140358581,0,0,0,0,0,0,0,0,0,0.0726830910884938,0,0.02689874867680511,0,closed
0,0,0.0929,0.3151,100,1076,146,10,26,0,20,0,0,0,0,0,0.01418381663511968,0,0.03108914037082263,0,0,0,0,0,0,0,0,0,0,0,0,0,0,0,0.01490356661641288,0,0,0,0,0,0,0,0,0,0,0,0,0,1,0,0,0,0,0,0,0,0,0,0,4,0,0,0,0,0,0,0,0.02071477957847656,0,0,0,0,0,0,0,0,0,0,0,0,closed
