publication_year,paper_age,title_length,abstract_length,keyword_count,concept_count,has_doi,title_word_count,abstract_word_count,title_to_abstract_ratio,text_richness,recency_score,abstract_keyword_overlap,publication_year_norm,is_open_access_int,has_fulltext_int,oa_cat_fully_open,oa_cat_partially_open,oa_cat_closed,impact_tier
2023,3,65,769,16,22,1,9,120,0.0845,0.3167,0.3333,0,0.3333,1,1,0,1,0,high
2024,2,53,1047,14,16,1,8,178,0.0506,0.1685,0.6667,0,0.6667,1,1,0,1,0,high
2024,2,88,1031,10,14,1,12,159,0.0854,0.1509,0.6667,0,0.6667,1,1,0,1,0,high
2023,3,118,3084,9,13,1,13,401,0.0383,0.0549,0.3333,0,0.3333,1,1,0,1,0,high
2024,2,86,1414,10,17,1,12,203,0.0608,0.133,0.6667,1,0.6667,1,1,0,1,0,high
2023,3,85,878,15,18,1,10,117,0.0968,0.2821,0.3333,1,0.3333,1,0,0,1,0,high
2024,2,32,714,13,18,1,4,101,0.0448,0.3069,0.6667,1,0.6667,1,1,0,1,0,high
2023,3,60,1386,13,15,1,8,183,0.0433,0.153,0.3333,1,0.3333,1,1,0,1,0,high
2022,4,63,582,17,23,1,7,84,0.1082,0.4762,0,1,0,1,0,0,1,0,high
2024,2,67,1123,15,23,1,9,165,0.0597,0.2303,0.6667,1,0.6667,1,1,0,1,0,high
2024,2,103,1558,11,15,1,16,222,0.0661,0.1171,0.6667,1,0.6667,1,1,1,0,0,high
2023,3,188,1986,12,14,1,24,263,0.0947,0.0989,0.3333,0,0.3333,1,1,0,1,0,high
2022,4,54,1391,14,20,1,7,192,0.0388,0.1771,0,1,0,0,0,0,0,1,high
2022,4,71,1027,14,15,1,9,151,0.0691,0.1921,0,1,0,1,1,0,1,0,high
2022,4,103,1575,15,24,1,14,255,0.0654,0.1529,0,1,0,1,0,0,1,0,high
2023,3,104,550,9,9,1,14,82,0.1891,0.2195,0.3333,1,0.3333,1,1,1,0,0,high
2023,3,47,1843,15,20,1,6,252,0.0255,0.1389,0.3333,1,0.3333,1,1,0,1,0,high
2023,3,38,919,4,4,1,7,136,0.0413,0.0588,0.3333,0,0.3333,0,0,0,0,1,high
2023,3,84,2463,7,11,1,10,329,0.0341,0.0547,0.3333,1,0.3333,1,1,1,0,0,high
2022,4,84,357,7,23,1,13,57,0.2353,0.5263,0,1,0,1,1,0,1,0,high
2023,3,99,677,10,12,1,15,95,0.1462,0.2316,0.3333,1,0.3333,1,1,1,0,0,high
2023,3,21,909,8,9,1,2,137,0.0231,0.1241,0.3333,0,0.3333,1,0,1,0,0,high
2022,4,141,1937,11,13,1,17,279,0.0728,0.086,0,1,0,1,1,0,1,0,high
2024,2,126,1207,7,9,1,16,166,0.1044,0.0964,0.6667,1,0.6667,1,1,0,1,0,high
2022,4,98,1438,15,19,1,13,202,0.0682,0.1683,0,1,0,1,0,0,1,0,high
2022,4,49,1012,11,14,1,7,133,0.0484,0.188,0,1,0,1,1,1,0,0,high
2022,4,58,796,11,12,1,8,110,0.0729,0.2091,0,1,0,1,1,1,0,0,high
2023,3,49,1297,14,16,1,6,199,0.0378,0.1508,0.3333,1,0.3333,1,1,0,1,0,high
2024,2,107,1303,10,12,1,13,179,0.0821,0.1229,0.6667,1,0.6667,1,1,1,0,0,high
2023,3,173,2653,8,9,1,24,386,0.0652,0.044,0.3333,1,0.3333,1,1,1,0,0,high
2023,3,65,1668,12,14,1,10,224,0.039,0.1161,0.3333,1,0.3333,1,1,0,1,0,high
2022,4,76,1798,20,24,1,8,238,0.0423,0.1849,0,0,0,1,1,0,1,0,high
2023,3,91,1284,12,12,1,11,185,0.0709,0.1297,0.3333,0,0.3333,1,1,1,0,0,high
2023,3,49,421,6,8,1,6,60,0.1164,0.2333,0.3333,0,0.3333,1,1,0,1,0,high
2023,3,137,1667,21,28,1,15,230,0.0822,0.213,0.3333,1,0.3333,1,1,0,1,0,high
2022,4,68,972,16,16,1,8,130,0.07,0.2462,0,1,0,1,1,0,1,0,high
2023,3,97,1466,12,14,1,14,191,0.0662,0.1361,0.3333,1,0.3333,1,1,1,0,0,high
2024,2,63,1116,14,17,1,7,151,0.0565,0.2053,0.6667,0,0.6667,1,1,0,1,0,high
2023,3,78,1649,10,15,1,9,239,0.0473,0.1046,0.3333,1,0.3333,1,1,0,1,0,high
2024,2,94,712,15,18,1,13,102,0.132,0.3235,0.6667,1,0.6667,1,0,1,0,0,high
2022,4,80,1116,12,19,1,9,157,0.0717,0.1975,0,1,0,1,1,0,1,0,high
2022,4,93,1054,14,19,1,10,137,0.0882,0.2409,0,0,0,1,1,1,0,0,high
2023,3,83,1729,13,17,1,12,252,0.048,0.119,0.3333,1,0.3333,1,0,1,0,0,high
2022,4,43,580,15,17,1,4,81,0.0741,0.3951,0,1,0,1,1,0,1,0,high
2023,3,36,1607,8,13,1,6,226,0.0224,0.0929,0.3333,1,0.3333,0,0,0,0,1,high
2023,3,64,1421,7,12,1,7,195,0.045,0.0974,0.3333,1,0.3333,1,0,0,1,0,high
2023,3,147,1396,13,20,1,20,203,0.1053,0.1626,0.3333,1,0.3333,1,1,1,0,0,high
2023,3,94,1405,16,20,1,18,200,0.0669,0.18,0.3333,1,0.3333,1,1,1,0,0,high
2022,4,47,1305,7,7,1,5,183,0.036,0.0765,0,0,0,1,0,0,1,0,high
2023,3,118,2129,4,4,1,16,318,0.0554,0.0252,0.3333,1,0.3333,1,1,0,1,0,high
2022,4,59,827,15,27,1,6,118,0.0713,0.3559,0,0,0,1,1,0,1,0,high
2024,2,64,1196,8,8,1,8,183,0.0535,0.0874,0.6667,1,0.6667,1,0,1,0,0,high
2022,4,58,1938,16,21,1,6,269,0.0299,0.1375,0,1,0,1,1,0,1,0,high
2022,4,46,1989,16,18,1,5,269,0.0231,0.1264,0,1,0,0,0,0,0,1,high
2023,3,73,2083,5,5,1,11,282,0.035,0.0355,0.3333,1,0.3333,1,1,1,0,0,high
2023,3,72,798,8,10,1,8,113,0.0902,0.1593,0.3333,0,0.3333,1,1,1,0,0,high
2023,3,67,1685,20,24,1,10,268,0.0398,0.1642,0.3333,1,0.3333,1,1,1,0,0,high
2023,3,72,1485,18,21,1,9,200,0.0485,0.195,0.3333,1,0.3333,1,1,0,1,0,high
2023,3,87,783,10,14,1,10,115,0.1111,0.2087,0.3333,1,0.3333,0,0,0,0,1,high
2023,3,42,560,2,2,1,6,87,0.075,0.046,0.3333,1,0.3333,1,0,0,1,0,high
2023,3,68,1049,9,13,1,9,137,0.0648,0.1606,0.3333,1,0.3333,0,0,0,0,1,high
2023,3,85,1099,12,14,1,13,157,0.0773,0.1656,0.3333,1,0.3333,0,0,0,0,1,high
2022,4,66,1305,14,20,1,9,192,0.0506,0.1771,0,0,0,1,1,0,1,0,high
2022,4,90,1715,12,16,1,11,223,0.0525,0.1256,0,1,0,0,0,0,0,1,high
2022,4,68,1117,13,15,1,11,173,0.0609,0.1618,0,1,0,1,1,0,1,0,high
2023,3,77,1922,9,10,1,10,274,0.0401,0.0693,0.3333,1,0.3333,0,0,0,0,1,high
2022,4,51,1132,15,17,1,6,158,0.0451,0.2025,0,1,0,1,1,1,0,0,high
2024,2,102,1260,9,10,1,15,188,0.081,0.1011,0.6667,1,0.6667,1,0,1,0,0,high
2024,2,56,1162,2,2,1,9,164,0.0482,0.0244,0.6667,0,0.6667,1,0,0,1,0,high
2022,4,89,666,12,15,1,9,94,0.1336,0.2872,0,1,0,1,0,0,1,0,high
2023,3,43,1008,10,16,1,7,141,0.0427,0.1844,0.3333,0,0.3333,1,0,0,1,0,high
2023,3,45,1590,9,10,1,6,208,0.0283,0.0913,0.3333,1,0.3333,1,1,0,1,0,high
2023,3,13,526,10,16,1,2,81,0.0247,0.321,0.3333,0,0.3333,1,1,0,1,0,high
2022,4,62,1449,19,23,1,8,219,0.0428,0.1918,0,0,0,1,0,1,0,0,high
2023,3,79,995,5,5,1,9,148,0.0794,0.0676,0.3333,0,0.3333,1,1,0,1,0,high
2022,4,87,660,6,6,1,10,95,0.1318,0.1263,0,1,0,1,1,0,1,0,high
2022,4,59,1288,11,16,1,8,183,0.0458,0.1475,0,0,0,1,1,0,1,0,high
2022,4,34,1194,13,21,1,4,170,0.0285,0.2,0,1,0,1,1,1,0,0,high
2023,3,57,938,16,21,1,6,127,0.0608,0.2913,0.3333,1,0.3333,1,0,0,1,0,high
2023,3,47,2242,10,12,1,8,317,0.021,0.0694,0.3333,1,0.3333,1,1,0,1,0,high
2022,4,80,833,11,11,1,10,108,0.096,0.2037,0,1,0,1,1,1,0,0,high
2023,3,94,815,11,19,1,13,116,0.1153,0.2586,0.3333,1,0.3333,0,0,0,0,1,high
2022,4,24,984,14,19,1,3,136,0.0244,0.2426,0,0,0,1,0,0,1,0,high
2022,4,91,1665,17,21,1,11,232,0.0547,0.1638,0,1,0,1,1,0,1,0,high
2022,4,45,1704,8,9,1,6,235,0.0264,0.0723,0,1,0,1,1,0,1,0,high
2022,4,54,1255,12,16,1,8,175,0.043,0.16,0,1,0,0,0,0,0,1,high
2023,3,98,1581,12,14,1,12,239,0.062,0.1088,0.3333,1,0.3333,1,1,0,1,0,high
2023,3,71,202,5,5,1,9,32,0.3515,0.3125,0.3333,1,0.3333,0,0,0,0,1,high
2022,4,62,1108,13,18,1,10,161,0.056,0.1925,0,1,0,0,0,0,0,1,high
2022,4,95,1202,11,13,1,11,173,0.079,0.1387,0,1,0,1,1,0,1,0,high
2023,3,42,348,12,13,1,6,52,0.1207,0.4808,0.3333,0,0.3333,0,0,0,0,1,high
2023,3,126,1037,6,6,1,18,150,0.1215,0.08,0.3333,0,0.3333,1,1,1,0,0,high
2023,3,73,1308,11,12,1,12,194,0.0558,0.1186,0.3333,0,0.3333,1,1,0,1,0,high
2022,4,105,1008,18,18,1,12,143,0.1042,0.2517,0,0,0,1,1,1,0,0,high
2022,4,113,1349,11,14,1,13,203,0.0838,0.1232,0,1,0,1,1,0,1,0,high
2022,4,30,1650,18,22,1,4,223,0.0182,0.1794,0,0,0,1,1,0,1,0,high
2024,2,61,904,14,16,1,8,133,0.0675,0.2256,0.6667,1,0.6667,1,1,1,0,0,high
2022,4,120,1223,8,11,1,17,169,0.0981,0.1124,0,1,0,1,1,0,1,0,high
2024,2,115,1922,11,13,1,15,242,0.0598,0.0992,0.6667,1,0.6667,1,0,0,1,0,high
2022,4,78,1284,10,16,1,11,178,0.0607,0.1461,0,1,0,1,1,1,0,0,high
2022,4,84,1206,7,8,1,10,173,0.0697,0.0867,0,1,0,1,1,0,1,0,high
2022,4,31,1247,10,12,1,4,185,0.0249,0.1189,0,1,0,0,0,0,0,1,high
2024,2,57,1004,6,7,1,10,146,0.0568,0.089,0.6667,1,0.6667,1,1,1,0,0,high
2023,3,66,1608,17,19,1,10,237,0.041,0.1519,0.3333,1,0.3333,1,1,0,1,0,high
2023,3,78,1556,10,12,1,10,235,0.0501,0.0936,0.3333,1,0.3333,1,1,0,1,0,high
2022,4,101,982,17,17,1,13,144,0.1029,0.2361,0,1,0,1,1,0,1,0,high
2023,3,90,1910,8,10,1,12,286,0.0471,0.0629,0.3333,1,0.3333,1,1,1,0,0,high
2024,2,164,1325,15,18,1,20,189,0.1238,0.1746,0.6667,0,0.6667,1,1,1,0,0,high
2023,3,45,1299,7,12,1,6,185,0.0346,0.1027,0.3333,1,0.3333,0,0,0,0,1,high
2024,2,62,1626,6,6,1,9,237,0.0381,0.0506,0.6667,1,0.6667,0,0,0,0,1,high
2022,4,91,1374,12,15,1,12,166,0.0662,0.1627,0,0,0,1,1,1,0,0,high
2023,3,119,1699,10,10,1,16,261,0.07,0.0766,0.3333,0,0.3333,1,1,0,1,0,high
2023,3,68,1412,15,18,1,10,203,0.0482,0.1626,0.3333,1,0.3333,1,1,0,1,0,high
2024,2,105,1367,14,18,1,11,170,0.0768,0.1882,0.6667,1,0.6667,1,1,1,0,0,high
2024,2,31,655,9,9,1,3,88,0.0473,0.2045,0.6667,0,0.6667,1,0,1,0,0,high
2022,4,32,853,11,13,1,4,116,0.0375,0.2069,0,1,0,1,0,0,1,0,high
2022,4,77,1376,11,18,1,10,171,0.056,0.1696,0,0,0,1,1,0,1,0,high
2023,3,94,1822,9,13,1,10,257,0.0516,0.0856,0.3333,1,0.3333,1,1,0,1,0,high
2023,3,61,2421,13,13,1,10,392,0.0252,0.0663,0.3333,1,0.3333,1,1,1,0,0,high
2023,3,59,1007,11,14,1,7,152,0.0586,0.1645,0.3333,1,0.3333,1,1,0,1,0,high
2023,3,24,1494,9,11,1,3,204,0.0161,0.098,0.3333,0,0.3333,1,1,1,0,0,high
2023,3,113,1903,8,12,1,13,279,0.0594,0.0717,0.3333,1,0.3333,1,1,1,0,0,high
2024,2,60,1270,4,4,1,9,179,0.0472,0.0447,0.6667,1,0.6667,1,0,0,1,0,high
2022,4,134,1565,14,14,1,18,214,0.0856,0.1308,0,0,0,1,1,1,0,0,high
2024,2,69,1188,19,24,1,10,164,0.0581,0.2622,0.6667,0,0.6667,1,0,1,0,0,high
2023,3,77,1789,11,12,1,9,228,0.043,0.1009,0.3333,1,0.3333,1,1,1,0,0,high
2022,4,106,1226,14,17,1,12,177,0.0865,0.1751,0,1,0,1,0,0,1,0,high
2022,4,56,1418,12,14,1,8,204,0.0395,0.1275,0,1,0,0,0,0,0,1,high
2024,2,78,2241,11,12,1,12,295,0.0348,0.078,0.6667,1,0.6667,1,0,1,0,0,high
2024,2,193,1439,18,22,1,28,232,0.1341,0.1724,0.6667,1,0.6667,1,0,1,0,0,high
2023,3,94,1086,13,15,1,12,156,0.0866,0.1795,0.3333,1,0.3333,1,1,1,0,0,high
2022,4,54,859,11,13,1,8,129,0.0629,0.186,0,1,0,1,1,1,0,0,high
2024,2,90,1233,12,15,1,12,184,0.073,0.1467,0.6667,1,0.6667,1,0,1,0,0,high
2024,2,141,875,16,23,1,18,115,0.1611,0.3391,0.6667,1,0.6667,1,0,1,0,0,high
2024,2,137,1663,16,16,1,21,253,0.0824,0.1265,0.6667,1,0.6667,1,0,1,0,0,high
2024,2,70,1423,16,24,1,10,212,0.0492,0.1887,0.6667,0,0.6667,1,0,1,0,0,high
2023,3,74,1608,10,13,1,7,224,0.046,0.1027,0.3333,1,0.3333,1,0,0,1,0,high
2022,4,126,1113,12,16,1,17,148,0.1132,0.1892,0,1,0,1,1,0,1,0,high
2023,3,74,1488,8,10,1,9,198,0.0497,0.0909,0.3333,0,0.3333,1,1,1,0,0,high
2022,4,60,1402,8,9,1,9,206,0.0428,0.0825,0,1,0,1,1,0,1,0,high
2023,3,129,669,12,12,1,15,100,0.1928,0.24,0.3333,1,0.3333,1,0,0,1,0,high
2022,4,59,1816,5,6,1,9,241,0.0325,0.0456,0,0,0,1,1,0,1,0,high
2023,3,92,1529,17,20,1,9,214,0.0602,0.1729,0.3333,1,0.3333,1,0,0,1,0,high
2022,4,71,2065,12,19,1,9,322,0.0344,0.0963,0,0,0,1,1,1,0,0,high
2022,4,65,1291,10,15,1,9,185,0.0503,0.1351,0,1,0,0,0,0,0,1,high
2022,4,94,1142,15,22,1,14,165,0.0823,0.2242,0,1,0,1,1,1,0,0,high
2022,4,75,877,11,17,1,9,138,0.0855,0.2029,0,0,0,1,1,0,1,0,high
2022,4,75,1267,14,14,1,9,171,0.0592,0.1637,0,1,0,1,1,1,0,0,high
2022,4,47,1912,10,12,1,8,271,0.0246,0.0812,0,1,0,1,1,0,1,0,high
2023,3,47,1000,9,11,1,6,141,0.047,0.1418,0.3333,1,0.3333,1,0,0,1,0,high
2022,4,66,1536,11,14,1,9,215,0.043,0.1163,0,0,0,1,0,0,1,0,high
2022,4,54,1454,13,22,1,8,227,0.0371,0.1542,0,1,0,1,1,0,1,0,high
2023,3,84,789,5,5,1,10,108,0.1065,0.0926,0.3333,0,0.3333,1,1,0,1,0,high
2022,4,66,1679,16,18,1,8,228,0.0393,0.1491,0,0,0,1,1,1,0,0,high
2023,3,74,1242,11,14,1,10,170,0.0596,0.1471,0.3333,1,0.3333,1,1,0,1,0,high
2023,3,104,1816,14,23,1,13,273,0.0573,0.1355,0.3333,0,0.3333,1,1,1,0,0,high
2022,4,41,855,13,16,1,5,129,0.048,0.2248,0,1,0,1,0,0,1,0,high
2025,1,61,673,16,20,1,7,92,0.0906,0.3913,1,1,1,1,1,0,1,0,high
2023,3,55,942,14,17,1,7,118,0.0584,0.2627,0.3333,0,0.3333,1,1,0,1,0,high
2022,4,73,1009,12,17,1,9,152,0.0723,0.1908,0,1,0,1,1,1,0,0,high
2022,4,6,1343,9,11,1,1,192,0.0045,0.1042,0,0,0,0,0,0,0,1,high
2022,4,81,1651,18,22,1,9,258,0.0491,0.155,0,1,0,1,1,1,0,0,high
2022,4,67,1545,10,14,1,9,214,0.0434,0.1121,0,0,0,1,1,1,0,0,high
2022,4,78,1367,10,11,1,9,187,0.0571,0.1123,0,1,0,1,0,1,0,0,high
2024,2,76,1048,8,8,1,12,143,0.0725,0.1119,0.6667,1,0.6667,1,1,1,0,0,high
2022,4,94,1430,9,9,1,10,204,0.0657,0.0882,0,1,0,1,1,1,0,0,high
2022,4,108,1356,8,13,1,13,193,0.0796,0.1088,0,1,0,1,0,0,1,0,high
2022,4,64,1773,16,20,1,8,238,0.0361,0.1513,0,1,0,1,1,0,1,0,high
2024,2,34,832,13,14,1,5,131,0.0409,0.2061,0.6667,1,0.6667,1,1,0,1,0,high
2024,2,82,1145,12,12,1,9,162,0.0716,0.1481,0.6667,1,0.6667,1,1,0,1,0,high
2023,3,44,1649,12,18,1,7,248,0.0267,0.121,0.3333,0,0.3333,0,0,0,0,1,high
2022,4,32,1376,15,28,1,4,204,0.0233,0.2108,0,0,0,1,1,0,1,0,high
2023,3,77,1085,12,16,1,10,146,0.071,0.1918,0.3333,0,0.3333,1,1,0,1,0,high
2022,4,48,955,16,23,1,8,145,0.0503,0.269,0,1,0,0,0,0,0,1,high
2022,4,94,1005,8,11,1,14,142,0.0935,0.1338,0,1,0,1,1,0,1,0,high
2025,1,26,1109,10,11,1,3,139,0.0234,0.1511,1,1,1,1,1,0,1,0,high
2024,2,76,1540,7,12,1,10,207,0.0494,0.0918,0.6667,0,0.6667,0,0,0,0,1,high
2022,4,52,1567,11,13,1,8,223,0.0332,0.1076,0,1,0,1,1,1,0,0,high
2022,4,41,912,12,13,1,6,126,0.045,0.1984,0,1,0,0,0,0,0,1,high
2022,4,68,649,8,8,1,9,87,0.1048,0.1839,0,1,0,1,1,0,1,0,high
2022,4,42,920,20,27,1,5,138,0.0457,0.3406,0,0,0,1,0,1,0,0,high
2023,3,89,1108,10,11,1,9,140,0.0803,0.15,0.3333,1,0.3333,1,1,0,1,0,high
2022,4,108,2878,17,22,1,14,413,0.0375,0.0944,0,1,0,1,1,0,1,0,high
2022,4,34,1492,12,16,1,5,211,0.0228,0.1327,0,1,0,1,1,0,1,0,high
2022,4,72,1797,10,12,1,9,227,0.0401,0.0969,0,1,0,0,0,0,0,1,high
2022,4,88,914,7,8,1,12,127,0.0963,0.1181,0,1,0,1,1,1,0,0,high
2022,4,70,877,12,18,1,8,116,0.0798,0.2586,0,1,0,1,1,0,1,0,high
2024,2,164,1993,14,16,1,21,259,0.0823,0.1158,0.6667,1,0.6667,1,1,1,0,0,high
2022,4,59,763,13,15,1,10,115,0.0773,0.2435,0,0,0,1,0,0,1,0,high
2022,4,62,1578,10,14,1,8,227,0.0393,0.1057,0,0,0,1,1,1,0,0,high
2022,4,93,1371,21,23,1,12,196,0.0678,0.2245,0,1,0,0,0,0,0,1,high
2023,3,118,2196,9,14,1,16,311,0.0537,0.074,0.3333,1,0.3333,1,1,1,0,0,high
2022,4,126,1286,12,16,1,15,198,0.098,0.1414,0,1,0,0,0,0,0,1,high
2023,3,82,1459,11,13,1,10,194,0.0562,0.1237,0.3333,1,0.3333,1,1,1,0,0,high
2022,4,61,1636,16,19,1,12,255,0.0373,0.1373,0,0,0,1,1,0,1,0,high
2022,4,97,1778,14,19,1,11,232,0.0546,0.1422,0,1,0,1,0,1,0,0,high
2023,3,79,982,9,9,1,10,140,0.0804,0.1286,0.3333,0,0.3333,1,1,1,0,0,high
2022,4,37,1229,6,7,1,5,169,0.0301,0.0769,0,1,0,0,0,0,0,1,high
2022,4,160,1407,7,7,1,18,200,0.1137,0.07,0,1,0,1,1,0,1,0,high
2023,3,97,1549,20,21,1,12,212,0.0626,0.1934,0.3333,0,0.3333,1,1,0,1,0,high
2023,3,56,1147,10,13,1,7,177,0.0488,0.1299,0.3333,1,0.3333,1,1,1,0,0,high
2022,4,127,1168,9,10,1,13,167,0.1087,0.1138,0,1,0,1,1,1,0,0,high
2022,4,83,1922,7,8,1,12,271,0.0432,0.0554,0,1,0,1,1,0,1,0,high
2022,4,117,1283,13,14,1,17,167,0.0912,0.1617,0,1,0,0,0,0,0,1,high
2024,2,96,1580,14,21,1,11,213,0.0608,0.1643,0.6667,0,0.6667,0,0,0,0,1,high
2023,3,123,1578,14,16,1,16,223,0.0779,0.1345,0.3333,1,0.3333,1,1,0,1,0,high
2022,4,43,1077,10,13,1,7,162,0.0399,0.142,0,1,0,1,1,1,0,0,high
2024,2,55,1501,11,11,1,8,215,0.0366,0.1023,0.6667,1,0.6667,0,0,0,0,1,high
2022,4,56,1469,9,9,1,8,206,0.0381,0.0874,0,1,0,1,1,1,0,0,high
2022,4,65,1178,15,18,1,10,157,0.0552,0.2102,0,1,0,1,1,1,0,0,high
2024,2,49,1326,7,11,1,7,180,0.037,0.1,0.6667,0,0.6667,0,0,0,0,1,high
2023,3,90,1303,14,19,1,13,178,0.0691,0.1854,0.3333,1,0.3333,1,1,1,0,0,high
2023,3,64,1680,7,8,1,12,248,0.0381,0.0605,0.3333,1,0.3333,1,1,1,0,0,high
2023,3,67,1012,15,25,1,9,152,0.0662,0.2632,0.3333,0,0.3333,1,1,1,0,0,high
2022,4,82,798,19,30,1,9,112,0.1028,0.4375,0,0,0,1,1,0,1,0,high
2023,3,129,1439,13,19,1,16,188,0.0896,0.1702,0.3333,1,0.3333,1,1,1,0,0,high
2023,3,137,1266,3,3,1,17,187,0.1082,0.0321,0.3333,1,0.3333,1,1,1,0,0,high
2022,4,57,913,9,13,1,8,135,0.0624,0.163,0,1,0,1,1,1,0,0,high
2023,3,52,1665,15,17,1,6,232,0.0312,0.1379,0.3333,1,0.3333,0,0,0,0,1,high
2023,3,87,1447,13,14,1,11,206,0.0601,0.1311,0.3333,1,0.3333,1,1,1,0,0,high
2022,4,32,393,11,11,1,5,67,0.0814,0.3284,0,0,0,1,1,0,1,0,high
2022,4,119,1336,13,18,1,14,169,0.0891,0.1834,0,0,0,1,1,1,0,0,high
2023,3,138,2003,5,5,1,19,282,0.0689,0.0355,0.3333,1,0.3333,1,1,1,0,0,high
2022,4,42,1157,17,23,1,5,179,0.0363,0.2235,0,1,0,1,0,1,0,0,high
2023,3,72,1029,10,12,1,8,150,0.07,0.1467,0.3333,1,0.3333,1,1,1,0,0,high
2022,4,72,1659,15,21,1,10,238,0.0434,0.1513,0,1,0,1,1,0,1,0,high
2022,4,122,1550,15,15,1,13,217,0.0787,0.1382,0,1,0,1,NA,1,0,0,high
2023,3,94,1034,14,14,1,10,132,0.0909,0.2121,0.3333,1,0.3333,0,0,0,0,1,high
2023,3,48,698,8,8,1,7,97,0.0688,0.1649,0.3333,1,0.3333,1,1,1,0,0,high
2022,4,151,2270,11,18,1,21,327,0.0665,0.0887,0,1,0,1,0,1,0,0,high
2022,4,75,1046,8,10,1,12,140,0.0717,0.1286,0,1,0,1,1,1,0,0,high
2023,3,95,1137,7,7,1,13,145,0.0836,0.0966,0.3333,0,0.3333,1,1,1,0,0,high
2024,2,47,1111,6,8,1,7,152,0.0423,0.0921,0.6667,1,0.6667,1,0,1,0,0,high
2024,2,53,1449,7,9,1,6,196,0.0366,0.0816,0.6667,0,0.6667,1,1,0,1,0,high
2025,1,66,1445,9,10,1,10,210,0.0457,0.0905,1,0,1,1,1,0,1,0,high
2023,3,103,1101,13,13,1,19,174,0.0936,0.1494,0.3333,0,0.3333,0,0,0,0,1,high
2023,3,88,1572,9,10,1,11,224,0.056,0.0848,0.3333,1,0.3333,1,1,1,0,0,high
2022,4,90,998,21,22,1,10,135,0.0902,0.3185,0,1,0,1,1,1,0,0,high
2022,4,118,932,10,10,1,15,147,0.1266,0.1361,0,1,0,1,1,1,0,0,high
2025,1,73,1215,8,19,1,8,155,0.0601,0.1742,1,1,1,1,1,0,1,0,high
2023,3,65,1162,9,10,1,9,161,0.0559,0.118,0.3333,1,0.3333,1,1,0,1,0,high
2022,4,79,1587,9,17,1,9,224,0.0498,0.1161,0,1,0,1,1,0,1,0,high
2023,3,53,1293,10,15,1,7,176,0.041,0.142,0.3333,0,0.3333,1,1,0,1,0,high
2022,4,80,937,21,25,1,12,132,0.0854,0.3485,0,1,0,1,1,1,0,0,high
2023,3,68,785,14,17,1,10,112,0.0866,0.2768,0.3333,1,0.3333,1,1,0,1,0,high
2023,3,107,2385,13,18,1,15,328,0.0449,0.0945,0.3333,1,0.3333,1,1,1,0,0,high
2022,4,71,1660,14,17,1,9,229,0.0428,0.1354,0,1,0,1,1,0,1,0,high
2022,4,112,1043,13,20,1,14,147,0.1074,0.2245,0,1,0,1,1,1,0,0,high
2023,3,93,1074,8,9,1,12,162,0.0866,0.1049,0.3333,0,0.3333,1,1,0,1,0,high
2022,4,58,1826,7,8,1,7,245,0.0318,0.0612,0,1,0,1,1,0,1,0,high
2023,3,82,1216,13,15,1,8,151,0.0674,0.1854,0.3333,0,0.3333,1,1,1,0,0,high
2023,3,79,1869,6,6,1,12,258,0.0423,0.0465,0.3333,0,0.3333,1,1,1,0,0,high
2022,4,54,1795,8,10,1,6,249,0.0301,0.0723,0,1,0,0,0,0,0,1,high
2022,4,113,1292,16,20,1,13,168,0.0875,0.2143,0,1,0,1,1,1,0,0,high
2022,4,77,728,13,18,1,10,103,0.1058,0.301,0,0,0,0,0,0,0,1,high
2023,3,94,651,19,23,1,13,91,0.1444,0.4615,0.3333,1,0.3333,1,1,1,0,0,high
2022,4,121,1802,12,14,1,15,255,0.0671,0.102,0,0,0,1,1,1,0,0,high
2022,4,102,1428,11,11,1,12,204,0.0714,0.10780000000000001,0,1,0,1,1,1,0,0,high
2023,3,150,1572,15,17,1,17,203,0.0954,0.1576,0.3333,1,0.3333,1,1,1,0,0,high
2022,4,48,1256,13,14,1,5,181,0.0382,0.1492,0,1,0,1,1,1,0,0,high
2024,2,75,1112,13,19,1,10,166,0.0674,0.1928,0.6667,1,0.6667,1,1,1,0,0,high
2023,3,58,1119,8,10,1,8,144,0.0518,0.125,0.3333,1,0.3333,1,1,0,1,0,high
2022,4,73,1133,15,16,1,9,164,0.0644,0.189,0,1,0,1,0,1,0,0,high
2022,4,103,1080,16,20,1,13,136,0.0954,0.2647,0,1,0,1,0,1,0,0,high
2023,3,48,973,11,15,1,7,131,0.0493,0.1985,0.3333,0,0.3333,1,1,1,0,0,high
2023,3,94,1454,8,8,1,13,193,0.0646,0.0829,0.3333,1,0.3333,1,0,0,1,0,high
2024,2,72,1520,9,11,1,9,232,0.0474,0.0862,0.6667,0,0.6667,1,1,0,1,0,high
2022,4,90,1435,12,15,1,11,192,0.0627,0.1406,0,1,0,1,0,0,1,0,high
2022,4,96,718,12,13,1,11,97,0.1337,0.2577,0,1,0,1,0,0,1,0,high
2022,4,106,1948,7,9,1,17,302,0.0544,0.053,0,0,0,1,0,0,1,0,high
2022,4,57,949,10,11,1,9,141,0.0601,0.1489,0,1,0,1,1,1,0,0,high
2022,4,85,1351,11,13,1,10,179,0.0629,0.1341,0,1,0,0,0,0,0,1,high
2023,3,106,1146,10,10,1,12,164,0.0925,0.122,0.3333,1,0.3333,0,0,0,0,1,high
2022,4,109,1452,15,17,1,11,181,0.0751,0.1768,0,1,0,0,0,0,0,1,high
2023,3,149,1912,7,7,1,20,288,0.0779,0.0486,0.3333,1,0.3333,1,1,0,1,0,high
2022,4,67,1346,14,19,1,9,188,0.0498,0.1755,0,1,0,1,1,1,0,0,high
2023,3,36,89,8,9,1,7,14,0.4045,1.2143,0.3333,0,0.3333,0,0,0,0,1,high
2022,4,85,1228,9,9,1,11,178,0.0692,0.1011,0,1,0,1,0,0,1,0,high
2023,3,112,1676,12,16,1,15,238,0.0668,0.1176,0.3333,1,0.3333,1,1,1,0,0,high
2023,3,153,1623,8,8,1,18,233,0.0943,0.0687,0.3333,1,0.3333,1,1,1,0,0,high
2024,2,121,1160,7,10,1,14,158,0.1043,0.1076,0.6667,1,0.6667,1,1,1,0,0,high
2022,4,44,1634,13,15,1,7,220,0.0269,0.1273,0,1,0,1,1,1,0,0,high
2024,2,97,1426,15,17,1,11,192,0.068,0.1667,0.6667,1,0.6667,1,1,1,0,0,high
2023,3,68,1498,14,22,1,9,189,0.0454,0.1905,0.3333,1,0.3333,0,0,0,0,1,high
2022,4,114,953,19,23,1,13,134,0.1196,0.3134,0,1,0,0,0,0,0,1,high
2023,3,95,1320,10,12,1,13,180,0.072,0.1222,0.3333,1,0.3333,0,0,0,0,1,high
2023,3,98,1239,9,9,1,16,188,0.0791,0.0957,0.3333,1,0.3333,1,1,1,0,0,high
2022,4,88,1550,14,16,1,8,209,0.0568,0.1435,0,0,0,0,0,0,0,1,high
2022,4,56,1992,5,5,1,6,303,0.0281,0.033,0,0,0,1,1,0,1,0,high
2023,3,35,1435,12,14,1,4,178,0.0244,0.1461,0.3333,1,0.3333,1,1,1,0,0,high
2022,4,84,1409,4,4,1,14,197,0.0596,0.0406,0,0,0,0,0,0,0,1,high
2023,3,58,1349,10,14,1,9,196,0.043,0.1224,0.3333,0,0.3333,1,1,1,0,0,high
2022,4,103,1356,14,16,1,12,198,0.076,0.1515,0,1,0,1,1,1,0,0,high
2023,3,75,1162,14,24,1,8,174,0.0645,0.2184,0.3333,1,0.3333,1,1,1,0,0,high
2024,2,32,2074,4,4,1,4,281,0.0154,0.0285,0.6667,1,0.6667,1,0,1,0,0,high
2023,3,63,1629,12,12,1,9,231,0.0387,0.1039,0.3333,1,0.3333,1,0,0,1,0,high
2024,2,81,923,11,15,1,10,123,0.0878,0.2114,0.6667,1,0.6667,1,1,1,0,0,high
2023,3,66,743,15,16,1,9,103,0.0888,0.301,0.3333,1,0.3333,1,1,1,0,0,high
2023,3,99,1351,9,13,1,11,201,0.0733,0.1095,0.3333,0,0.3333,1,0,0,1,0,high
2025,1,21,1113,5,6,1,4,163,0.0189,0.0675,1,0,1,1,0,0,1,0,high
2024,2,83,1914,13,18,1,8,256,0.0434,0.1211,0.6667,1,0.6667,1,1,1,0,0,high
2023,3,46,1116,14,14,1,5,162,0.0412,0.1728,0.3333,1,0.3333,1,1,0,1,0,high
2022,4,152,1150,17,17,1,20,154,0.1322,0.2208,0,1,0,1,1,0,1,0,high
2023,3,101,1148,15,17,1,11,147,0.088,0.2177,0.3333,1,0.3333,1,1,1,0,0,high
2023,3,57,1042,14,17,1,9,149,0.0547,0.2081,0.3333,1,0.3333,1,1,0,1,0,high
2024,2,61,1191,11,11,1,9,187,0.0512,0.1176,0.6667,0,0.6667,1,1,0,1,0,high
2022,4,85,1426,12,16,1,9,204,0.0596,0.1373,0,1,0,0,0,0,0,1,high
2022,4,82,1371,6,10,1,11,179,0.0598,0.0894,0,0,0,0,0,0,0,1,high
2025,1,96,1561,6,6,1,14,228,0.0615,0.0526,1,1,1,1,0,0,1,0,high
2023,3,75,1545,9,16,1,11,230,0.0485,0.1087,0.3333,1,0.3333,1,1,1,0,0,high
2022,4,73,784,11,17,1,8,111,0.0931,0.2523,0,1,0,1,1,0,1,0,high
2022,4,82,1725,8,13,1,10,254,0.0475,0.0827,0,0,0,1,1,1,0,0,high
2022,4,64,858,7,10,1,8,122,0.0746,0.1393,0,1,0,0,0,0,0,1,high
2023,3,102,890,8,11,1,10,124,0.1146,0.1532,0.3333,1,0.3333,1,1,0,1,0,high
2022,4,93,1062,17,20,1,10,141,0.0876,0.2624,0,1,0,1,1,0,1,0,high
2023,3,96,2221,15,19,1,13,325,0.0432,0.1046,0.3333,0,0.3333,1,1,1,0,0,high
2023,3,51,1284,15,22,1,7,183,0.0397,0.2022,0.3333,1,0.3333,1,0,0,1,0,high
2023,3,127,1432,12,15,1,15,198,0.0887,0.1364,0.3333,1,0.3333,1,0,0,1,0,high
2022,4,79,947,14,15,1,10,125,0.0834,0.232,0,0,0,1,1,0,1,0,high
2023,3,65,1390,12,18,1,11,198,0.0468,0.1515,0.3333,0,0.3333,1,0,0,1,0,high
2023,3,73,1732,11,13,1,9,228,0.0421,0.1053,0.3333,1,0.3333,0,0,0,0,1,high
2023,3,50,1204,10,12,1,8,179,0.0415,0.1229,0.3333,1,0.3333,1,1,0,1,0,high
2022,4,42,1331,14,16,1,5,203,0.0316,0.1478,0,0,0,1,1,1,0,0,high
2022,4,96,669,9,9,1,12,104,0.1435,0.1731,0,1,0,1,1,1,0,0,high
2023,3,69,1463,14,19,1,11,226,0.0472,0.146,0.3333,1,0.3333,1,0,0,1,0,high
2022,4,95,1227,5,8,1,13,166,0.0774,0.0783,0,0,0,1,0,0,1,0,high
2022,4,103,1345,8,10,1,13,190,0.0766,0.0947,0,1,0,1,1,1,0,0,high
2023,3,127,1770,11,12,1,16,236,0.0718,0.0975,0.3333,1,0.3333,0,0,0,0,1,high
2022,4,35,1104,16,23,1,5,155,0.0317,0.2516,0,0,0,1,1,0,1,0,high
2023,3,135,1941,14,21,1,17,269,0.0696,0.1301,0.3333,1,0.3333,1,1,1,0,0,high
2023,3,78,1179,16,22,1,10,161,0.0662,0.236,0.3333,1,0.3333,0,0,0,0,1,high
2022,4,72,1094,7,7,1,10,147,0.0658,0.0952,0,1,0,1,1,1,0,0,high
2023,3,61,1152,11,12,1,7,175,0.053,0.1314,0.3333,1,0.3333,1,1,0,1,0,high
2022,4,121,1646,9,11,1,15,219,0.0735,0.0913,0,1,0,1,1,1,0,0,high
2023,3,110,1152,11,14,1,12,170,0.0955,0.1471,0.3333,1,0.3333,1,1,1,0,0,high
2023,3,35,1584,9,13,1,5,224,0.0221,0.0982,0.3333,0,0.3333,0,0,0,0,1,high
2024,2,138,2225,15,19,1,18,326,0.062,0.1043,0.6667,1,0.6667,1,1,1,0,0,high
2023,3,84,205,11,11,1,10,26,0.4098,0.8462,0.3333,1,0.3333,1,1,1,0,0,high
2023,3,73,1162,7,9,1,10,158,0.0628,0.1013,0.3333,1,0.3333,1,0,0,1,0,high
2023,3,115,930,15,20,1,11,138,0.1237,0.2536,0.3333,1,0.3333,1,1,1,0,0,high
2022,4,56,1783,9,10,1,8,254,0.0314,0.0748,0,1,0,1,1,1,0,0,high
2024,2,45,1829,15,20,1,6,244,0.0246,0.1434,0.6667,1,0.6667,1,1,0,1,0,high
2023,3,51,431,3,3,1,8,67,0.1183,0.0896,0.3333,0,0.3333,1,0,1,0,0,high
2022,4,74,1280,11,17,1,9,185,0.0578,0.1514,0,1,0,0,0,0,0,1,high
2023,3,118,1967,12,22,1,16,259,0.06,0.1313,0.3333,0,0.3333,1,1,1,0,0,high
2022,4,43,931,10,10,1,4,128,0.0462,0.1562,0,1,0,1,1,1,0,0,high
2022,4,55,1111,17,18,1,7,157,0.0495,0.2229,0,1,0,1,1,0,1,0,high
2022,4,39,796,15,17,1,8,116,0.049,0.2759,0,1,0,0,0,0,0,1,high
2024,2,90,429,7,7,1,12,60,0.2098,0.2333,0.6667,0,0.6667,1,1,0,1,0,high
2022,4,84,1009,15,16,1,11,134,0.0833,0.2313,0,1,0,1,1,1,0,0,high
2023,3,127,1279,16,25,1,18,194,0.0993,0.2113,0.3333,0,0.3333,1,0,0,1,0,high
2022,4,78,1076,19,24,1,8,150,0.0725,0.2867,0,1,0,1,1,0,1,0,high
2023,3,63,644,10,14,1,7,101,0.0978,0.2376,0.3333,0,0.3333,1,0,0,1,0,high
2023,3,112,2774,9,9,1,14,403,0.0404,0.0447,0.3333,1,0.3333,1,1,1,0,0,high
2023,3,91,1445,9,12,1,13,200,0.063,0.105,0.3333,1,0.3333,1,1,0,1,0,high
2025,1,134,3144,10,15,1,16,388,0.0426,0.0644,1,0,1,1,1,0,1,0,high
2022,4,27,1239,9,11,1,4,170,0.0218,0.1176,0,1,0,0,0,0,0,1,high
2022,4,75,1184,14,19,1,7,151,0.0633,0.2185,0,1,0,1,1,0,1,0,high
2022,4,80,6327,9,9,1,12,1041,0.0126,0.0173,0,1,0,1,NA,1,0,0,high
2024,2,50,1151,5,5,1,7,152,0.0434,0.0658,0.6667,1,0.6667,1,0,0,1,0,high
2024,2,98,1055,14,17,1,13,157,0.0929,0.1975,0.6667,1,0.6667,1,1,1,0,0,high
2022,4,66,786,12,15,1,10,117,0.084,0.2308,0,1,0,1,1,0,1,0,high
2022,4,88,1718,13,17,1,8,218,0.0512,0.1376,0,1,0,0,0,0,0,1,high
2022,4,78,1818,15,20,1,11,252,0.0429,0.1389,0,1,0,1,1,1,0,0,high
2023,3,65,1334,14,19,1,8,192,0.0487,0.1719,0.3333,1,0.3333,0,0,0,0,1,high
2023,3,81,1207,8,13,1,13,176,0.0671,0.1193,0.3333,0,0.3333,1,0,0,1,0,high
2022,4,69,1094,11,18,1,6,149,0.0631,0.1946,0,1,0,1,1,1,0,0,high
2023,3,77,1205,14,16,1,9,176,0.0639,0.1705,0.3333,1,0.3333,1,1,1,0,0,high
2022,4,65,989,9,10,1,9,146,0.0657,0.1301,0,0,0,1,1,0,1,0,high
2023,3,83,1093,17,18,1,13,150,0.0759,0.2333,0.3333,0,0.3333,1,1,1,0,0,high
2022,4,43,1613,9,11,1,8,250,0.0267,0.08,0,1,0,1,1,1,0,0,high
2022,4,77,1941,11,13,1,9,261,0.0397,0.092,0,1,0,1,0,1,0,0,high
2023,3,76,1364,10,12,1,9,198,0.0557,0.1111,0.3333,1,0.3333,0,0,0,0,1,high
2023,3,39,1727,8,10,1,5,233,0.0226,0.0773,0.3333,1,0.3333,1,1,1,0,0,high
2022,4,64,1199,12,16,1,6,170,0.0534,0.1647,0,1,0,1,1,1,0,0,high
2022,4,63,1156,11,18,1,9,166,0.0545,0.1747,0,1,0,1,1,0,1,0,high
2023,3,59,1191,14,15,1,9,153,0.0495,0.1895,0.3333,1,0.3333,1,1,0,1,0,high
2023,3,69,1494,13,17,1,9,197,0.0462,0.1523,0.3333,1,0.3333,1,1,0,1,0,high
2022,4,163,1454,13,17,1,20,179,0.1121,0.1676,0,1,0,1,1,0,1,0,high
2023,3,34,1427,13,16,1,5,211,0.0238,0.1374,0.3333,1,0.3333,0,0,0,0,1,high
2023,3,56,1130,17,23,1,6,141,0.0496,0.2837,0.3333,1,0.3333,0,0,0,0,1,high
2023,3,73,2010,6,6,1,8,288,0.0363,0.0417,0.3333,0,0.3333,0,0,0,0,1,high
2022,4,40,1602,21,30,1,8,214,0.025,0.2383,0,1,0,1,0,0,1,0,high
2023,3,84,1009,13,16,1,13,129,0.0833,0.2248,0.3333,1,0.3333,0,0,0,0,1,high
2022,4,98,854,7,7,1,13,122,0.1148,0.1148,0,1,0,0,0,0,0,1,high
2022,4,79,1162,20,22,1,8,168,0.068,0.25,0,1,0,1,1,1,0,0,high
2024,2,157,1265,11,15,1,17,177,0.1241,0.1469,0.6667,1,0.6667,1,1,1,0,0,high
2022,4,82,657,16,18,1,11,100,0.1248,0.34,0,1,0,0,0,0,0,1,high
2023,3,70,1806,13,15,1,9,276,0.0388,0.1014,0.3333,1,0.3333,1,1,1,0,0,high
2022,4,61,1319,10,16,1,9,183,0.0462,0.1421,0,1,0,1,0,0,1,0,high
2022,4,83,1298,10,12,1,13,186,0.0639,0.1183,0,0,0,0,0,0,0,1,high
2023,3,41,1557,15,17,1,4,230,0.0263,0.1391,0.3333,0,0.3333,1,1,0,1,0,high
2023,3,99,1774,11,13,1,12,253,0.0558,0.0949,0.3333,1,0.3333,0,0,0,0,1,high
2022,4,76,1356,14,18,1,11,193,0.056,0.1658,0,0,0,0,0,0,0,1,high
2022,4,100,1442,16,21,1,9,184,0.0693,0.2011,0,1,0,0,0,0,0,1,high
2022,4,94,1503,11,11,1,11,200,0.0625,0.11,0,1,0,1,0,0,1,0,high
2024,2,52,1800,11,16,1,9,252,0.0289,0.1071,0.6667,0,0.6667,1,1,1,0,0,high
2023,3,109,1164,10,14,1,13,170,0.0936,0.1412,0.3333,1,0.3333,1,1,1,0,0,high
2022,4,40,1295,5,6,1,7,185,0.0309,0.0595,0,1,0,0,0,0,0,1,high
2022,4,75,1425,13,13,1,9,181,0.0526,0.1436,0,1,0,1,1,0,1,0,high
2022,4,80,1862,11,15,1,10,260,0.043,0.1,0,1,0,1,1,1,0,0,high
2023,3,49,1292,9,13,1,7,189,0.0379,0.1164,0.3333,0,0.3333,1,1,1,0,0,high
2023,3,68,1741,13,13,1,8,235,0.0391,0.1106,0.3333,1,0.3333,1,1,1,0,0,high
2023,3,93,1488,12,17,1,14,210,0.0625,0.1381,0.3333,1,0.3333,1,1,1,0,0,high
2022,4,38,2572,14,15,1,5,347,0.0148,0.0836,0,1,0,1,1,1,0,0,high
2022,4,77,1183,10,12,1,10,159,0.0651,0.1384,0,1,0,1,1,0,1,0,high
2022,4,92,1650,10,15,1,15,238,0.0558,0.105,0,0,0,1,1,0,1,0,high
2024,2,95,1608,9,11,1,11,226,0.0591,0.0885,0.6667,1,0.6667,1,1,1,0,0,high
2023,3,177,1313,15,19,1,29,186,0.1348,0.1828,0.3333,0,0.3333,1,1,1,0,0,high
2022,4,70,1475,11,17,1,9,192,0.0475,0.1458,0,1,0,0,0,0,0,1,high
2022,4,42,1047,13,22,1,5,155,0.0401,0.2258,0,0,0,1,1,1,0,0,medium
2022,4,79,802,13,15,1,9,114,0.0985,0.2456,0,1,0,1,1,1,0,0,medium
2023,3,128,1940,18,23,1,18,300,0.066,0.1367,0.3333,1,0.3333,1,1,1,0,0,high
2022,4,91,1147,15,16,1,12,186,0.0793,0.1667,0,1,0,1,1,1,0,0,medium
2022,4,79,1291,13,13,1,11,191,0.0612,0.1361,0,1,0,1,0,1,0,0,medium
2023,3,85,1219,11,15,1,8,154,0.0697,0.1688,0.3333,1,0.3333,1,1,0,1,0,high
2023,3,72,1553,7,7,1,8,209,0.0464,0.067,0.3333,0,0.3333,1,1,0,1,0,high
2024,2,65,1038,10,13,1,9,146,0.0626,0.1575,0.6667,1,0.6667,1,0,0,1,0,high
2024,2,118,1335,10,12,1,13,179,0.0884,0.1229,0.6667,1,0.6667,1,0,0,1,0,high
2023,3,93,1281,10,14,1,13,171,0.0726,0.1404,0.3333,1,0.3333,1,0,1,0,0,high
2023,3,110,2945,7,7,1,16,426,0.0374,0.0329,0.3333,1,0.3333,1,1,1,0,0,high
2022,4,68,2896,11,14,1,11,419,0.0235,0.0597,0,1,0,1,1,1,0,0,medium
2023,3,77,1558,14,17,1,9,221,0.0494,0.1403,0.3333,1,0.3333,1,1,0,1,0,high
2022,4,52,1433,12,14,1,7,188,0.0363,0.1383,0,1,0,0,0,0,0,1,medium
2022,4,84,717,10,12,1,11,100,0.1172,0.22,0,1,0,1,0,0,1,0,medium
2022,4,101,1748,8,8,1,13,247,0.0578,0.0648,0,1,0,0,0,0,0,1,medium
2022,4,75,1499,14,19,1,9,233,0.05,0.1416,0,1,0,1,0,0,1,0,medium
2022,4,66,1281,17,21,1,9,198,0.0515,0.1919,0,1,0,0,0,0,0,1,medium
2022,4,43,956,22,26,1,6,135,0.045,0.3556,0,0,0,1,1,0,1,0,medium
2024,2,129,1318,13,13,1,15,194,0.0979,0.134,0.6667,1,0.6667,1,1,1,0,0,high
2023,3,92,1298,10,12,1,14,190,0.0709,0.1158,0.3333,1,0.3333,1,1,0,1,0,high
2023,3,107,1499,13,16,1,14,203,0.0714,0.1429,0.3333,1,0.3333,1,1,1,0,0,high
2024,2,78,1547,10,11,1,11,217,0.0504,0.0968,0.6667,1,0.6667,1,1,0,1,0,high
2024,2,47,1021,12,12,1,6,138,0.046,0.1739,0.6667,0,0.6667,1,1,1,0,0,high
2023,3,74,1330,9,16,1,7,175,0.0556,0.1429,0.3333,1,0.3333,0,0,0,0,1,high
2024,2,130,4360,13,16,1,15,602,0.0298,0.0482,0.6667,1,0.6667,1,1,0,1,0,high
2023,3,112,1297,11,14,1,14,194,0.0864,0.1289,0.3333,1,0.3333,1,1,1,0,0,high
2022,4,75,1298,12,17,1,9,182,0.0578,0.1593,0,1,0,0,0,0,0,1,medium
2022,4,122,1198,8,22,1,15,176,0.1018,0.1705,0,1,0,0,0,0,0,1,medium
2023,3,64,1229,22,26,1,8,167,0.0521,0.2874,0.3333,0,0.3333,1,1,1,0,0,high
2022,4,34,1346,9,9,1,4,213,0.0253,0.0845,0,1,0,1,1,1,0,0,medium
2022,4,77,969,14,18,1,10,140,0.0795,0.2286,0,1,0,1,1,0,1,0,medium
2023,3,39,1480,16,21,1,6,202,0.0264,0.1832,0.3333,1,0.3333,1,1,1,0,0,high
2022,4,92,1691,14,18,1,11,236,0.0544,0.1356,0,1,0,1,0,0,1,0,medium
2022,4,80,1672,13,17,1,12,265,0.0478,0.1132,0,0,0,1,1,0,1,0,medium
2022,4,116,1172,13,15,1,12,148,0.099,0.1892,0,1,0,1,1,1,0,0,medium
2022,4,130,1639,9,10,1,22,227,0.0793,0.0837,0,0,0,0,0,0,0,1,medium
2022,4,32,1670,12,19,1,5,229,0.0192,0.1354,0,1,0,0,0,0,0,1,medium
2022,4,67,1095,13,23,1,8,151,0.0612,0.2384,0,1,0,1,1,0,1,0,medium
2022,4,58,1221,13,18,1,9,190,0.0475,0.1632,0,1,0,0,0,0,0,1,medium
2024,2,94,1019,9,11,1,11,137,0.0922,0.146,0.6667,1,0.6667,1,1,1,0,0,high
2023,3,72,839,10,12,1,9,124,0.0858,0.1774,0.3333,1,0.3333,1,1,0,1,0,high
2022,4,43,1841,12,24,1,6,257,0.0234,0.1401,0,0,0,1,0,0,1,0,medium
2022,4,110,1464,8,11,1,12,210,0.0751,0.0905,0,0,0,0,0,0,0,1,medium
2024,2,153,1038,15,15,1,24,167,0.1474,0.1796,0.6667,1,0.6667,1,0,1,0,0,high
2023,3,73,1633,12,15,1,10,226,0.0447,0.1195,0.3333,1,0.3333,0,0,0,0,1,high
2023,3,71,1815,14,19,1,9,281,0.0391,0.1174,0.3333,1,0.3333,1,1,1,0,0,high
2023,3,79,1666,15,16,1,12,228,0.0474,0.136,0.3333,1,0.3333,1,1,0,1,0,high
2023,3,64,548,17,18,1,9,75,0.1168,0.4667,0.3333,1,0.3333,1,1,0,1,0,high
2022,4,87,798,8,8,1,13,108,0.109,0.1481,0,1,0,1,1,1,0,0,medium
2022,4,97,1240,6,17,1,13,158,0.0782,0.1456,0,1,0,1,1,0,1,0,medium
2022,4,86,946,9,15,1,12,141,0.0909,0.1702,0,1,0,1,0,0,1,0,medium
2022,4,14,883,12,16,1,4,132,0.0159,0.2121,0,0,0,1,1,0,1,0,medium
2022,4,134,2051,15,17,1,18,271,0.0653,0.1181,0,1,0,1,1,0,1,0,medium
2024,2,119,1216,7,8,1,14,173,0.0979,0.0867,0.6667,1,0.6667,1,1,0,1,0,high
2023,3,62,2155,13,16,1,9,319,0.0288,0.0909,0.3333,1,0.3333,1,0,0,1,0,high
2022,4,101,1014,19,22,1,15,149,0.0996,0.2752,0,1,0,1,1,1,0,0,medium
2022,4,78,1478,11,15,1,10,204,0.0528,0.1275,0,1,0,0,0,0,0,1,medium
2022,4,83,879,14,17,1,8,123,0.0944,0.252,0,1,0,1,0,1,0,0,medium
2023,3,170,1597,16,18,1,20,219,0.1064,0.1553,0.3333,1,0.3333,1,1,0,1,0,high
2022,4,59,1319,12,15,1,8,184,0.0447,0.1467,0,1,0,0,0,0,0,1,medium
2022,4,115,1293,13,17,1,15,186,0.0889,0.1613,0,1,0,0,0,0,0,1,medium
2022,4,97,1250,18,20,1,11,161,0.0776,0.236,0,1,0,1,0,0,1,0,medium
2022,4,121,2016,12,16,1,16,278,0.06,0.1007,0,1,0,1,1,0,1,0,medium
2022,4,103,1636,11,15,1,13,185,0.063,0.1405,0,1,0,1,0,0,1,0,medium
2022,4,40,1382,7,10,1,5,188,0.0289,0.0904,0,1,0,1,1,0,1,0,medium
2022,4,97,2386,18,21,1,12,317,0.0407,0.123,0,1,0,1,1,1,0,0,medium
2023,3,54,2575,20,27,1,7,372,0.021,0.1263,0.3333,0,0.3333,1,1,1,0,0,high
2022,4,67,1123,13,16,1,7,166,0.0597,0.1747,0,0,0,1,1,0,1,0,medium
2022,4,56,1020,14,15,1,6,138,0.0549,0.2101,0,1,0,1,1,0,1,0,medium
2022,4,112,1535,12,19,1,14,223,0.073,0.139,0,1,0,1,1,0,1,0,medium
2022,4,55,785,9,11,1,7,113,0.0701,0.177,0,1,0,1,1,0,1,0,medium
2022,4,82,1659,14,16,1,11,258,0.0494,0.1163,0,1,0,1,0,1,0,0,medium
2023,3,151,1740,11,16,1,17,242,0.0868,0.1116,0.3333,1,0.3333,1,0,0,1,0,high
2025,1,76,1308,4,4,1,9,166,0.0581,0.0482,1,0,1,1,1,1,0,0,high
2023,3,91,2954,7,8,1,11,425,0.0308,0.0353,0.3333,0,0.3333,1,0,0,1,0,high
2022,4,106,1714,13,21,1,17,248,0.0618,0.1371,0,1,0,1,1,1,0,0,medium
2022,4,61,2104,10,14,1,8,295,0.029,0.0814,0,0,0,1,0,0,1,0,medium
2023,3,44,1249,6,6,1,5,176,0.0352,0.0682,0.3333,1,0.3333,1,1,0,1,0,high
2022,4,65,1187,17,24,1,9,177,0.0548,0.2316,0,1,0,0,0,0,0,1,medium
2022,4,50,1433,13,16,1,7,190,0.0349,0.1526,0,0,0,1,1,0,1,0,medium
2023,3,94,1310,12,17,1,12,183,0.0718,0.1585,0.3333,1,0.3333,1,1,1,0,0,high
2022,4,58,1798,8,11,1,8,275,0.0323,0.0691,0,1,0,1,0,0,1,0,medium
2022,4,65,1174,17,23,1,9,176,0.0554,0.2273,0,0,0,1,1,1,0,0,medium
2022,4,50,1640,25,27,1,9,231,0.0305,0.2251,0,1,0,1,1,0,1,0,medium
2022,4,68,1728,16,17,1,7,225,0.0394,0.1467,0,1,0,0,0,0,0,1,medium
2022,4,75,1384,8,12,1,10,199,0.0542,0.1005,0,1,0,0,0,0,0,1,medium
2023,3,83,1619,14,18,1,11,248,0.0513,0.129,0.3333,1,0.3333,1,1,1,0,0,high
2025,1,153,1438,9,11,1,20,199,0.1064,0.1005,1,1,1,1,1,0,1,0,high
2023,3,68,580,12,12,1,11,81,0.1172,0.2963,0.3333,1,0.3333,1,1,1,0,0,high
2024,2,116,2223,9,10,1,15,310,0.0522,0.0613,0.6667,1,0.6667,1,1,0,1,0,high
2023,3,34,1021,8,12,1,3,141,0.0333,0.1418,0.3333,1,0.3333,1,1,0,1,0,high
2022,4,63,2211,13,18,1,8,305,0.0285,0.1016,0,0,0,1,1,1,0,0,medium
2022,4,150,1510,22,25,1,16,214,0.0993,0.2196,0,1,0,1,1,0,1,0,medium
2022,4,65,770,10,13,1,9,120,0.0844,0.1917,0,0,0,1,1,1,0,0,medium
2022,4,69,1864,13,19,1,9,230,0.037,0.1391,0,1,0,0,0,0,0,1,medium
2023,3,132,1585,8,12,1,17,228,0.0833,0.0877,0.3333,1,0.3333,1,0,0,1,0,high
2022,4,95,1191,8,8,1,10,172,0.0798,0.093,0,1,0,1,1,0,1,0,medium
2022,4,52,1875,8,9,1,5,249,0.0277,0.0683,0,1,0,0,0,0,0,1,medium
2022,4,65,1219,10,13,1,8,146,0.0533,0.1575,0,0,0,1,1,0,1,0,medium
2023,3,80,1042,6,8,1,9,142,0.0768,0.0986,0.3333,0,0.3333,0,0,0,0,1,high
2023,3,88,874,7,8,1,14,131,0.1007,0.1145,0.3333,1,0.3333,1,1,1,0,0,high
2023,3,17,1574,13,16,1,4,237,0.0108,0.1224,0.3333,0,0.3333,1,1,1,0,0,high
2022,4,80,1403,18,26,1,9,195,0.057,0.2256,0,0,0,0,0,0,0,1,medium
2022,4,13,1018,13,19,1,1,153,0.0128,0.2092,0,0,0,0,0,0,0,1,medium
2023,3,102,1570,11,11,1,12,230,0.065,0.0957,0.3333,1,0.3333,1,0,0,1,0,high
2022,4,134,1178,20,22,1,18,158,0.1138,0.2658,0,1,0,0,0,0,0,1,medium
2024,2,39,888,12,18,1,6,113,0.0439,0.2655,0.6667,1,0.6667,0,0,0,0,1,high
2024,2,61,1548,4,5,1,8,210,0.0394,0.0429,0.6667,1,0.6667,1,1,0,1,0,high
2023,3,31,1705,8,10,1,5,220,0.0182,0.0818,0.3333,1,0.3333,0,0,0,0,1,high
2022,4,58,1901,13,16,1,7,288,0.0305,0.1007,0,1,0,0,0,0,0,1,medium
2023,3,140,142,6,9,1,15,16,0.9859,0.9375,0.3333,1,0.3333,1,1,0,1,0,high
2022,4,68,921,7,9,1,10,142,0.0738,0.1127,0,1,0,1,1,0,1,0,medium
2022,4,159,1386,15,18,1,22,186,0.1147,0.1774,0,1,0,1,1,1,0,0,medium
2022,4,126,1808,10,11,1,16,237,0.0697,0.0886,0,0,0,0,0,0,0,1,medium
2023,3,109,1711,19,24,1,16,241,0.0637,0.1784,0.3333,1,0.3333,1,1,1,0,0,high
2022,4,80,1288,13,19,1,10,183,0.0621,0.1749,0,1,0,1,1,1,0,0,medium
2022,4,56,899,15,16,1,7,127,0.0623,0.2441,0,1,0,1,1,0,1,0,medium
2024,2,118,1851,10,11,1,12,230,0.0637,0.0913,0.6667,0,0.6667,1,0,1,0,0,high
2024,2,55,1120,4,4,1,6,148,0.0491,0.0541,0.6667,0,0.6667,0,0,0,0,1,high
2024,2,112,1287,14,18,1,12,161,0.087,0.1988,0.6667,1,0.6667,1,0,1,0,0,high
2022,4,66,1082,10,17,1,10,162,0.061,0.1667,0,1,0,0,0,0,0,1,medium
2022,4,119,1018,9,14,1,14,157,0.1169,0.1465,0,1,0,1,1,1,0,0,medium
2023,3,100,1768,17,24,1,11,247,0.0566,0.166,0.3333,1,0.3333,1,1,0,1,0,high
2023,3,108,1690,15,23,1,14,232,0.0639,0.1638,0.3333,1,0.3333,1,1,1,0,0,high
2023,3,53,1163,15,17,1,7,161,0.0456,0.1988,0.3333,1,0.3333,1,0,0,1,0,high
2023,3,85,1301,15,25,1,12,185,0.0653,0.2162,0.3333,1,0.3333,1,1,1,0,0,high
2022,4,24,740,6,6,1,2,104,0.0324,0.1154,0,1,0,0,0,0,0,1,medium
2023,3,116,1515,13,18,1,17,209,0.0766,0.1483,0.3333,1,0.3333,1,1,1,0,0,high
2022,4,79,649,12,13,1,9,93,0.1217,0.2688,0,0,0,1,1,0,1,0,medium
2022,4,65,1703,6,6,1,9,246,0.0382,0.0488,0,1,0,1,1,1,0,0,medium
2024,2,125,3063,14,16,1,15,387,0.0408,0.0775,0.6667,0,0.6667,1,1,1,0,0,high
2023,3,38,1085,3,3,1,6,156,0.035,0.0385,0.3333,1,0.3333,1,1,0,1,0,high
2022,4,66,1299,12,16,1,9,193,0.0508,0.1451,0,1,0,0,0,0,0,1,medium
2022,4,113,236,22,25,1,13,38,0.4788,1.2368,0,1,0,0,0,0,0,1,medium
2022,4,100,1273,13,17,1,10,170,0.0786,0.1765,0,1,0,0,0,0,0,1,medium
2023,3,59,1294,12,14,1,6,182,0.0456,0.1429,0.3333,1,0.3333,1,1,0,1,0,high
2023,3,87,690,12,15,1,10,97,0.1261,0.2784,0.3333,1,0.3333,1,1,1,0,0,high
2023,3,91,1523,17,21,1,13,217,0.0598,0.1751,0.3333,1,0.3333,1,1,1,0,0,high
2023,3,69,1679,12,19,1,8,239,0.0411,0.1297,0.3333,1,0.3333,0,0,0,0,1,high
2023,3,56,1272,13,14,1,8,187,0.044,0.1444,0.3333,0,0.3333,0,0,0,0,1,high
2023,3,53,2258,10,14,1,7,300,0.0235,0.08,0.3333,1,0.3333,1,1,1,0,0,high
2023,3,34,1048,13,15,1,4,158,0.0324,0.1772,0.3333,1,0.3333,1,0,0,1,0,high
2023,3,119,1557,13,18,1,18,216,0.0764,0.1435,0.3333,1,0.3333,0,0,0,0,1,high
2022,4,83,1017,13,20,1,11,139,0.0816,0.2374,0,1,0,0,0,0,0,1,medium
2023,3,90,1437,10,10,1,12,195,0.0626,0.1026,0.3333,1,0.3333,0,0,0,0,1,high
2022,4,89,1676,8,8,1,15,248,0.0531,0.0645,0,1,0,1,1,1,0,0,medium
2023,3,110,1241,15,19,1,17,178,0.0886,0.191,0.3333,0,0.3333,1,1,1,0,0,high
2022,4,108,1676,11,16,1,12,228,0.0644,0.1184,0,1,0,0,0,0,0,1,medium
2023,3,72,1288,12,17,1,8,169,0.0559,0.1716,0.3333,1,0.3333,0,0,0,0,1,high
2023,3,108,1451,13,13,1,17,216,0.0744,0.1204,0.3333,0,0.3333,0,0,0,0,1,high
2023,3,48,1621,12,15,1,7,224,0.0296,0.1205,0.3333,0,0.3333,1,1,1,0,0,high
2022,4,52,1363,12,15,1,8,197,0.0382,0.1371,0,1,0,1,1,0,1,0,medium
2022,4,65,1272,21,22,1,9,193,0.0511,0.2228,0,1,0,1,1,1,0,0,medium
2022,4,44,1354,11,22,1,7,202,0.0325,0.1634,0,0,0,0,0,0,0,1,medium
2024,2,61,2213,9,9,1,8,300,0.0276,0.06,0.6667,0,0.6667,1,1,1,0,0,high
2023,3,68,3286,13,18,1,9,470,0.0207,0.066,0.3333,1,0.3333,1,1,1,0,0,high
2022,4,52,1246,8,12,1,7,173,0.0417,0.1156,0,0,0,1,1,0,1,0,medium
2022,4,64,1380,13,20,1,7,178,0.0464,0.1854,0,0,0,0,0,0,0,1,medium
2024,2,81,1164,4,4,1,10,160,0.0696,0.05,0.6667,1,0.6667,0,0,0,0,1,high
2022,4,90,1014,20,25,1,12,140,0.0888,0.3214,0,1,0,1,1,0,1,0,medium
2022,4,79,1676,11,17,1,8,233,0.0471,0.1202,0,1,0,1,1,0,1,0,medium
2024,2,104,1214,7,7,1,12,178,0.0857,0.0787,0.6667,1,0.6667,1,1,1,0,0,high
2023,3,82,1762,11,14,1,12,237,0.0465,0.1055,0.3333,1,0.3333,1,1,1,0,0,high
2024,2,96,1761,4,5,1,11,240,0.0545,0.0375,0.6667,1,0.6667,1,0,0,1,0,high
2023,3,81,900,15,19,1,9,128,0.09,0.2656,0.3333,1,0.3333,1,1,0,1,0,high
2023,3,154,1733,11,11,1,20,250,0.0889,0.088,0.3333,1,0.3333,1,1,1,0,0,high
2022,4,85,1098,12,15,1,11,149,0.0774,0.1812,0,1,0,1,1,0,1,0,medium
2023,3,76,1228,20,23,1,10,161,0.0619,0.2671,0.3333,1,0.3333,1,1,0,1,0,high
2023,3,84,1073,15,19,1,12,149,0.0783,0.2282,0.3333,1,0.3333,1,1,0,1,0,high
2022,4,76,1970,20,25,1,10,294,0.0386,0.15310000000000001,0,0,0,1,1,1,0,0,medium
2022,4,143,1796,18,21,1,20,253,0.0796,0.1542,0,1,0,1,1,1,0,0,medium
2022,4,38,678,18,23,1,6,92,0.056,0.4457,0,1,0,1,1,1,0,0,medium
2022,4,96,1432,15,24,1,12,201,0.067,0.194,0,1,0,0,0,0,0,1,medium
2024,2,85,1799,11,12,1,11,252,0.0472,0.0913,0.6667,0,0.6667,0,0,0,0,1,high
2022,4,132,1906,17,23,1,17,273,0.0693,0.1465,0,1,0,1,1,0,1,0,medium
2022,4,38,1036,10,11,1,5,142,0.0367,0.1479,0,1,0,1,1,1,0,0,medium
2023,3,70,1634,14,19,1,8,230,0.0428,0.1435,0.3333,1,0.3333,1,1,0,1,0,high
2022,4,86,1017,18,18,1,8,140,0.0846,0.2571,0,1,0,1,1,0,1,0,medium
2024,2,64,1553,11,12,1,8,202,0.0412,0.1139,0.6667,0,0.6667,0,0,0,0,1,high
2023,3,119,1286,9,12,1,19,172,0.0925,0.1221,0.3333,0,0.3333,1,1,1,0,0,high
2022,4,89,980,13,18,1,10,140,0.0908,0.2214,0,0,0,0,0,0,0,1,medium
2022,4,91,1131,14,18,1,11,166,0.0805,0.1928,0,0,0,0,0,0,0,1,medium
2022,4,53,1271,3,3,1,8,172,0.0417,0.0349,0,0,0,1,1,1,0,0,medium
2023,3,86,2086,11,11,1,12,322,0.0412,0.0683,0.3333,1,0.3333,1,1,1,0,0,high
2022,4,40,1178,8,11,1,6,172,0.034,0.1105,0,0,0,1,0,1,0,0,medium
2023,3,68,2327,11,12,1,8,326,0.0292,0.0706,0.3333,1,0.3333,1,1,1,0,0,high
2022,4,124,1326,14,22,1,16,195,0.0935,0.1846,0,0,0,0,0,0,0,1,medium
2022,4,111,1296,14,19,1,13,184,0.0856,0.1793,0,1,0,1,1,0,1,0,medium
2022,4,111,1671,16,17,1,14,250,0.0664,0.132,0,1,0,1,0,0,1,0,medium
2022,4,145,1270,13,15,1,18,177,0.1142,0.1582,0,1,0,1,1,1,0,0,medium
2022,4,81,1850,17,22,1,9,257,0.0438,0.1518,0,0,0,1,0,1,0,0,medium
2024,2,59,1575,11,13,1,8,221,0.0375,0.1086,0.6667,1,0.6667,1,1,1,0,0,high
2022,4,53,598,8,9,1,8,90,0.0886,0.1889,0,0,0,1,1,1,0,0,medium
2022,4,108,2177,18,23,1,14,312,0.0496,0.1314,0,1,0,1,1,0,1,0,medium
2022,4,91,1246,13,16,1,15,173,0.073,0.1676,0,1,0,1,1,0,1,0,medium
2023,3,90,2980,8,10,1,15,449,0.0302,0.0401,0.3333,0,0.3333,1,1,1,0,0,high
2023,3,102,1476,11,18,1,12,222,0.0691,0.1306,0.3333,0,0.3333,1,0,1,0,0,high
2024,2,57,1137,9,11,1,9,160,0.0501,0.125,0.6667,1,0.6667,1,1,0,1,0,high
2023,3,89,1293,20,30,1,12,179,0.0688,0.2793,0.3333,1,0.3333,1,0,0,1,0,high
2022,4,72,993,15,16,1,10,143,0.0725,0.2168,0,1,0,1,1,0,1,0,medium
2022,4,71,1669,9,10,1,10,238,0.0425,0.0798,0,1,0,0,0,0,0,1,medium
2022,4,91,985,15,19,1,14,143,0.0924,0.2378,0,1,0,1,1,1,0,0,medium
2022,4,86,1794,13,16,1,11,245,0.0479,0.1184,0,1,0,0,0,0,0,1,medium
2023,3,80,2008,11,12,1,11,293,0.0398,0.0785,0.3333,0,0.3333,1,1,0,1,0,high
2022,4,95,2267,13,17,1,10,301,0.0419,0.0997,0,1,0,1,1,1,0,0,medium
2022,4,77,1583,12,13,1,10,240,0.0486,0.1042,0,1,0,0,0,0,0,1,medium
2023,3,88,164,4,5,1,12,23,0.5366,0.3913,0.3333,1,0.3333,1,1,0,1,0,high
2023,3,88,434,14,18,1,7,54,0.2028,0.5926,0.3333,1,0.3333,1,0,0,1,0,high
2022,4,42,839,18,22,1,6,118,0.0501,0.339,0,0,0,1,0,0,1,0,medium
2022,4,60,1305,10,13,1,8,195,0.046,0.1179,0,1,0,1,0,0,1,0,medium
2022,4,34,1400,12,16,1,3,181,0.0243,0.1547,0,1,0,1,1,0,1,0,medium
2025,1,57,1486,9,25,1,8,204,0.0384,0.1667,1,1,1,0,0,0,0,1,high
2024,2,88,1044,15,19,1,11,146,0.0843,0.2329,0.6667,1,0.6667,1,1,0,1,0,high
2023,3,64,1330,7,9,1,9,182,0.0481,0.0879,0.3333,1,0.3333,1,0,1,0,0,high
2022,4,50,732,9,12,1,8,100,0.0683,0.21,0,1,0,1,1,1,0,0,medium
2022,4,142,1196,18,22,1,19,150,0.1187,0.2667,0,1,0,1,1,0,1,0,medium
2022,4,116,3673,15,18,1,12,474,0.0316,0.0696,0,1,0,0,0,0,0,1,medium
2022,4,57,1083,12,18,1,9,156,0.0526,0.1923,0,1,0,1,0,0,1,0,medium
2023,3,144,1708,19,26,1,20,250,0.0843,0.18,0.3333,1,0.3333,1,1,1,0,0,high
2023,3,67,199,12,15,1,11,28,0.3367,0.9643,0.3333,0,0.3333,0,0,0,0,1,high
2024,2,69,1575,10,10,1,7,218,0.0438,0.0917,0.6667,1,0.6667,1,1,1,0,0,high
2023,3,58,1888,17,21,1,8,282,0.0307,0.1348,0.3333,1,0.3333,1,1,1,0,0,high
2022,4,28,1247,10,13,1,4,159,0.0225,0.1447,0,1,0,1,1,1,0,0,medium
2022,4,45,1461,13,15,1,6,221,0.0308,0.1267,0,1,0,1,0,0,1,0,medium
2024,2,113,1413,10,10,1,15,195,0.08,0.1026,0.6667,1,0.6667,1,1,0,1,0,high
2022,4,123,1398,10,11,1,14,203,0.088,0.1034,0,0,0,1,1,0,1,0,medium
2023,3,114,1614,10,10,1,14,230,0.0706,0.087,0.3333,1,0.3333,1,0,0,1,0,high
2023,3,79,878,7,7,1,10,122,0.09,0.1148,0.3333,0,0.3333,0,0,0,0,1,high
2024,2,99,1642,13,19,1,12,221,0.0603,0.1448,0.6667,1,0.6667,1,0,0,1,0,high
2023,3,57,1443,13,20,1,8,215,0.0395,0.1535,0.3333,0,0.3333,1,1,1,0,0,high
2024,2,84,1267,9,15,1,11,169,0.0663,0.142,0.6667,0,0.6667,1,0,0,1,0,high
2022,4,99,1227,13,14,1,12,171,0.0807,0.1579,0,1,0,1,1,1,0,0,medium
2023,3,58,698,14,15,1,8,97,0.0831,0.299,0.3333,1,0.3333,1,1,1,0,0,high
2022,4,105,1578,18,19,1,13,230,0.0665,0.1609,0,1,0,1,1,1,0,0,medium
2022,4,103,1061,13,16,1,12,152,0.0971,0.1908,0,1,0,1,1,1,0,0,medium
2022,4,74,1098,12,15,1,9,147,0.0674,0.1837,0,1,0,1,1,1,0,0,medium
2022,4,100,1564,14,16,1,12,228,0.0639,0.1316,0,0,0,0,0,0,0,1,medium
2024,2,59,1086,14,19,1,8,150,0.0543,0.22,0.6667,1,0.6667,1,1,1,0,0,high
2023,3,111,1586,11,11,1,16,231,0.07,0.0952,0.3333,1,0.3333,1,1,0,1,0,high
2023,3,63,1605,14,18,1,8,221,0.0393,0.1448,0.3333,1,0.3333,1,1,0,1,0,high
2022,4,82,1210,16,24,1,10,180,0.0678,0.2222,0,1,0,1,1,0,1,0,medium
2024,2,72,1885,15,18,1,9,258,0.0382,0.1279,0.6667,1,0.6667,1,1,0,1,0,high
2022,4,121,1419,18,18,1,11,193,0.0853,0.1865,0,1,0,0,0,0,0,1,medium
2023,3,40,966,10,12,1,5,136,0.0414,0.1618,0.3333,1,0.3333,0,0,0,0,1,high
2022,4,116,1029,11,15,1,15,149,0.1127,0.1745,0,0,0,1,1,1,0,0,medium
2023,3,123,2014,5,5,1,14,276,0.0611,0.0362,0.3333,1,0.3333,1,1,1,0,0,high
2022,4,60,1394,14,25,1,7,199,0.043,0.196,0,1,0,1,1,0,1,0,medium
2022,4,84,1235,16,16,1,11,175,0.068,0.1829,0,1,0,1,1,0,1,0,medium
2022,4,97,1426,18,21,1,12,189,0.068,0.2063,0,1,0,1,1,0,1,0,medium
2022,4,68,1751,11,14,1,9,224,0.0388,0.1116,0,1,0,1,1,1,0,0,medium
2022,4,60,1308,16,23,1,8,173,0.0459,0.2254,0,1,0,1,1,0,1,0,medium
2022,4,48,1433,14,19,1,7,211,0.0335,0.1564,0,0,0,1,1,1,0,0,medium
2022,4,34,1509,9,11,1,4,213,0.0225,0.0939,0,1,0,1,1,1,0,0,medium
2022,4,86,1437,11,11,1,9,190,0.0598,0.1158,0,1,0,1,1,0,1,0,medium
2022,4,73,1951,17,20,1,11,276,0.0374,0.1341,0,1,0,1,1,0,1,0,medium
2023,3,94,2278,12,19,1,12,319,0.0413,0.0972,0.3333,1,0.3333,1,1,0,1,0,high
2023,3,102,886,8,10,1,12,117,0.1151,0.1538,0.3333,1,0.3333,0,0,0,0,1,high
2023,3,65,1462,10,17,1,11,213,0.0445,0.1268,0.3333,1,0.3333,1,1,1,0,0,high
2023,3,74,1493,12,22,1,9,225,0.0496,0.1511,0.3333,1,0.3333,1,0,0,1,0,high
2022,4,118,1510,10,13,1,14,221,0.0781,0.1041,0,1,0,0,0,0,0,1,medium
2024,2,91,1038,14,18,1,11,149,0.0877,0.2148,0.6667,1,0.6667,1,1,0,1,0,high
2023,3,98,1495,8,9,1,15,228,0.0656,0.0746,0.3333,0,0.3333,1,0,0,1,0,high
2022,4,60,1261,20,24,1,9,195,0.0476,0.2256,0,1,0,1,1,1,0,0,medium
2022,4,97,1401,15,20,1,12,195,0.0692,0.1795,0,1,0,1,1,0,1,0,medium
2022,4,102,853,8,8,1,12,117,0.1196,0.1368,0,1,0,1,1,0,1,0,medium
2023,3,53,1031,15,15,1,6,137,0.0514,0.219,0.3333,1,0.3333,0,0,0,0,1,high
2023,3,90,995,12,14,1,11,125,0.0905,0.208,0.3333,0,0.3333,0,0,0,0,1,high
2023,3,41,2186,6,10,1,7,326,0.0188,0.0491,0.3333,0,0.3333,1,1,0,1,0,high
2022,4,79,960,18,29,1,7,127,0.0823,0.3701,0,0,0,1,1,0,1,0,medium
2023,3,93,1802,14,22,1,13,263,0.0516,0.1369,0.3333,1,0.3333,0,0,0,0,1,high
2023,3,120,1394,15,19,1,22,215,0.0861,0.1581,0.3333,1,0.3333,1,0,1,0,0,medium
2022,4,81,1041,15,22,1,9,149,0.0778,0.2483,0,1,0,0,0,0,0,1,medium
2022,4,70,1705,4,6,1,12,244,0.0411,0.041,0,1,0,1,1,0,1,0,medium
2022,4,82,955,13,16,1,11,127,0.0859,0.2283,0,0,0,1,1,1,0,0,medium
2022,4,144,1066,15,19,1,17,146,0.1351,0.2329,0,1,0,1,1,1,0,0,medium
2022,4,102,127,14,17,1,16,23,0.8031,1.3478,0,1,0,1,1,0,1,0,medium
2024,2,116,1385,16,21,1,13,183,0.0838,0.2022,0.6667,1,0.6667,1,1,1,0,0,high
2023,3,98,1529,11,12,1,14,207,0.0641,0.1111,0.3333,1,0.3333,1,1,0,1,0,medium
2023,3,68,1937,10,13,1,10,288,0.0351,0.0799,0.3333,1,0.3333,1,1,1,0,0,medium
2022,4,62,1140,13,20,1,9,174,0.0544,0.1897,0,1,0,1,1,1,0,0,medium
2022,4,112,1633,11,14,1,15,243,0.0686,0.1029,0,1,0,1,1,1,0,0,medium
2024,2,28,1141,13,18,1,4,163,0.0245,0.1902,0.6667,1,0.6667,1,1,0,1,0,high
2023,3,71,1520,13,15,1,7,196,0.0467,0.1429,0.3333,1,0.3333,1,1,0,1,0,medium
2022,4,71,1517,10,12,1,9,199,0.0468,0.1106,0,1,0,1,1,1,0,0,medium
2022,4,48,1586,10,17,1,4,219,0.0303,0.1233,0,0,0,0,0,0,0,1,medium
2022,4,95,907,12,15,1,14,140,0.1047,0.1929,0,1,0,1,0,0,1,0,medium
2023,3,81,1612,5,5,1,10,226,0.0502,0.0442,0.3333,0,0.3333,1,1,0,1,0,medium
2022,4,53,1032,9,16,1,8,151,0.0514,0.1656,0,0,0,1,1,0,1,0,medium
2022,4,27,1530,8,13,1,4,226,0.0176,0.0929,0,1,0,1,0,0,1,0,medium
2024,2,112,1594,7,8,1,17,241,0.0703,0.0622,0.6667,0,0.6667,1,0,1,0,0,high
2022,4,73,2117,8,8,1,9,283,0.0345,0.0565,0,0,0,0,0,0,0,1,medium
2025,1,113,1036,12,12,1,12,133,0.1091,0.1805,1,1,1,1,1,0,1,0,high
2024,2,40,940,10,12,1,7,135,0.0426,0.163,0.6667,0,0.6667,1,1,0,1,0,high
2023,3,84,1952,11,13,1,10,280,0.043,0.0857,0.3333,1,0.3333,1,1,1,0,0,medium
2022,4,116,1294,10,15,1,12,175,0.0896,0.1429,0,1,0,1,1,0,1,0,medium
2022,4,89,1428,13,18,1,11,198,0.0623,0.1566,0,0,0,0,0,0,0,1,medium
2023,3,107,1089,11,14,1,11,163,0.0983,0.1534,0.3333,1,0.3333,1,1,0,1,0,medium
2023,3,68,778,20,25,1,9,108,0.0874,0.4167,0.3333,1,0.3333,0,0,0,0,1,medium
2022,4,64,1085,13,17,1,7,141,0.059,0.2128,0,0,0,1,1,0,1,0,medium
2022,4,103,667,9,9,1,11,95,0.1544,0.1895,0,1,0,1,1,1,0,0,medium
2022,4,50,851,8,14,1,7,128,0.0588,0.1719,0,0,0,1,1,0,1,0,medium
2023,3,105,2094,12,14,1,14,288,0.0501,0.0903,0.3333,1,0.3333,1,1,1,0,0,medium
2022,4,54,862,19,22,1,7,116,0.0626,0.3534,0,1,0,1,1,0,1,0,medium
2022,4,112,2251,15,18,1,13,307,0.0498,0.1075,0,1,0,1,0,0,1,0,medium
2024,2,232,2839,20,28,1,32,407,0.0817,0.1179,0.6667,0,0.6667,1,1,1,0,0,high
2022,4,66,1842,10,10,1,6,250,0.0358,0.08,0,1,0,1,1,0,1,0,medium
2022,4,96,2227,14,19,1,12,332,0.0431,0.0994,0,1,0,1,0,1,0,0,medium
2024,2,99,1746,10,10,1,13,246,0.0567,0.0813,0.6667,1,0.6667,1,1,1,0,0,high
2023,3,92,1586,11,13,1,11,227,0.058,0.1057,0.3333,1,0.3333,0,0,0,0,1,medium
2023,3,106,134,9,11,1,17,15,0.791,1.3333,0.3333,0,0.3333,1,1,1,0,0,medium
2022,4,96,2149,6,6,1,10,298,0.0447,0.0403,0,1,0,1,1,1,0,0,medium
2025,1,49,1335,4,4,1,7,200,0.0367,0.04,1,0,1,1,1,0,1,0,high
2024,2,56,1461,7,7,1,9,198,0.0383,0.0707,0.6667,0,0.6667,1,1,0,1,0,high
2023,3,115,1228,14,23,1,17,182,0.0936,0.2033,0.3333,1,0.3333,1,0,0,1,0,medium
2022,4,54,1338,10,12,1,8,196,0.0404,0.1122,0,0,0,0,0,0,0,1,medium
2022,4,79,1060,16,23,1,8,154,0.0745,0.2532,0,1,0,1,1,0,1,0,medium
2022,4,98,1683,14,20,1,13,254,0.0582,0.1339,0,1,0,1,0,0,1,0,medium
2022,4,115,1064,12,16,1,15,151,0.1081,0.1854,0,1,0,1,1,0,1,0,medium
2022,4,90,1713,6,7,1,11,250,0.0525,0.052,0,1,0,1,1,0,1,0,medium
2022,4,87,1268,11,14,1,11,173,0.0686,0.1445,0,1,0,1,1,0,1,0,medium
2024,2,92,2086,7,8,1,12,279,0.0441,0.0538,0.6667,0,0.6667,0,0,0,0,1,high
2023,3,86,1456,15,15,1,11,198,0.0591,0.1515,0.3333,1,0.3333,1,1,0,1,0,medium
2023,3,45,583,9,13,1,7,85,0.0772,0.2588,0.3333,0,0.3333,1,1,1,0,0,medium
2022,4,113,1420,11,13,1,13,190,0.0796,0.1263,0,1,0,1,1,0,1,0,medium
2022,4,67,1323,10,14,1,9,198,0.0506,0.1212,0,1,0,1,1,1,0,0,medium
2022,4,70,1931,16,19,1,9,277,0.0363,0.1264,0,1,0,1,1,1,0,0,medium
2024,2,76,954,16,21,1,11,133,0.0797,0.2782,0.6667,1,0.6667,1,1,0,1,0,high
2022,4,96,1041,12,16,1,12,145,0.0922,0.1931,0,1,0,1,1,0,1,0,medium
2022,4,90,1363,8,8,1,11,201,0.066,0.0796,0,1,0,1,1,0,1,0,medium
2022,4,99,1126,13,14,1,11,151,0.0879,0.1788,0,1,0,1,1,1,0,0,medium
2022,4,81,1046,13,17,1,10,154,0.0774,0.1948,0,1,0,1,1,1,0,0,medium
2022,4,118,1243,12,16,1,15,173,0.0949,0.1618,0,1,0,1,1,1,0,0,medium
2023,3,68,2206,11,13,1,10,343,0.0308,0.07,0.3333,1,0.3333,1,1,1,0,0,medium
2023,3,45,809,12,18,1,9,120,0.0556,0.25,0.3333,0,0.3333,0,0,0,0,1,medium
2022,4,75,1205,21,25,1,11,176,0.0622,0.2614,0,0,0,1,1,0,1,0,medium
2022,4,69,1049,13,15,1,7,156,0.0658,0.1795,0,1,0,1,1,1,0,0,medium
2022,4,90,2349,10,12,1,13,338,0.0383,0.0651,0,0,0,1,1,0,1,0,medium
2024,2,34,1308,14,18,1,3,189,0.026,0.1693,0.6667,1,0.6667,0,0,0,0,1,high
2023,3,108,1968,7,9,1,15,293,0.0549,0.0546,0.3333,1,0.3333,1,1,1,0,0,medium
2023,3,76,1222,29,36,1,10,170,0.0622,0.3824,0.3333,1,0.3333,1,1,1,0,0,medium
2023,3,80,838,11,19,1,10,118,0.0955,0.2542,0.3333,0,0.3333,1,1,1,0,0,medium
2023,3,124,2387,9,11,1,14,320,0.0519,0.0625,0.3333,1,0.3333,1,0,0,1,0,medium
2022,4,78,1137,8,22,1,10,168,0.0686,0.1786,0,1,0,1,1,1,0,0,medium
2022,4,71,1276,11,11,1,10,177,0.0556,0.1243,0,1,0,1,1,1,0,0,medium
2022,4,109,1016,17,25,1,14,138,0.1073,0.3043,0,1,0,1,1,0,1,0,medium
2022,4,49,703,12,16,1,6,100,0.0697,0.28,0,1,0,1,1,1,0,0,medium
2023,3,87,1432,13,14,1,8,216,0.0608,0.125,0.3333,0,0.3333,0,0,0,0,1,medium
2022,4,88,1708,14,16,1,11,238,0.0515,0.1261,0,1,0,0,0,0,0,1,medium
2022,4,35,760,10,13,1,5,104,0.0461,0.2212,0,0,0,1,1,1,0,0,medium
2022,4,127,2486,14,15,1,15,343,0.0511,0.0845,0,1,0,1,1,0,1,0,medium
2022,4,100,1210,12,15,1,14,180,0.0826,0.15,0,1,0,0,0,0,0,1,medium
2024,2,65,1405,6,8,1,8,188,0.0463,0.0745,0.6667,1,0.6667,0,0,0,0,1,high
2023,3,98,1139,12,16,1,10,147,0.086,0.1905,0.3333,1,0.3333,1,1,1,0,0,medium
2023,3,65,1309,16,18,1,10,191,0.0497,0.178,0.3333,1,0.3333,1,1,1,0,0,medium
2022,4,86,1982,14,16,1,13,284,0.0434,0.1056,0,1,0,0,0,0,0,1,medium
2022,4,107,2177,14,18,1,16,310,0.0492,0.1032,0,1,0,1,0,0,1,0,medium
2022,4,94,1304,17,18,1,12,177,0.0721,0.1977,0,1,0,1,1,1,0,0,medium
2023,3,133,971,13,15,1,18,146,0.137,0.1918,0.3333,1,0.3333,1,1,0,1,0,medium
2022,4,87,1578,19,26,1,12,229,0.0551,0.1965,0,1,0,1,1,0,1,0,medium
2024,2,77,179,8,8,1,10,25,0.4302,0.64,0.6667,1,0.6667,1,1,0,1,0,high
2024,2,54,1518,3,3,1,8,195,0.0356,0.0308,0.6667,0,0.6667,1,1,0,1,0,high
2023,3,98,1898,9,12,1,12,252,0.0516,0.0833,0.3333,1,0.3333,1,0,1,0,0,medium
2022,4,93,1976,13,15,1,11,286,0.0471,0.0979,0,1,0,1,1,1,0,0,medium
2023,3,40,1146,9,10,1,6,163,0.0349,0.1166,0.3333,1,0.3333,1,1,1,0,0,medium
2024,2,74,1727,14,16,1,10,247,0.0428,0.1215,0.6667,1,0.6667,1,1,0,1,0,high
2023,3,63,2399,17,19,1,9,325,0.0263,0.1108,0.3333,0,0.3333,1,1,1,0,0,medium
2022,4,67,1258,11,12,1,8,152,0.0533,0.1513,0,1,0,1,1,1,0,0,medium
2022,4,78,245,10,11,1,10,35,0.3184,0.6,0,1,0,1,1,0,1,0,medium
2024,2,61,1426,11,13,1,7,195,0.0428,0.1231,0.6667,1,0.6667,1,1,1,0,0,high
2023,3,155,1975,5,5,1,18,291,0.0785,0.0344,0.3333,1,0.3333,1,1,1,0,0,medium
2023,3,57,1195,7,7,1,8,166,0.0477,0.0843,0.3333,0,0.3333,0,0,0,0,1,medium
2023,3,95,1420,12,14,1,14,216,0.0669,0.1204,0.3333,1,0.3333,1,1,1,0,0,medium
2022,4,73,1201,9,10,1,12,163,0.0608,0.1166,0,1,0,1,1,1,0,0,medium
2023,3,78,1418,12,18,1,12,210,0.055,0.1429,0.3333,0,0.3333,1,1,1,0,0,medium
2022,4,102,1419,13,17,1,13,199,0.0719,0.1508,0,1,0,1,1,1,0,0,medium
2022,4,76,1196,10,13,1,11,168,0.0635,0.1369,0,1,0,1,1,0,1,0,medium
2022,4,67,1561,14,17,1,7,213,0.0429,0.1455,0,1,0,1,1,1,0,0,medium
2022,4,54,1012,8,8,1,8,136,0.0534,0.1176,0,1,0,1,1,1,0,0,medium
2022,4,93,1504,8,9,1,12,199,0.0618,0.0854,0,0,0,1,1,0,1,0,medium
2022,4,118,1271,7,7,1,16,186,0.0928,0.0753,0,0,0,1,1,1,0,0,medium
2023,3,41,1477,6,7,1,6,201,0.0278,0.0647,0.3333,0,0.3333,1,1,1,0,0,medium
2023,3,58,695,10,10,1,9,99,0.0835,0.202,0.3333,1,0.3333,1,1,1,0,0,medium
2023,3,179,1321,9,9,1,22,177,0.1355,0.1017,0.3333,1,0.3333,1,1,1,0,0,medium
2023,3,101,1270,12,18,1,16,182,0.0795,0.1648,0.3333,1,0.3333,1,1,1,0,0,medium
2022,4,105,1459,12,14,1,14,187,0.072,0.139,0,0,0,1,0,0,1,0,medium
2022,4,68,1227,15,17,1,8,162,0.0554,0.1975,0,1,0,1,1,1,0,0,medium
2022,4,75,1326,6,6,1,10,190,0.0566,0.0632,0,1,0,1,1,1,0,0,medium
2022,4,81,1280,16,17,1,11,173,0.0633,0.1908,0,1,0,0,0,0,0,1,medium
2022,4,94,307,8,8,1,15,42,0.30620000000000003,0.381,0,0,0,1,1,1,0,0,medium
2024,2,138,1363,12,19,1,16,183,0.1012,0.1694,0.6667,1,0.6667,1,1,0,1,0,high
2024,2,59,679,6,6,1,7,90,0.0869,0.1333,0.6667,0,0.6667,1,1,0,1,0,high
2023,3,58,1272,11,15,1,7,174,0.0456,0.1494,0.3333,1,0.3333,0,0,0,0,1,medium
2023,3,110,1787,13,18,1,14,265,0.0616,0.117,0.3333,1,0.3333,1,1,1,0,0,medium
2022,4,126,989,13,21,1,15,143,0.1274,0.2378,0,1,0,1,1,1,0,0,medium
2022,4,83,1802,20,24,1,13,245,0.0461,0.1796,0,0,0,1,1,1,0,0,medium
2022,4,64,1827,11,18,1,9,283,0.035,0.1025,0,1,0,1,1,1,0,0,medium
2024,2,133,1881,7,9,1,16,264,0.0707,0.0606,0.6667,0,0.6667,1,1,1,0,0,high
2023,3,66,1083,15,16,1,8,148,0.0609,0.2095,0.3333,0,0.3333,1,1,1,0,0,medium
2023,3,86,1844,5,5,1,11,280,0.0466,0.0357,0.3333,0,0.3333,1,1,1,0,0,medium
2023,3,85,1277,15,17,1,12,189,0.0666,0.1693,0.3333,1,0.3333,0,0,0,0,1,medium
2022,4,78,1455,13,17,1,11,206,0.0536,0.1456,0,0,0,1,1,1,0,0,medium
2022,4,83,1263,9,9,1,9,170,0.0657,0.1059,0,1,0,0,0,0,0,1,medium
2023,3,133,1143,12,18,1,16,169,0.1164,0.1775,0.3333,0,0.3333,1,1,0,1,0,medium
2022,4,36,1801,20,23,1,5,249,0.02,0.1727,0,1,0,1,1,1,0,0,medium
2022,4,75,1196,10,16,1,9,155,0.0627,0.1677,0,1,0,1,1,0,1,0,medium
2022,4,105,2277,12,17,1,15,333,0.0461,0.0871,0,1,0,1,1,1,0,0,medium
2022,4,106,1954,10,12,1,15,293,0.0542,0.0751,0,1,0,1,0,0,1,0,medium
2022,4,94,2345,10,12,1,13,354,0.0401,0.0621,0,1,0,1,0,0,1,0,medium
2024,2,115,1311,10,13,1,12,180,0.0877,0.1278,0.6667,1,0.6667,1,1,1,0,0,high
2023,3,59,854,15,18,1,9,126,0.0691,0.2619,0.3333,1,0.3333,1,1,0,1,0,medium
2022,4,88,1579,5,13,1,13,258,0.0557,0.0698,0,0,0,1,1,1,0,0,medium
2022,4,95,1057,21,22,1,12,140,0.0899,0.3071,0,1,0,1,1,1,0,0,medium
2022,4,59,884,14,16,1,8,128,0.0667,0.2344,0,1,0,1,1,1,0,0,medium
2022,4,97,1142,14,16,1,12,164,0.0849,0.1829,0,1,0,1,0,1,0,0,medium
2023,3,124,1471,22,31,1,18,208,0.0843,0.2548,0.3333,1,0.3333,1,1,1,0,0,medium
2022,4,75,1020,10,13,1,9,144,0.0735,0.1597,0,1,0,0,0,0,0,1,medium
2022,4,106,1638,12,16,1,12,220,0.0647,0.1273,0,0,0,1,1,1,0,0,medium
2023,3,82,1042,14,17,1,8,138,0.0787,0.2246,0.3333,1,0.3333,1,1,1,0,0,medium
2022,4,67,1489,16,21,1,11,202,0.045,0.1832,0,1,0,1,1,0,1,0,medium
2022,4,72,1783,19,19,1,12,266,0.0404,0.1429,0,1,0,1,1,1,0,0,medium
2023,3,74,1473,18,21,1,11,205,0.0502,0.1902,0.3333,0,0.3333,1,1,0,1,0,medium
2023,3,75,1095,16,25,1,11,142,0.0685,0.2887,0.3333,1,0.3333,1,1,0,1,0,medium
2022,4,106,1273,15,19,1,11,167,0.0833,0.2036,0,1,0,0,0,0,0,1,medium
2022,4,121,1979,14,19,1,15,291,0.0611,0.1134,0,1,0,1,1,0,1,0,medium
2022,4,86,1914,12,14,1,12,254,0.0449,0.1024,0,1,0,1,1,0,1,0,medium
2022,4,91,1671,8,13,1,11,250,0.0545,0.084,0,1,0,1,1,1,0,0,medium
2023,3,102,2161,12,15,1,15,316,0.0472,0.0854,0.3333,1,0.3333,1,1,1,0,0,medium
2022,4,67,1211,8,9,1,9,183,0.0553,0.0929,0,1,0,1,1,0,1,0,medium
2022,4,66,1398,17,27,1,6,180,0.0472,0.2444,0,1,0,0,0,0,0,1,medium
2022,4,79,1042,17,21,1,13,158,0.0758,0.2405,0,0,0,1,0,0,1,0,medium
2022,4,52,1481,19,21,1,6,194,0.0351,0.2062,0,0,0,1,1,1,0,0,medium
2024,2,78,823,20,25,1,8,101,0.0948,0.4455,0.6667,0,0.6667,1,1,1,0,0,high
2024,2,89,1886,6,6,1,13,259,0.0472,0.0463,0.6667,1,0.6667,1,1,1,0,0,high
2023,3,72,912,15,18,1,7,117,0.0789,0.2821,0.3333,1,0.3333,0,0,0,0,1,medium
2023,3,59,1147,14,15,1,7,178,0.0514,0.1629,0.3333,0,0.3333,1,0,1,0,0,medium
2023,3,50,2159,4,4,1,7,309,0.0232,0.0259,0.3333,1,0.3333,1,1,1,0,0,medium
2022,4,58,847,4,4,1,7,127,0.0685,0.063,0,1,0,1,0,1,0,0,medium
2023,3,88,1510,6,6,1,16,217,0.0583,0.0553,0.3333,1,0.3333,1,1,0,1,0,medium
2023,3,118,1174,8,13,1,15,190,0.1005,0.1105,0.3333,1,0.3333,1,1,1,0,0,medium
2023,3,46,1245,13,21,1,4,174,0.0369,0.1954,0.3333,1,0.3333,1,1,1,0,0,medium
2022,4,79,420,13,13,1,10,54,0.1881,0.4815,0,0,0,1,1,0,1,0,medium
2022,4,118,1087,13,15,1,14,143,0.1086,0.1958,0,1,0,1,1,0,1,0,medium
2022,4,90,1209,15,15,1,9,159,0.0744,0.1887,0,1,0,1,1,0,1,0,medium
2025,1,143,1918,12,15,1,20,249,0.0746,0.1084,1,1,1,1,0,0,1,0,high
2023,3,70,1233,18,23,1,8,146,0.0568,0.2808,0.3333,0,0.3333,1,1,1,0,0,medium
2023,3,78,1517,12,14,1,13,236,0.0514,0.1102,0.3333,1,0.3333,1,1,1,0,0,medium
2022,4,91,1478,11,11,1,14,202,0.0616,0.1089,0,1,0,1,1,1,0,0,medium
2022,4,37,2248,8,9,1,6,303,0.0165,0.0561,0,0,0,1,1,1,0,0,medium
2022,4,76,790,9,11,1,11,104,0.0962,0.1923,0,1,0,1,1,1,0,0,medium
2022,4,50,745,7,11,1,6,105,0.0671,0.1714,0,1,0,1,1,1,0,0,medium
2022,4,84,1110,11,11,1,13,150,0.0757,0.1467,0,1,0,1,1,0,1,0,medium
2023,3,97,1610,14,15,1,10,236,0.0602,0.1229,0.3333,1,0.3333,1,1,1,0,0,medium
2022,4,47,1864,8,8,1,6,273,0.0252,0.0586,0,1,0,0,0,0,0,1,medium
2022,4,61,1043,13,16,1,9,151,0.0585,0.1921,0,1,0,0,0,0,0,1,medium
2022,4,103,1273,17,22,1,14,198,0.0809,0.197,0,1,0,1,1,1,0,0,medium
2024,2,57,1737,17,19,1,8,234,0.0328,0.1538,0.6667,1,0.6667,1,1,0,1,0,high
2023,3,51,1137,11,14,1,6,167,0.0449,0.1497,0.3333,0,0.3333,0,0,0,0,1,medium
2022,4,93,1890,17,22,1,11,266,0.0492,0.1466,0,0,0,1,1,0,1,0,medium
2022,4,43,613,14,17,1,7,91,0.0701,0.3407,0,0,0,1,1,0,1,0,medium
2022,4,92,1794,15,21,1,9,237,0.0513,0.1519,0,1,0,1,1,0,1,0,medium
2022,4,123,1525,15,18,1,18,240,0.0807,0.1375,0,1,0,1,1,1,0,0,medium
2023,3,63,1107,21,23,1,9,174,0.0569,0.2529,0.3333,1,0.3333,1,1,1,0,0,medium
2023,3,174,1450,18,25,1,19,195,0.12,0.2205,0.3333,1,0.3333,1,1,0,1,0,medium
2022,4,76,1343,6,6,1,9,199,0.0566,0.0603,0,1,0,1,1,1,0,0,medium
2022,4,81,1724,9,17,1,10,236,0.047,0.1102,0,1,0,0,0,0,0,1,medium
2022,4,77,1148,19,28,1,9,153,0.0671,0.3072,0,1,0,1,1,1,0,0,medium
2024,2,82,1102,17,18,1,11,148,0.0744,0.2365,0.6667,1,0.6667,1,1,0,1,0,high
2023,3,70,933,19,27,1,11,129,0.075,0.3566,0.3333,1,0.3333,1,1,0,1,0,medium
2023,3,96,1766,10,14,1,10,231,0.0544,0.1039,0.3333,1,0.3333,0,0,0,0,1,medium
2023,3,67,1439,13,15,1,11,197,0.0466,0.1421,0.3333,1,0.3333,1,0,0,1,0,medium
2023,3,116,1107,8,13,1,14,146,0.1048,0.1438,0.3333,0,0.3333,1,1,0,1,0,medium
2022,4,79,995,12,14,1,11,151,0.0794,0.1722,0,0,0,1,1,1,0,0,medium
2022,4,84,1293,13,17,1,10,161,0.065,0.1863,0,1,0,1,1,1,0,0,medium
2022,4,77,1446,9,17,1,10,211,0.0533,0.1232,0,0,0,1,1,1,0,0,medium
2025,1,83,1196,7,8,1,11,162,0.0694,0.0926,1,1,1,1,0,0,1,0,high
2024,2,49,854,12,14,1,7,110,0.0574,0.2364,0.6667,1,0.6667,1,0,0,1,0,high
2024,2,48,1424,8,8,1,5,200,0.0337,0.08,0.6667,1,0.6667,1,0,0,1,0,high
2023,3,91,1778,8,9,1,12,274,0.0512,0.062,0.3333,0,0.3333,1,1,1,0,0,medium
2022,4,80,1308,16,16,1,12,187,0.0612,0.1711,0,1,0,0,0,0,0,1,medium
2022,4,110,1068,13,20,1,14,146,0.103,0.226,0,0,0,1,1,0,1,0,medium
2022,4,127,1899,12,15,1,18,268,0.0669,0.1007,0,1,0,1,1,1,0,0,medium
2022,4,89,1598,14,16,1,12,208,0.0557,0.1442,0,1,0,0,0,0,0,1,medium
2024,2,67,1467,10,11,1,8,199,0.0457,0.1055,0.6667,1,0.6667,1,1,0,1,0,high
2023,3,74,1434,11,14,1,9,185,0.0516,0.1351,0.3333,1,0.3333,0,0,0,0,1,medium
2022,4,78,1193,10,13,1,12,172,0.0654,0.1337,0,0,0,1,1,0,1,0,medium
2022,4,56,1455,15,20,1,6,202,0.0385,0.1733,0,0,0,1,1,0,1,0,medium
2022,4,104,2371,11,14,1,19,367,0.0439,0.0681,0,1,0,1,1,1,0,0,medium
2023,3,146,1759,14,17,1,16,237,0.083,0.1308,0.3333,1,0.3333,1,1,0,1,0,medium
2022,4,97,968,14,17,1,15,143,0.1002,0.2168,0,1,0,1,1,1,0,0,medium
2022,4,72,1666,15,15,1,8,256,0.0432,0.1172,0,1,0,1,1,1,0,0,medium
2023,3,57,993,13,13,1,8,140,0.0574,0.1857,0.3333,1,0.3333,1,1,1,0,0,medium
2023,3,85,1405,16,18,1,10,194,0.0605,0.1753,0.3333,1,0.3333,0,0,0,0,1,medium
2022,4,60,1368,18,18,1,9,208,0.0439,0.1731,0,1,0,1,1,1,0,0,medium
2022,4,82,2073,20,20,1,13,296,0.0396,0.1351,0,1,0,1,1,1,0,0,medium
2022,4,46,1576,9,15,1,6,215,0.0292,0.1116,0,0,0,1,1,0,1,0,medium
2023,3,68,1743,8,13,1,7,234,0.039,0.0897,0.3333,1,0.3333,0,0,0,0,1,medium
2023,3,104,1232,18,21,1,13,181,0.0844,0.2155,0.3333,1,0.3333,1,1,1,0,0,medium
2023,3,126,1005,15,21,1,15,143,0.1254,0.2517,0.3333,1,0.3333,1,1,1,0,0,medium
2023,3,86,807,16,22,1,11,114,0.1066,0.3333,0.3333,0,0.3333,1,1,1,0,0,medium
2022,4,61,1628,8,8,1,8,220,0.0375,0.0727,0,1,0,1,1,0,1,0,medium
2022,4,73,1020,18,21,1,12,155,0.0716,0.2516,0,0,0,1,1,1,0,0,medium
2022,4,66,1760,7,8,1,9,237,0.0375,0.0633,0,0,0,1,1,0,1,0,medium
2022,4,59,855,11,14,1,7,122,0.069,0.2049,0,1,0,1,1,1,0,0,medium
2022,4,70,1206,14,24,1,10,172,0.058,0.2209,0,1,0,1,1,1,0,0,medium
2022,4,96,1895,15,15,1,12,258,0.0507,0.1163,0,1,0,1,1,0,1,0,medium
2023,3,69,1471,7,8,1,9,217,0.0469,0.0691,0.3333,0,0.3333,1,1,0,1,0,medium
2023,3,116,2031,13,17,1,16,272,0.0571,0.1103,0.3333,1,0.3333,0,0,0,0,1,medium
2023,3,133,1394,14,15,1,18,204,0.0954,0.1422,0.3333,1,0.3333,1,1,1,0,0,medium
2022,4,54,1022,10,13,1,7,149,0.0528,0.1544,0,1,0,0,0,0,0,1,medium
2022,4,72,1028,11,13,1,9,138,0.07,0.1739,0,1,0,1,1,0,1,0,medium
2022,4,29,1413,18,26,1,5,198,0.0205,0.2222,0,1,0,0,0,0,0,1,medium
2024,2,102,1111,7,7,1,12,150,0.0918,0.0933,0.6667,1,0.6667,1,1,0,1,0,high
2023,3,132,1528,11,14,1,17,221,0.0864,0.1131,0.3333,1,0.3333,1,1,1,0,0,medium
2022,4,88,1100,11,12,1,10,145,0.08,0.1586,0,1,0,0,0,0,0,1,medium
2022,4,75,1564,16,18,1,8,216,0.048,0.1574,0,0,0,1,1,1,0,0,medium
2022,4,123,1422,18,26,1,16,219,0.0865,0.2009,0,0,0,1,0,0,1,0,medium
2024,2,92,1358,8,11,1,12,198,0.0677,0.096,0.6667,1,0.6667,1,1,1,0,0,high
2022,4,105,972,13,16,1,13,129,0.108,0.2248,0,1,0,1,0,0,1,0,medium
2022,4,61,1329,7,10,1,8,183,0.0459,0.0929,0,0,0,1,1,1,0,0,medium
2022,4,79,1632,5,5,1,9,227,0.0484,0.0441,0,1,0,1,1,0,1,0,medium
2024,2,27,1482,4,6,1,4,200,0.0182,0.05,0.6667,1,0.6667,1,0,0,1,0,high
2024,2,120,1799,4,4,1,15,248,0.0667,0.0323,0.6667,1,0.6667,1,1,1,0,0,high
2023,3,42,1181,9,11,1,6,165,0.0356,0.1212,0.3333,1,0.3333,1,1,0,1,0,medium
2023,3,38,1251,11,12,1,7,199,0.0304,0.1156,0.3333,1,0.3333,1,1,0,1,0,medium
2022,4,76,1921,12,14,1,8,237,0.0396,0.1097,0,1,0,1,1,0,1,0,medium
2022,4,99,1323,10,13,1,9,196,0.0748,0.1173,0,1,0,0,0,0,0,1,medium
2022,4,104,893,12,13,1,11,135,0.1165,0.1852,0,1,0,1,0,0,1,0,medium
2022,4,128,1356,12,12,1,15,180,0.0944,0.1333,0,1,0,1,1,1,0,0,medium
2024,2,90,1792,8,9,1,11,242,0.0502,0.0702,0.6667,1,0.6667,0,0,0,0,1,high
2023,3,112,1340,12,16,1,13,193,0.0836,0.1451,0.3333,1,0.3333,1,0,0,1,0,medium
2023,3,83,1474,20,22,1,11,215,0.0563,0.1953,0.3333,1,0.3333,1,1,0,1,0,medium
2022,4,65,1202,11,15,1,9,182,0.0541,0.1429,0,1,0,1,1,1,0,0,medium
2022,4,42,989,8,8,1,6,159,0.0425,0.1006,0,1,0,1,1,0,1,0,medium
2023,3,102,1148,20,26,1,13,145,0.0889,0.3172,0.3333,1,0.3333,1,1,1,0,0,medium
2023,3,104,1208,11,16,1,13,157,0.0861,0.172,0.3333,1,0.3333,1,1,1,0,0,medium
2022,4,62,1852,14,17,1,6,240,0.0335,0.1292,0,0,0,0,0,0,0,1,low
2022,4,60,1789,14,16,1,10,269,0.0335,0.1115,0,1,0,1,1,0,1,0,low
2022,4,70,1314,11,11,1,9,192,0.0533,0.1146,0,1,0,1,0,1,0,0,low
2023,3,56,1718,17,26,1,9,243,0.0326,0.177,0.3333,1,0.3333,1,1,1,0,0,medium
2022,4,58,1400,15,18,1,10,209,0.0414,0.1579,0,0,0,0,0,0,0,1,low
2022,4,104,2534,15,16,1,13,347,0.041,0.0893,0,1,0,1,1,1,0,0,low
2022,4,115,1242,12,16,1,14,158,0.0926,0.1772,0,1,0,1,1,0,1,0,low
2022,4,50,1165,10,14,1,6,167,0.0429,0.1437,0,1,0,1,1,0,1,0,low
2022,4,77,1493,10,13,1,7,195,0.0516,0.1179,0,1,0,0,0,0,0,1,low
2022,4,74,1530,18,22,1,9,210,0.0484,0.1905,0,1,0,0,0,0,0,1,low
2022,4,67,1408,10,12,1,11,195,0.0476,0.1128,0,0,0,1,1,0,1,0,low
2022,4,50,1592,16,16,1,6,241,0.0314,0.1328,0,1,0,0,0,0,0,1,low
2022,4,93,2188,12,16,1,12,322,0.0425,0.087,0,1,0,1,1,1,0,0,low
2022,4,48,707,9,12,1,7,100,0.0679,0.21,0,1,0,1,1,1,0,0,low
2024,2,61,1843,10,19,1,9,239,0.0331,0.1213,0.6667,1,0.6667,0,0,0,0,1,high
2024,2,105,1643,11,12,1,17,236,0.0639,0.0975,0.6667,0,0.6667,1,1,0,1,0,high
2023,3,141,1352,14,18,1,17,183,0.1043,0.1749,0.3333,1,0.3333,1,1,1,0,0,medium
2023,3,42,267,9,13,1,5,35,0.1573,0.6286,0.3333,1,0.3333,0,0,0,0,1,medium
2023,3,112,124,14,15,1,19,15,0.9032,1.9333,0.3333,1,0.3333,1,1,1,0,0,medium
2022,4,82,2984,13,15,1,10,410,0.0275,0.0683,0,1,0,1,1,0,1,0,low
2022,4,79,1139,17,24,1,10,167,0.0694,0.2455,0,0,0,1,1,0,1,0,low
2023,3,143,1172,11,18,1,14,170,0.122,0.1706,0.3333,1,0.3333,0,0,0,0,1,medium
2022,4,84,1182,15,18,1,11,165,0.0711,0.2,0,1,0,1,1,0,1,0,low
2024,2,63,1494,9,9,1,8,196,0.0422,0.0918,0.6667,0,0.6667,0,0,0,0,1,high
2022,4,112,235,10,14,1,12,30,0.4766,0.8,0,1,0,0,0,0,0,1,low
2022,4,88,1901,15,20,1,11,262,0.0463,0.1336,0,1,0,1,1,1,0,0,low
2024,2,94,1152,11,12,1,15,157,0.0816,0.1465,0.6667,0,0.6667,0,0,0,0,1,high
2024,2,79,1394,6,8,1,9,185,0.0567,0.0757,0.6667,1,0.6667,1,1,0,1,0,high
2023,3,47,1310,10,13,1,7,184,0.0359,0.125,0.3333,1,0.3333,1,1,0,1,0,medium
2023,3,73,839,16,22,1,9,124,0.087,0.3065,0.3333,1,0.3333,1,1,1,0,0,medium
2023,3,98,1313,13,22,1,12,187,0.0746,0.1872,0.3333,1,0.3333,1,1,0,1,0,medium
2023,3,62,1605,9,14,1,7,208,0.0386,0.1106,0.3333,1,0.3333,1,1,1,0,0,medium
2023,3,138,1312,8,10,1,17,184,0.1052,0.0978,0.3333,1,0.3333,1,1,1,0,0,medium
2022,4,33,1717,17,24,1,3,241,0.0192,0.1701,0,0,0,0,0,0,0,1,low
2022,4,111,1427,19,28,1,14,202,0.0778,0.2327,0,1,0,1,1,0,1,0,low
2022,4,68,1728,10,12,1,9,250,0.0394,0.088,0,1,0,1,1,1,0,0,low
2023,3,150,1261,13,15,1,17,166,0.119,0.1687,0.3333,1,0.3333,1,1,1,0,0,medium
2022,4,134,1419,8,9,1,18,211,0.0944,0.0806,0,0,0,0,0,0,0,1,low
2022,4,110,1800,14,17,1,16,253,0.0611,0.1225,0,1,0,1,1,1,0,0,low
2022,4,28,1522,6,11,1,3,199,0.0184,0.0854,0,1,0,0,0,0,0,1,low
2022,4,101,1132,18,24,1,12,150,0.0892,0.28,0,1,0,1,1,1,0,0,low
2022,4,98,1269,18,21,1,15,184,0.0772,0.212,0,1,0,0,0,0,0,1,low
2022,4,75,1440,7,7,1,11,235,0.0521,0.0596,0,1,0,1,1,1,0,0,low
2025,1,73,941,13,14,1,8,137,0.0776,0.1971,1,1,1,1,1,0,1,0,high
2023,3,25,1676,8,13,1,3,225,0.0149,0.0933,0.3333,1,0.3333,0,0,0,0,1,medium
2023,3,61,1357,17,21,1,10,199,0.045,0.191,0.3333,0,0.3333,1,1,1,0,0,medium
2023,3,92,1658,12,19,1,11,212,0.0555,0.1462,0.3333,0,0.3333,0,0,0,0,1,medium
2023,3,91,1559,16,23,1,12,192,0.0584,0.2031,0.3333,1,0.3333,0,0,0,0,1,medium
2023,3,24,1297,10,12,1,4,189,0.0185,0.1164,0.3333,1,0.3333,1,1,0,1,0,medium
2023,3,108,1117,10,12,1,15,152,0.0967,0.1447,0.3333,0,0.3333,1,1,1,0,0,medium
2023,3,55,1665,19,26,1,7,221,0.033,0.2036,0.3333,0,0.3333,1,1,1,0,0,medium
2023,3,110,2103,11,17,1,15,290,0.0523,0.0966,0.3333,0,0.3333,1,1,1,0,0,medium
2022,4,64,1407,8,23,1,9,195,0.0455,0.159,0,1,0,1,1,0,1,0,low
2022,4,75,1290,16,19,1,10,193,0.0581,0.1813,0,1,0,1,0,1,0,0,low
2022,4,75,1608,16,21,1,10,224,0.0466,0.1652,0,0,0,1,1,0,1,0,low
2022,4,79,1033,16,22,1,10,147,0.0765,0.2585,0,0,0,1,1,1,0,0,low
2024,2,65,1748,7,9,1,9,235,0.0372,0.0681,0.6667,0,0.6667,0,0,0,0,1,high
2023,3,53,1070,10,14,1,8,156,0.0495,0.1538,0.3333,1,0.3333,0,0,0,0,1,medium
2022,4,117,1978,20,25,1,20,302,0.0592,0.149,0,1,0,1,1,1,0,0,low
2024,2,94,2807,15,18,1,12,404,0.0335,0.0817,0.6667,1,0.6667,1,1,1,0,0,high
2023,3,96,1117,14,18,1,13,154,0.0859,0.2078,0.3333,1,0.3333,1,1,1,0,0,medium
2023,3,67,642,12,15,1,9,104,0.1044,0.2596,0.3333,0,0.3333,1,1,0,1,0,medium
2022,4,115,1093,15,18,1,15,168,0.1052,0.1964,0,1,0,1,1,1,0,0,low
2022,4,95,1897,11,18,1,12,268,0.0501,0.1082,0,1,0,0,0,0,0,1,low
2022,4,56,186,4,4,1,6,26,0.3011,0.3077,0,1,0,1,0,0,1,0,low
2025,1,76,2017,5,5,1,10,251,0.0377,0.0398,1,1,1,1,1,1,0,0,high
2024,2,57,836,8,10,1,7,120,0.0682,0.15,0.6667,1,0.6667,1,0,1,0,0,high
2023,3,31,1008,9,11,1,4,155,0.0308,0.129,0.3333,0,0.3333,1,1,0,1,0,medium
2023,3,127,1244,12,17,1,20,190,0.1021,0.1526,0.3333,1,0.3333,1,1,1,0,0,medium
2022,4,97,2068,11,17,1,13,293,0.0469,0.0956,0,1,0,1,1,1,0,0,low
2022,4,82,955,14,23,1,10,131,0.0859,0.2824,0,1,0,1,1,1,0,0,low
2022,4,70,890,14,18,1,8,131,0.0787,0.2443,0,1,0,1,NA,1,0,0,low
2022,4,104,1615,13,19,1,14,232,0.0644,0.1379,0,0,0,0,0,0,0,1,low
2024,2,63,1511,14,18,1,7,197,0.0417,0.1624,0.6667,1,0.6667,1,0,0,1,0,high
2024,2,55,1608,17,18,1,6,230,0.0342,0.1522,0.6667,1,0.6667,1,1,0,1,0,high
2023,3,95,1454,11,13,1,14,213,0.0653,0.1127,0.3333,1,0.3333,1,1,1,0,0,medium
2023,3,81,1292,11,14,1,9,156,0.0627,0.1603,0.3333,1,0.3333,0,0,0,0,1,medium
2022,4,77,1594,15,26,1,10,222,0.0483,0.1847,0,0,0,0,0,0,0,1,low
2022,4,91,1384,16,28,1,11,200,0.0658,0.22,0,0,0,1,1,1,0,0,low
2022,4,69,726,10,17,1,9,114,0.095,0.2368,0,1,0,1,1,1,0,0,low
2022,4,104,1420,14,15,1,14,208,0.0732,0.1394,0,1,0,1,1,0,1,0,low
2022,4,109,1655,6,10,1,15,200,0.0659,0.08,0,1,0,1,1,1,0,0,low
2022,4,64,965,16,19,1,9,119,0.0663,0.2941,0,1,0,1,1,0,1,0,low
2024,2,64,1145,19,27,1,10,159,0.0559,0.2893,0.6667,1,0.6667,1,1,1,0,0,high
2023,3,87,1004,11,13,1,11,159,0.0867,0.1509,0.3333,1,0.3333,0,0,0,0,1,medium
2023,3,69,1250,9,12,1,9,176,0.0552,0.1193,0.3333,0,0.3333,1,1,1,0,0,medium
2023,3,63,1919,14,14,1,10,242,0.0328,0.1157,0.3333,1,0.3333,1,1,1,0,0,medium
2022,4,74,1894,11,14,1,10,267,0.0391,0.0936,0,1,0,1,1,0,1,0,low
2022,4,75,1736,10,10,1,9,252,0.0432,0.0794,0,1,0,1,1,1,0,0,low
2024,2,75,1667,8,8,1,8,221,0.045,0.0724,0.6667,0,0.6667,1,1,0,1,0,high
2023,3,90,1788,15,18,1,11,253,0.0503,0.1304,0.3333,1,0.3333,0,0,0,0,1,medium
2022,4,116,1791,13,18,1,14,251,0.0648,0.1235,0,1,0,1,1,0,1,0,low
2022,4,87,1255,17,18,1,10,172,0.0693,0.2035,0,1,0,0,0,0,0,1,low
2022,4,103,1461,10,12,1,12,204,0.0705,0.10780000000000001,0,1,0,1,1,1,0,0,low
2022,4,104,873,13,14,1,11,117,0.1191,0.2308,0,1,0,1,1,1,0,0,low
2025,1,75,2537,20,23,1,10,359,0.0296,0.1198,1,1,1,1,1,0,1,0,high
2023,3,77,1915,16,20,1,10,267,0.0402,0.1348,0.3333,1,0.3333,1,1,1,0,0,medium
2022,4,38,725,15,19,1,6,117,0.0524,0.2906,0,0,0,0,0,0,0,1,low
2022,4,104,1090,10,11,1,14,150,0.0954,0.14,0,0,0,1,1,0,1,0,low
2024,2,78,1872,12,15,1,8,231,0.0417,0.1169,0.6667,1,0.6667,1,1,1,0,0,high
2023,3,88,1352,11,13,1,13,203,0.0651,0.1182,0.3333,1,0.3333,1,1,0,1,0,medium
2023,3,69,505,14,17,1,10,75,0.1366,0.4133,0.3333,1,0.3333,1,1,0,1,0,medium
2022,4,84,1335,10,14,1,10,190,0.0629,0.1263,0,1,0,1,1,1,0,0,low
2022,4,55,1150,19,22,1,6,162,0.0478,0.2531,0,0,0,1,0,0,1,0,low
2022,4,113,1191,10,12,1,12,150,0.0949,0.1467,0,1,0,1,1,1,0,0,low
2022,4,117,1323,12,16,1,16,198,0.0884,0.1414,0,1,0,0,0,0,0,1,low
2022,4,121,1579,10,13,1,16,225,0.0766,0.1022,0,1,0,1,1,1,0,0,low
2024,2,105,1018,11,19,1,14,135,0.1031,0.2222,0.6667,1,0.6667,1,1,1,0,0,high
2023,3,71,823,14,17,1,9,122,0.0863,0.2541,0.3333,1,0.3333,1,1,0,1,0,medium
2023,3,54,2116,10,10,1,7,291,0.0255,0.0687,0.3333,1,0.3333,1,1,1,0,0,medium
2022,4,83,991,10,15,1,9,138,0.0838,0.1812,0,1,0,1,1,1,0,0,low
2022,4,88,1294,14,17,1,11,187,0.068,0.1658,0,1,0,1,1,0,1,0,low
2024,2,138,2270,13,18,1,19,300,0.0608,0.1033,0.6667,1,0.6667,1,0,1,0,0,high
2023,3,62,1631,14,23,1,9,243,0.038,0.1523,0.3333,1,0.3333,1,1,1,0,0,medium
2023,3,121,1122,16,22,1,16,149,0.10780000000000001,0.255,0.3333,0,0.3333,1,1,0,1,0,medium
2023,3,81,933,12,15,1,10,149,0.0868,0.1812,0.3333,1,0.3333,1,1,1,0,0,medium
2022,4,61,1461,5,5,1,9,200,0.0418,0.05,0,1,0,1,1,1,0,0,low
2022,4,98,1096,10,10,1,14,150,0.0894,0.1333,0,1,0,1,0,0,1,0,low
2022,4,78,1112,14,22,1,12,156,0.0701,0.2308,0,1,0,0,0,0,0,1,low
2022,4,101,1548,14,18,1,14,227,0.0652,0.141,0,1,0,1,0,1,0,0,low
2023,3,74,1465,7,7,1,10,201,0.0505,0.0697,0.3333,1,0.3333,1,0,0,1,0,medium
2023,3,130,947,8,9,1,16,144,0.1373,0.1181,0.3333,1,0.3333,1,1,0,1,0,medium
2023,3,101,1107,10,17,1,11,151,0.0912,0.1788,0.3333,1,0.3333,1,1,1,0,0,medium
2023,3,48,1580,12,18,1,6,224,0.0304,0.1339,0.3333,1,0.3333,0,0,0,0,1,medium
2023,3,71,1083,12,12,1,10,157,0.0656,0.1529,0.3333,0,0.3333,1,1,1,0,0,medium
2022,4,64,719,14,18,1,10,108,0.089,0.2963,0,1,0,1,1,0,1,0,low
2022,4,54,818,17,19,1,6,116,0.066,0.3103,0,1,0,0,0,0,0,1,low
2022,4,70,1016,9,9,1,9,150,0.0689,0.12,0,1,0,0,0,0,0,1,low
2022,4,104,1738,19,25,1,14,237,0.0598,0.1857,0,0,0,1,1,0,1,0,low
2024,2,82,1492,9,10,1,13,192,0.055,0.099,0.6667,1,0.6667,1,1,1,0,0,high
2023,3,73,1750,8,8,1,8,227,0.0417,0.0705,0.3333,1,0.3333,1,1,1,0,0,medium
2023,3,101,1259,5,5,1,14,185,0.0802,0.0541,0.3333,1,0.3333,1,1,1,0,0,medium
2023,3,83,1476,20,27,1,12,199,0.0562,0.2362,0.3333,1,0.3333,1,1,1,0,0,medium
2022,4,163,1741,18,20,1,20,252,0.0936,0.1508,0,1,0,1,1,1,0,0,low
2022,4,68,1389,8,9,1,9,180,0.049,0.0944,0,1,0,1,1,0,1,0,low
2024,2,74,1581,15,17,1,7,198,0.0468,0.1616,0.6667,1,0.6667,1,1,0,1,0,high
2023,3,91,1085,8,11,1,8,139,0.0839,0.1367,0.3333,1,0.3333,0,0,0,0,1,medium
2023,3,69,1309,9,11,1,9,181,0.0527,0.1105,0.3333,1,0.3333,1,1,0,1,0,medium
2022,4,28,2332,15,17,1,4,335,0.012,0.0955,0,0,0,0,0,0,0,1,low
2022,4,56,1402,16,20,1,8,205,0.0399,0.1756,0,0,0,1,1,0,1,0,low
2022,4,70,1419,11,13,1,9,196,0.0493,0.1224,0,1,0,1,1,1,0,0,low
2022,4,73,752,12,16,1,10,108,0.0971,0.2593,0,1,0,1,1,0,1,0,low
2022,4,112,1519,11,14,1,13,194,0.0737,0.1289,0,1,0,1,1,1,0,0,low
2022,4,70,988,9,9,1,9,134,0.0709,0.1343,0,1,0,1,1,1,0,0,low
2024,2,58,1354,17,25,1,8,200,0.0428,0.21,0.6667,1,0.6667,1,0,0,1,0,high
2023,3,58,2664,14,21,1,9,384,0.0218,0.0911,0.3333,1,0.3333,1,1,0,1,0,medium
2023,3,43,586,14,20,1,7,95,0.0734,0.3579,0.3333,1,0.3333,1,0,1,0,0,medium
2023,3,46,1075,13,16,1,6,147,0.0428,0.1973,0.3333,0,0.3333,1,1,1,0,0,medium
2022,4,121,1314,14,17,1,15,199,0.0921,0.1558,0,1,0,0,0,0,0,1,low
2022,4,69,1010,9,16,1,9,146,0.0683,0.1712,0,0,0,0,0,0,0,1,low
2022,4,45,1038,15,18,1,6,142,0.0434,0.2324,0,1,0,0,0,0,0,1,low
2022,4,105,965,9,11,1,13,139,0.1088,0.1439,0,0,0,1,1,0,1,0,low
2022,4,119,1729,11,14,1,16,244,0.0688,0.1025,0,1,0,1,0,1,0,0,low
2022,4,85,1007,14,19,1,9,128,0.0844,0.2578,0,1,0,0,0,0,0,1,low
2022,4,121,1700,12,16,1,16,231,0.0712,0.1212,0,1,0,1,1,0,1,0,low
2022,4,83,1776,11,17,1,8,246,0.0467,0.1138,0,1,0,1,1,1,0,0,low
2024,2,101,1280,6,7,1,15,179,0.0789,0.0726,0.6667,1,0.6667,1,1,1,0,0,high
2024,2,55,1002,19,22,1,6,130,0.0549,0.3154,0.6667,0,0.6667,1,1,0,1,0,high
2023,3,51,1283,17,19,1,5,169,0.0398,0.213,0.3333,0,0.3333,1,1,1,0,0,medium
2022,4,58,1039,10,10,1,9,137,0.0558,0.146,0,1,0,0,0,0,0,1,low
2022,4,109,1466,25,28,1,13,198,0.0744,0.2677,0,1,0,0,0,0,0,1,low
2022,4,136,1382,15,19,1,14,196,0.0984,0.1735,0,1,0,1,1,0,1,0,low
2023,3,82,2145,22,22,1,12,317,0.0382,0.1388,0.3333,1,0.3333,1,0,0,1,0,medium
2023,3,74,1676,9,11,1,12,247,0.0442,0.081,0.3333,0,0.3333,1,0,1,0,0,medium
2022,4,88,1016,11,16,1,12,131,0.0866,0.2061,0,1,0,1,0,1,0,0,low
2022,4,62,1627,9,14,1,10,260,0.0381,0.0885,0,1,0,1,1,1,0,0,low
2022,4,85,1503,9,12,1,9,195,0.0566,0.1077,0,0,0,1,1,0,1,0,low
2024,2,76,1202,15,17,1,10,159,0.0632,0.2013,0.6667,1,0.6667,1,0,0,1,0,high
2024,2,100,1387,5,6,1,13,184,0.0721,0.0598,0.6667,1,0.6667,1,1,1,0,0,high
2023,3,119,1520,13,18,1,17,230,0.0783,0.1348,0.3333,1,0.3333,1,1,1,0,0,medium
2023,3,175,1346,9,13,1,24,198,0.13,0.1111,0.3333,1,0.3333,1,0,1,0,0,medium
2023,3,73,1321,16,23,1,8,198,0.0553,0.197,0.3333,0,0.3333,1,1,1,0,0,medium
2023,3,147,1786,14,18,1,20,264,0.0823,0.1212,0.3333,1,0.3333,1,0,0,1,0,medium
2022,4,93,1010,18,19,1,15,148,0.0921,0.25,0,1,0,1,1,1,0,0,low
2022,4,67,1498,11,13,1,10,200,0.0447,0.12,0,1,0,1,1,0,1,0,low
2022,4,115,1376,17,24,1,15,186,0.0836,0.2204,0,0,0,0,0,0,0,1,low
2022,4,70,741,17,22,1,9,105,0.0945,0.3714,0,1,0,1,1,0,1,0,low
2022,4,133,1618,20,25,1,16,218,0.0822,0.2064,0,1,0,0,0,0,0,1,low
2024,2,115,1682,7,8,1,15,229,0.0684,0.0655,0.6667,1,0.6667,1,1,1,0,0,high
2023,3,137,1643,5,5,1,17,239,0.0834,0.0418,0.3333,1,0.3333,1,1,1,0,0,medium
2023,3,107,3279,8,11,1,13,449,0.0326,0.0423,0.3333,0,0.3333,1,1,1,0,0,medium
2023,3,91,1995,8,10,1,11,294,0.0456,0.0612,0.3333,1,0.3333,1,1,1,0,0,medium
2022,4,55,730,15,20,1,7,115,0.0753,0.3043,0,1,0,1,NA,0,1,0,low
2023,3,84,1715,16,19,1,14,273,0.049,0.1282,0.3333,1,0.3333,1,1,1,0,0,medium
2023,3,83,1008,10,13,1,13,136,0.0823,0.1691,0.3333,1,0.3333,1,1,0,1,0,medium
2023,3,118,2305,10,12,1,16,340,0.0512,0.0647,0.3333,0,0.3333,1,0,1,0,0,medium
2022,4,63,545,13,20,1,8,77,0.1156,0.4286,0,0,0,1,1,0,1,0,low
2022,4,79,117,13,14,1,12,15,0.6752,1.8,0,1,0,1,1,0,1,0,low
2022,4,59,1311,3,3,1,8,184,0.045,0.0326,0,1,0,0,0,0,0,1,low
2022,4,38,829,15,16,1,4,114,0.0458,0.2719,0,1,0,1,1,0,1,0,low
2022,4,52,845,11,14,1,7,132,0.0615,0.1894,0,1,0,0,0,0,0,1,low
2022,4,72,2198,12,13,1,9,313,0.0328,0.0799,0,1,0,1,1,1,0,0,low
2023,3,132,1882,14,18,1,15,267,0.0701,0.1199,0.3333,1,0.3333,1,1,0,1,0,medium
2023,3,73,1763,9,9,1,12,247,0.0414,0.0729,0.3333,1,0.3333,1,1,0,1,0,medium
2023,3,100,1113,8,9,1,14,153,0.0898,0.1111,0.3333,1,0.3333,1,1,1,0,0,medium
2023,3,77,1581,13,13,1,10,217,0.0487,0.1198,0.3333,1,0.3333,1,1,0,1,0,medium
2022,4,65,1582,17,22,1,8,218,0.0411,0.1789,0,0,0,1,1,0,1,0,low
2022,4,52,986,14,20,1,7,145,0.0527,0.2345,0,0,0,1,1,1,0,0,low
2022,4,89,1310,11,14,1,12,179,0.0679,0.1397,0,1,0,1,0,0,1,0,low
2023,3,73,1187,12,18,1,11,196,0.0615,0.15310000000000001,0.3333,1,0.3333,1,0,0,1,0,medium
2023,3,84,1360,7,7,1,10,184,0.0618,0.0761,0.3333,0,0.3333,1,1,1,0,0,medium
2023,3,122,1324,16,21,1,15,181,0.0921,0.2044,0.3333,1,0.3333,1,0,0,1,0,medium
2023,3,94,1240,4,8,1,14,173,0.0758,0.0694,0.3333,1,0.3333,1,1,1,0,0,medium
2022,4,112,1886,10,13,1,11,273,0.0594,0.0842,0,1,0,1,1,0,1,0,low
2022,4,162,1596,17,22,1,17,207,0.1015,0.1884,0,1,0,1,1,1,0,0,low
2022,4,131,2519,15,20,1,21,389,0.052,0.09,0,1,0,1,0,0,1,0,low
2022,4,73,1386,15,24,1,9,195,0.0527,0.2,0,1,0,1,1,0,1,0,low
2022,4,50,1000,20,24,1,6,146,0.05,0.3014,0,1,0,1,1,0,1,0,low
2022,4,126,1274,10,14,1,19,189,0.0989,0.127,0,1,0,1,1,1,0,0,low
2022,4,136,1253,15,21,1,18,162,0.1085,0.2222,0,1,0,0,0,0,0,1,low
2022,4,87,1254,11,14,1,14,193,0.0694,0.1295,0,1,0,1,1,1,0,0,low
2024,2,63,987,14,18,1,7,139,0.0638,0.2302,0.6667,1,0.6667,1,0,0,1,0,high
2023,3,100,2497,14,14,1,12,346,0.04,0.0809,0.3333,1,0.3333,1,1,1,0,0,medium
2023,3,140,1719,11,13,1,17,244,0.0814,0.0984,0.3333,1,0.3333,1,1,0,1,0,medium
2023,3,125,1034,8,12,1,14,138,0.1209,0.1449,0.3333,1,0.3333,1,1,1,0,0,medium
2023,3,44,1179,11,13,1,4,153,0.0373,0.1569,0.3333,1,0.3333,0,0,0,0,1,medium
2022,4,91,1765,15,18,1,13,248,0.0516,0.1331,0,1,0,1,1,1,0,0,low
2022,4,93,1275,16,21,1,11,168,0.0729,0.2202,0,1,0,1,1,1,0,0,low
2024,2,81,1370,11,12,1,12,197,0.0591,0.1168,0.6667,1,0.6667,1,1,0,1,0,high
2023,3,32,1028,15,17,1,3,144,0.0311,0.2222,0.3333,1,0.3333,1,1,1,0,0,medium
2023,3,102,1401,12,14,1,15,196,0.0728,0.1327,0.3333,1,0.3333,1,0,0,1,0,medium
2022,4,84,1222,10,10,1,9,163,0.0687,0.1227,0,1,0,1,1,1,0,0,low
2022,4,69,1634,9,10,1,7,221,0.0422,0.086,0,0,0,0,0,0,0,1,low
2022,4,82,1683,18,20,1,9,241,0.0487,0.1577,0,1,0,0,0,0,0,1,low
2023,3,88,1581,8,12,1,10,218,0.0557,0.0917,0.3333,1,0.3333,1,1,1,0,0,medium
2023,3,202,1314,16,22,1,22,192,0.1537,0.1979,0.3333,1,0.3333,1,1,0,1,0,medium
2023,3,55,825,10,12,1,7,116,0.0667,0.1897,0.3333,1,0.3333,1,1,1,0,0,medium
2023,3,24,1370,10,14,1,3,199,0.0175,0.1206,0.3333,1,0.3333,1,0,0,1,0,medium
2023,3,121,1821,11,16,1,16,255,0.0664,0.1059,0.3333,1,0.3333,1,1,1,0,0,medium
2022,4,119,1708,12,17,1,15,237,0.0697,0.1224,0,1,0,0,0,0,0,1,low
2022,4,120,1711,11,14,1,17,245,0.0701,0.102,0,1,0,1,1,0,1,0,low
2022,4,87,1052,15,17,1,11,157,0.0827,0.2038,0,1,0,1,1,0,1,0,low
2022,4,75,306,19,27,1,11,47,0.2451,0.9787,0,1,0,0,0,0,0,1,low
2022,4,103,1252,14,16,1,11,163,0.0823,0.184,0,1,0,1,1,1,0,0,low
2023,3,74,1189,12,14,1,10,151,0.0622,0.1722,0.3333,0,0.3333,1,1,0,1,0,medium
2022,4,82,1232,7,7,1,9,163,0.0666,0.0859,0,1,0,1,1,1,0,0,low
2022,4,137,1144,9,12,1,17,170,0.1198,0.1235,0,1,0,1,1,1,0,0,low
2022,4,88,1476,19,28,1,15,222,0.0596,0.2117,0,1,0,1,1,0,1,0,low
2022,4,85,1369,13,19,1,9,200,0.0621,0.16,0,0,0,1,1,0,1,0,low
2022,4,86,673,14,20,1,10,89,0.1278,0.382,0,1,0,0,0,0,0,1,low
2023,3,35,883,14,16,1,4,134,0.0396,0.2239,0.3333,0,0.3333,1,0,1,0,0,medium
2023,3,98,1200,3,3,1,13,166,0.0817,0.0361,0.3333,1,0.3333,1,1,0,1,0,medium
2023,3,84,2784,15,18,1,10,394,0.0302,0.0838,0.3333,1,0.3333,1,1,0,1,0,medium
2023,3,101,1528,8,12,1,12,194,0.0661,0.1031,0.3333,1,0.3333,0,0,0,0,1,medium
2022,4,60,1390,7,8,1,6,209,0.0432,0.0718,0,1,0,0,0,0,0,1,low
2022,4,37,703,13,19,1,5,104,0.0526,0.3077,0,1,0,0,0,0,0,1,low
2022,4,59,1013,9,11,1,8,135,0.0582,0.1481,0,1,0,1,1,1,0,0,low
2024,2,90,1941,8,11,1,12,270,0.0464,0.0704,0.6667,0,0.6667,1,1,1,0,0,high
2023,3,90,773,8,10,1,13,121,0.1164,0.1488,0.3333,1,0.3333,1,1,0,1,0,medium
2023,3,47,1558,9,11,1,6,223,0.0302,0.0897,0.3333,0,0.3333,1,1,0,1,0,medium
2023,3,112,1686,7,8,1,13,222,0.0664,0.0676,0.3333,1,0.3333,1,1,1,0,0,medium
2022,4,94,1423,5,6,1,9,200,0.0661,0.055,0,1,0,1,1,0,1,0,low
2022,4,82,1234,19,22,1,11,167,0.0665,0.2455,0,1,0,1,1,0,1,0,low
2022,4,93,1093,14,21,1,10,148,0.0851,0.2365,0,0,0,0,0,0,0,1,low
2023,3,79,1528,8,8,1,11,225,0.0517,0.0711,0.3333,1,0.3333,1,0,0,1,0,medium
2023,3,89,2359,12,16,1,13,339,0.0377,0.0826,0.3333,0,0.3333,0,0,0,0,1,medium
2022,4,70,1129,8,11,1,9,163,0.062,0.1166,0,1,0,1,1,1,0,0,low
2022,4,62,741,6,10,1,10,109,0.0837,0.1468,0,0,0,1,0,0,1,0,low
2022,4,111,1396,10,11,1,12,186,0.0795,0.1129,0,1,0,1,1,1,0,0,low
2022,4,51,1347,8,8,1,4,184,0.0379,0.087,0,1,0,0,0,0,0,1,low
2022,4,62,695,2,2,1,8,107,0.0892,0.0374,0,1,0,1,1,1,0,0,low
2024,2,106,1527,8,9,1,15,208,0.0694,0.0817,0.6667,0,0.6667,0,0,0,0,1,high
2023,3,61,1257,12,18,1,8,183,0.0485,0.1639,0.3333,1,0.3333,1,1,1,0,0,medium
2023,3,93,1038,13,14,1,12,127,0.0896,0.2126,0.3333,1,0.3333,1,1,0,1,0,medium
2023,3,108,1600,12,17,1,13,216,0.0675,0.1343,0.3333,1,0.3333,0,0,0,0,1,medium
2022,4,213,1119,13,15,1,23,150,0.1903,0.1867,0,1,0,1,1,1,0,0,low
2022,4,121,1066,11,16,1,15,150,0.1135,0.18,0,1,0,1,1,0,1,0,low
2022,4,65,1118,9,11,1,9,164,0.0581,0.122,0,0,0,1,1,0,1,0,low
2023,3,97,1112,13,15,1,11,161,0.0872,0.1739,0.3333,1,0.3333,1,1,1,0,0,medium
2023,3,80,1312,17,21,1,13,176,0.061,0.2159,0.3333,1,0.3333,1,1,0,1,0,medium
2023,3,72,1086,19,19,1,9,144,0.0663,0.2639,0.3333,0,0.3333,1,1,1,0,0,medium
2023,3,102,1379,14,19,1,13,215,0.074,0.1535,0.3333,1,0.3333,1,1,0,1,0,medium
2023,3,32,1243,11,18,1,5,183,0.0257,0.1585,0.3333,0,0.3333,1,1,1,0,0,medium
2023,3,145,1799,10,10,1,18,238,0.0806,0.084,0.3333,1,0.3333,1,1,1,0,0,medium
2022,4,102,1928,15,15,1,13,263,0.0529,0.1141,0,1,0,1,1,1,0,0,low
2022,4,94,1159,12,15,1,12,159,0.0811,0.1698,0,1,0,1,1,1,0,0,low
2022,4,51,1198,11,12,1,6,163,0.0426,0.1411,0,1,0,0,0,0,0,1,low
2022,4,58,1257,12,15,1,7,168,0.0461,0.1607,0,1,0,0,0,0,0,1,low
2022,4,105,2226,9,12,1,14,312,0.0472,0.0673,0,1,0,0,0,0,0,1,low
2022,4,99,1513,9,10,1,10,204,0.0654,0.0931,0,1,0,0,0,0,0,1,low
2022,4,62,2141,8,8,1,10,302,0.029,0.053,0,1,0,1,1,1,0,0,low
2024,2,96,1826,8,10,1,12,249,0.0526,0.0723,0.6667,1,0.6667,1,1,1,0,0,high
2022,4,89,1112,20,23,1,10,156,0.08,0.2756,0,1,0,1,1,1,0,0,low
2022,4,90,2225,8,8,1,14,332,0.0404,0.0482,0,1,0,0,0,0,0,1,low
2022,4,94,2131,7,8,1,12,280,0.0441,0.0536,0,0,0,1,1,0,1,0,low
2023,3,88,1529,15,26,1,10,230,0.0576,0.1783,0.3333,1,0.3333,1,1,1,0,0,medium
2023,3,39,926,14,17,1,4,129,0.0421,0.2403,0.3333,0,0.3333,1,0,0,1,0,medium
2023,3,64,1751,16,16,1,8,230,0.0366,0.1391,0.3333,1,0.3333,0,0,0,0,1,medium
2022,4,86,1784,11,17,1,12,267,0.0482,0.1049,0,1,0,1,1,1,0,0,low
2022,4,132,1614,10,15,1,15,210,0.0818,0.119,0,0,0,0,0,0,0,1,low
2022,4,78,1474,8,9,1,10,219,0.0529,0.0776,0,1,0,1,1,0,1,0,low
2022,4,91,1722,12,12,1,11,253,0.0528,0.0949,0,1,0,1,1,0,1,0,low
2024,2,75,1139,16,21,1,10,156,0.0658,0.2372,0.6667,1,0.6667,1,1,1,0,0,high
2024,2,106,1044,13,14,1,16,142,0.1015,0.1901,0.6667,1,0.6667,1,1,1,0,0,high
2023,3,43,1045,10,12,1,6,157,0.0411,0.1401,0.3333,1,0.3333,1,0,0,1,0,medium
2023,3,92,1337,8,8,1,15,189,0.0688,0.0847,0.3333,1,0.3333,1,1,0,1,0,medium
2023,3,66,1323,13,21,1,10,179,0.0499,0.1899,0.3333,1,0.3333,1,1,0,1,0,medium
2022,4,85,652,11,12,1,11,95,0.1304,0.2421,0,1,0,0,0,0,0,1,low
2022,4,91,1237,12,13,1,16,193,0.0736,0.1295,0,1,0,1,1,1,0,0,low
2022,4,132,2912,12,16,1,15,389,0.0453,0.072,0,1,0,0,0,0,0,1,low
2022,4,85,1000,10,15,1,13,141,0.085,0.1773,0,1,0,1,1,1,0,0,low
2022,4,93,1401,15,21,1,11,190,0.0664,0.1895,0,1,0,1,1,1,0,0,low
2022,4,61,1598,9,10,1,7,214,0.0382,0.0888,0,1,0,0,0,0,0,1,low
2022,4,64,1192,10,11,1,8,182,0.0537,0.1154,0,0,0,1,0,0,1,0,low
2022,4,88,1253,13,15,1,9,161,0.0702,0.1739,0,1,0,1,1,1,0,0,low
2022,4,117,1189,16,20,1,17,157,0.0984,0.2293,0,1,0,1,0,0,1,0,low
2024,2,112,1148,9,11,1,14,168,0.0976,0.119,0.6667,1,0.6667,1,1,0,1,0,high
2024,2,89,892,15,17,1,8,110,0.0998,0.2909,0.6667,1,0.6667,0,0,0,0,1,high
2023,3,43,1852,16,17,1,3,250,0.0232,0.132,0.3333,1,0.3333,1,1,0,1,0,medium
2023,3,135,1095,21,28,1,21,174,0.1233,0.2816,0.3333,1,0.3333,1,0,0,1,0,medium
2022,4,56,1421,7,20,1,6,205,0.0394,0.1317,0,1,0,0,0,0,0,1,low
2022,4,120,1704,12,13,1,14,232,0.0704,0.10780000000000001,0,1,0,1,0,1,0,0,low
2022,4,54,2688,16,19,1,5,375,0.0201,0.0933,0,0,0,1,1,0,1,0,low
2022,4,104,1589,14,18,1,15,247,0.0654,0.1296,0,1,0,1,0,1,0,0,low
2022,4,124,1360,12,18,1,18,190,0.0912,0.1579,0,0,0,1,0,0,1,0,low
2023,3,89,1555,7,7,1,9,212,0.0572,0.066,0.3333,0,0.3333,0,0,0,0,1,medium
2023,3,92,1702,9,14,1,10,237,0.0541,0.097,0.3333,1,0.3333,0,0,0,0,1,medium
2023,3,69,1564,12,17,1,9,230,0.0441,0.1261,0.3333,1,0.3333,1,1,1,0,0,medium
2023,3,96,2301,20,23,1,13,327,0.0417,0.1315,0.3333,1,0.3333,1,0,1,0,0,medium
2023,3,63,1357,18,20,1,9,193,0.0464,0.1969,0.3333,1,0.3333,1,1,1,0,0,medium
2023,3,85,2221,7,7,1,11,324,0.0383,0.0432,0.3333,1,0.3333,1,0,0,1,0,medium
2023,3,67,1500,8,10,1,9,191,0.0447,0.0942,0.3333,1,0.3333,0,0,0,0,1,medium
2022,4,82,1653,10,13,1,11,234,0.0496,0.0983,0,1,0,0,0,0,0,1,low
2022,4,121,1175,8,8,1,19,173,0.103,0.0925,0,1,0,1,1,1,0,0,low
2024,2,77,1632,8,8,1,9,218,0.0472,0.0734,0.6667,1,0.6667,1,0,0,1,0,high
2024,2,142,1122,10,12,1,20,149,0.1266,0.1477,0.6667,1,0.6667,1,1,1,0,0,high
2023,3,102,1354,15,17,1,14,194,0.0753,0.1649,0.3333,1,0.3333,0,0,0,0,1,medium
2023,3,106,1491,16,20,1,14,229,0.0711,0.1572,0.3333,1,0.3333,1,1,1,0,0,medium
2023,3,86,1683,21,29,1,12,252,0.0511,0.1984,0.3333,1,0.3333,1,1,1,0,0,medium
2022,4,61,1337,10,11,1,8,200,0.0456,0.105,0,1,0,1,1,0,1,0,low
2022,4,17,627,15,17,1,3,94,0.0271,0.3404,0,0,0,0,0,0,0,1,low
2022,4,76,1165,15,18,1,10,177,0.0652,0.1864,0,0,0,1,1,1,0,0,low
2022,4,65,615,13,14,1,10,77,0.1057,0.3506,0,1,0,1,1,0,1,0,low
2024,2,93,2083,15,19,1,11,294,0.0446,0.1156,0.6667,1,0.6667,1,1,0,1,0,high
2024,2,163,1113,10,10,1,20,149,0.1465,0.1342,0.6667,1,0.6667,0,0,0,0,1,high
2023,3,120,1483,8,9,1,16,227,0.0809,0.0749,0.3333,1,0.3333,1,0,0,1,0,medium
2023,3,88,883,11,15,1,11,122,0.0997,0.2131,0.3333,1,0.3333,1,1,1,0,0,medium
2023,3,78,673,8,10,1,12,93,0.1159,0.1935,0.3333,1,0.3333,1,1,0,1,0,medium
2022,4,56,1088,13,13,1,12,174,0.0515,0.1494,0,1,0,1,0,0,1,0,low
2022,4,50,1502,13,20,1,7,216,0.0333,0.1528,0,0,0,1,1,0,1,0,low
2024,2,66,1717,13,18,1,9,246,0.0384,0.126,0.6667,1,0.6667,1,1,1,0,0,high
2024,2,67,1680,8,9,1,9,227,0.0399,0.0749,0.6667,1,0.6667,0,0,0,0,1,high
2024,2,133,1948,4,6,1,17,248,0.0683,0.0403,0.6667,1,0.6667,1,1,1,0,0,high
2023,3,78,1539,15,18,1,10,231,0.0507,0.1429,0.3333,1,0.3333,1,1,1,0,0,medium
2023,3,108,1452,9,11,1,14,195,0.0744,0.1026,0.3333,1,0.3333,0,0,0,0,1,medium
2022,4,110,1365,16,23,1,15,208,0.0806,0.1875,0,0,0,1,0,0,1,0,low
2022,4,69,1116,10,12,1,7,156,0.0618,0.141,0,0,0,0,0,0,0,1,low
2022,4,78,2135,11,12,1,11,312,0.0365,0.0737,0,1,0,1,1,1,0,0,low
2023,3,79,1639,10,18,1,11,238,0.0482,0.1176,0.3333,1,0.3333,0,0,0,0,1,medium
2023,3,76,1238,11,12,1,11,170,0.0614,0.1353,0.3333,1,0.3333,1,1,1,0,0,medium
2023,3,111,2574,7,12,1,14,402,0.0431,0.0473,0.3333,1,0.3333,1,1,0,1,0,medium
2023,3,51,986,13,14,1,8,140,0.0517,0.1929,0.3333,1,0.3333,1,1,1,0,0,medium
2023,3,65,847,10,14,1,10,119,0.0767,0.2017,0.3333,1,0.3333,1,1,0,1,0,medium
2023,3,110,1920,13,17,1,16,272,0.0573,0.1103,0.3333,0,0.3333,0,0,0,0,1,medium
2023,3,66,1417,12,21,1,10,205,0.0466,0.161,0.3333,0,0.3333,1,1,1,0,0,medium
2022,4,112,1387,15,18,1,13,209,0.0807,0.1579,0,1,0,1,1,1,0,0,low
2022,4,132,1602,11,13,1,15,206,0.0824,0.1165,0,1,0,0,0,0,0,1,low
2022,4,70,1192,11,11,1,9,146,0.0587,0.1507,0,0,0,1,1,1,0,0,low
2022,4,71,2376,9,12,1,8,349,0.0299,0.0602,0,0,0,0,0,0,0,1,low
2022,4,125,1528,13,14,1,12,199,0.0818,0.1357,0,1,0,0,0,0,0,1,low
2022,4,79,1589,9,11,1,10,221,0.0497,0.0905,0,1,0,0,0,0,0,1,low
2022,4,88,1153,14,18,1,13,155,0.0763,0.2065,0,1,0,1,1,0,1,0,low
2022,4,47,1489,13,16,1,5,200,0.0316,0.145,0,1,0,0,0,0,0,1,low
2024,2,96,381,11,14,1,14,56,0.252,0.4464,0.6667,0,0.6667,1,1,0,1,0,high
2023,3,78,1304,11,13,1,9,179,0.0598,0.1341,0.3333,1,0.3333,0,0,0,0,1,medium
2022,4,112,1333,8,25,1,16,198,0.084,0.1667,0,0,0,1,1,0,1,0,low
2022,4,41,2378,12,19,1,6,323,0.0172,0.096,0,1,0,1,1,0,1,0,low
2022,4,99,1261,13,17,1,12,182,0.0785,0.1648,0,1,0,0,0,0,0,1,low
2024,2,104,1272,10,16,1,14,170,0.0818,0.1529,0.6667,1,0.6667,1,0,0,1,0,high
2024,2,92,2836,14,19,1,12,388,0.0324,0.0851,0.6667,0,0.6667,1,1,0,1,0,high
2024,2,59,927,15,15,1,9,144,0.0636,0.2083,0.6667,1,0.6667,1,1,0,1,0,high
2023,3,105,1110,10,13,1,13,166,0.0946,0.1386,0.3333,1,0.3333,1,1,1,0,0,medium
2023,3,60,1978,14,20,1,5,245,0.0303,0.1388,0.3333,0,0.3333,0,0,0,0,1,medium
2023,3,70,1083,19,24,1,8,162,0.0646,0.2654,0.3333,1,0.3333,1,0,1,0,0,medium
2022,4,88,1044,11,14,1,10,140,0.0843,0.1786,0,1,0,1,1,1,0,0,low
2022,4,90,1288,9,16,1,8,184,0.0699,0.1359,0,1,0,1,1,1,0,0,low
2022,4,104,1695,16,17,1,14,249,0.0614,0.1325,0,1,0,1,1,1,0,0,low
2022,4,48,856,13,18,1,6,123,0.0561,0.252,0,1,0,1,0,1,0,0,low
2023,3,57,1227,10,15,1,7,184,0.0465,0.1359,0.3333,1,0.3333,1,1,1,0,0,medium
2022,4,78,913,13,17,1,8,126,0.0854,0.2381,0,1,0,1,NA,1,0,0,low
2022,4,100,1049,19,22,1,12,149,0.0953,0.2752,0,1,0,0,0,0,0,1,low
2022,4,56,1468,11,16,1,7,208,0.0381,0.1298,0,1,0,0,0,0,0,1,low
2022,4,59,961,12,12,1,7,143,0.0614,0.1678,0,1,0,1,1,1,0,0,low
2022,4,121,1706,9,10,1,15,251,0.0709,0.0757,0,1,0,0,0,0,0,1,low
2024,2,110,1195,12,16,1,14,178,0.0921,0.1573,0.6667,1,0.6667,0,0,0,0,1,high
2023,3,67,904,20,23,1,9,126,0.0741,0.3413,0.3333,0,0.3333,0,0,0,0,1,medium
2023,3,113,1311,12,19,1,15,193,0.0862,0.1606,0.3333,1,0.3333,1,1,1,0,0,medium
2023,3,89,1183,12,16,1,12,164,0.0752,0.1707,0.3333,1,0.3333,1,1,1,0,0,medium
2023,3,42,949,17,19,1,8,152,0.0443,0.2368,0.3333,0,0.3333,1,0,0,1,0,medium
2023,3,131,1729,8,10,1,15,226,0.0758,0.0796,0.3333,1,0.3333,0,0,0,0,1,medium
2022,4,140,1912,17,22,1,17,261,0.0732,0.1494,0,1,0,0,0,0,0,1,low
2022,4,138,1079,18,24,1,14,150,0.1279,0.28,0,1,0,1,1,1,0,0,low
2022,4,89,879,13,13,1,9,117,0.1013,0.2222,0,1,0,0,0,0,0,1,low
2022,4,56,1271,12,19,1,8,188,0.0441,0.1649,0,1,0,1,1,0,1,0,low
2024,2,80,1762,12,14,1,12,241,0.0454,0.1079,0.6667,1,0.6667,1,1,0,1,0,high
2024,2,90,1521,5,5,1,10,198,0.0592,0.0505,0.6667,1,0.6667,1,1,1,0,0,high
2023,3,97,1135,13,15,1,15,163,0.0855,0.1718,0.3333,1,0.3333,1,1,1,0,0,medium
2023,3,70,1699,15,17,1,9,231,0.0412,0.1385,0.3333,1,0.3333,1,1,0,1,0,medium
2022,4,92,1234,14,20,1,13,173,0.0746,0.1965,0,1,0,1,1,1,0,0,low
2022,4,54,531,7,9,1,6,75,0.1017,0.2133,0,0,0,1,1,1,0,0,low
2022,4,41,1096,13,18,1,7,155,0.0374,0.2,0,1,0,1,1,1,0,0,low
2022,4,66,1404,11,12,1,14,212,0.047,0.1085,0,0,0,1,1,0,1,0,low
2022,4,117,905,17,18,1,15,131,0.1293,0.2672,0,1,0,0,0,0,0,1,low
2022,4,94,1919,11,11,1,12,266,0.049,0.0827,0,1,0,0,0,0,0,1,low
2022,4,34,1206,14,18,1,4,156,0.0282,0.2051,0,0,0,1,1,0,1,0,low
2024,2,77,1400,11,12,1,9,195,0.055,0.1179,0.6667,1,0.6667,1,0,0,1,0,high
2024,2,118,2798,11,13,1,14,389,0.0422,0.0617,0.6667,0,0.6667,1,1,0,1,0,high
2023,3,82,1279,13,19,1,11,169,0.0641,0.1893,0.3333,0,0.3333,0,0,0,0,1,medium
2023,3,66,737,3,3,1,6,118,0.0896,0.0508,0.3333,1,0.3333,1,1,1,0,0,medium
2023,3,128,3070,11,15,1,15,445,0.0417,0.0584,0.3333,1,0.3333,1,1,1,0,0,medium
2023,3,65,884,16,18,1,7,112,0.0735,0.3036,0.3333,1,0.3333,1,1,1,0,0,medium
2023,3,98,992,13,21,1,14,143,0.0988,0.2378,0.3333,1,0.3333,1,1,1,0,0,medium
2022,4,72,1244,8,23,1,8,166,0.0579,0.1867,0,1,0,1,1,0,1,0,low
2022,4,155,1438,14,18,1,20,198,0.10780000000000001,0.1616,0,1,0,1,0,0,1,0,low
2022,4,115,1228,11,11,1,15,161,0.0936,0.1366,0,1,0,1,1,0,1,0,low
2022,4,73,1299,19,22,1,11,178,0.0562,0.2303,0,1,0,0,0,0,0,1,low
2022,4,40,1324,19,24,1,6,192,0.0302,0.224,0,1,0,1,1,1,0,0,low
2022,4,130,1690,9,10,1,18,260,0.0769,0.0731,0,1,0,1,1,1,0,0,low
2022,4,119,1799,10,10,1,14,226,0.0661,0.0885,0,0,0,0,0,0,0,1,low
2024,2,94,1301,8,8,1,13,174,0.0723,0.092,0.6667,1,0.6667,0,0,0,0,1,high
2023,3,70,1979,10,11,1,9,313,0.0354,0.0671,0.3333,1,0.3333,1,1,1,0,0,medium
2023,3,86,1419,14,20,1,10,188,0.0606,0.1809,0.3333,0,0.3333,1,1,1,0,0,medium
2023,3,91,1253,9,10,1,14,187,0.0726,0.1016,0.3333,1,0.3333,1,1,1,0,0,medium
2023,3,51,1371,14,22,1,6,187,0.0372,0.1925,0.3333,0,0.3333,1,1,0,1,0,medium
2023,3,76,1289,8,8,1,11,191,0.059,0.0838,0.3333,1,0.3333,1,1,1,0,0,medium
2022,4,67,1098,14,14,1,9,148,0.061,0.1892,0,1,0,1,1,1,0,0,low
2022,4,111,1089,8,10,1,13,140,0.1019,0.1286,0,1,0,1,1,0,1,0,low
2022,4,90,1102,18,20,1,12,148,0.0817,0.2568,0,1,0,0,0,0,0,1,low
2022,4,55,756,17,23,1,7,104,0.0728,0.3846,0,1,0,1,1,1,0,0,low
2022,4,70,1470,15,19,1,8,212,0.0476,0.1604,0,0,0,1,1,1,0,0,low
2022,4,73,1624,10,11,1,8,227,0.045,0.0925,0,0,0,0,0,0,0,1,low
2024,2,110,1058,12,13,1,14,150,0.104,0.1667,0.6667,1,0.6667,1,1,1,0,0,high
2023,3,81,1368,15,20,1,11,196,0.0592,0.1786,0.3333,1,0.3333,1,1,1,0,0,medium
2023,3,53,1303,9,11,1,7,181,0.0407,0.1105,0.3333,1,0.3333,1,1,0,1,0,medium
2023,3,107,669,18,24,1,13,99,0.1599,0.4242,0.3333,1,0.3333,0,0,0,0,1,medium
2022,4,104,1636,18,20,1,13,238,0.0636,0.1597,0,1,0,0,0,0,0,1,low
2022,4,91,874,17,22,1,12,125,0.1041,0.312,0,0,0,0,0,0,0,1,low
2023,3,61,1412,12,15,1,8,198,0.0432,0.1364,0.3333,1,0.3333,1,0,1,0,0,medium
2023,3,96,1236,12,13,1,13,173,0.0777,0.1445,0.3333,0,0.3333,1,1,1,0,0,medium
2023,3,118,1061,14,18,1,15,147,0.1112,0.2177,0.3333,1,0.3333,1,0,0,1,0,medium
2022,4,74,2115,23,33,1,10,295,0.035,0.1898,0,0,0,0,0,0,0,1,low
2022,4,83,1426,14,21,1,11,199,0.0582,0.1759,0,1,0,1,1,0,1,0,low
2022,4,63,762,9,11,1,8,105,0.0827,0.1905,0,0,0,1,1,0,1,0,low
2022,4,62,1216,12,15,1,11,178,0.051,0.1517,0,1,0,1,1,1,0,0,low
2022,4,73,1530,14,15,1,9,199,0.0477,0.1457,0,1,0,1,0,1,0,0,low
2022,4,47,811,19,25,1,7,124,0.058,0.3548,0,1,0,1,0,0,1,0,low
2022,4,82,1736,9,11,1,10,233,0.0472,0.0858,0,1,0,1,1,1,0,0,low
2022,4,113,1222,12,12,1,12,191,0.0925,0.1257,0,1,0,1,1,0,1,0,low
2022,4,93,1489,17,18,1,11,199,0.0625,0.1759,0,1,0,1,0,0,1,0,low
2022,4,144,1411,11,14,1,16,181,0.1021,0.1381,0,1,0,1,1,0,1,0,low
2024,2,105,1629,17,21,1,12,222,0.0645,0.1712,0.6667,1,0.6667,1,1,1,0,0,high
2024,2,152,1604,19,23,1,18,240,0.0948,0.175,0.6667,1,0.6667,1,1,0,1,0,high
2024,2,53,1529,4,4,1,8,201,0.0347,0.0398,0.6667,0,0.6667,1,1,1,0,0,high
2023,3,92,1530,8,11,1,11,231,0.0601,0.0823,0.3333,1,0.3333,0,0,0,0,1,medium
2023,3,74,1762,17,23,1,8,248,0.042,0.1613,0.3333,1,0.3333,1,1,1,0,0,medium
2022,4,77,1399,11,13,1,9,200,0.055,0.12,0,1,0,1,1,0,1,0,low
2022,4,132,1382,12,14,1,17,191,0.0955,0.1361,0,1,0,1,1,0,1,0,low
2022,4,86,866,9,11,1,9,120,0.0993,0.1667,0,0,0,1,0,1,0,0,low
2022,4,112,1945,13,14,1,13,250,0.0576,0.108,0,1,0,0,0,0,0,1,low
2022,4,124,2678,10,12,1,17,428,0.0463,0.0514,0,1,0,1,1,1,0,0,low
2022,4,148,1982,15,18,1,19,282,0.0747,0.117,0,1,0,1,1,0,1,0,low
2024,2,81,1419,14,14,1,10,188,0.0571,0.1489,0.6667,1,0.6667,1,1,1,0,0,high
2023,3,88,1149,16,27,1,11,160,0.0766,0.2688,0.3333,1,0.3333,0,0,0,0,1,medium
2023,3,47,1366,12,20,1,5,193,0.0344,0.1658,0.3333,1,0.3333,1,1,1,0,0,medium
2023,3,52,816,13,13,1,7,112,0.0637,0.2321,0.3333,1,0.3333,0,0,0,0,1,medium
2022,4,50,862,14,15,1,5,123,0.058,0.2358,0,1,0,1,1,0,1,0,low
2022,4,60,1351,9,10,1,8,211,0.0444,0.09,0,1,0,1,1,1,0,0,low
2022,4,82,1187,18,21,1,8,150,0.0691,0.26,0,1,0,1,1,1,0,0,low
2022,4,110,1463,10,14,1,13,214,0.0752,0.1121,0,1,0,0,0,0,0,1,low
2022,4,91,1597,10,11,1,12,218,0.057,0.0963,0,1,0,0,0,0,0,1,low
2022,4,65,832,10,10,1,7,117,0.0781,0.1709,0,1,0,1,1,0,1,0,low
2022,4,56,908,9,9,1,7,122,0.0617,0.1475,0,1,0,1,1,1,0,0,low
2024,2,114,1751,9,13,1,14,222,0.0651,0.0991,0.6667,1,0.6667,1,1,1,0,0,high
2024,2,69,1441,12,13,1,8,182,0.0479,0.1374,0.6667,1,0.6667,0,0,0,0,1,high
2023,3,70,951,20,23,1,10,130,0.0736,0.3308,0.3333,1,0.3333,1,1,1,0,0,medium
2022,4,48,967,17,20,1,9,150,0.0496,0.2467,0,1,0,1,1,0,1,0,low
2022,4,72,1166,11,14,1,9,174,0.0617,0.1437,0,1,0,1,1,1,0,0,low
2022,4,106,2073,7,11,1,14,276,0.0511,0.0652,0,1,0,1,1,1,0,0,low
2022,4,55,1719,11,11,1,5,234,0.032,0.094,0,1,0,0,0,0,0,1,low
2022,4,90,1087,11,15,1,10,135,0.0828,0.1926,0,1,0,0,0,0,0,1,low
2024,2,44,1404,11,13,1,5,195,0.0313,0.1231,0.6667,1,0.6667,1,1,0,1,0,high
2024,2,129,1285,9,15,1,18,181,0.1004,0.1326,0.6667,1,0.6667,1,1,0,1,0,high
2024,2,82,1858,10,16,1,10,254,0.0441,0.1024,0.6667,1,0.6667,1,1,0,1,0,high
2023,3,135,1871,8,8,1,17,242,0.0722,0.0661,0.3333,0,0.3333,1,1,1,0,0,medium
2023,3,60,1182,15,17,1,7,170,0.0508,0.1882,0.3333,1,0.3333,1,1,1,0,0,medium
2023,3,83,2259,13,17,1,12,308,0.0367,0.0974,0.3333,1,0.3333,1,1,1,0,0,medium
2023,3,85,1653,13,17,1,11,236,0.0514,0.1271,0.3333,1,0.3333,1,1,0,1,0,medium
2023,3,77,878,16,20,1,10,126,0.0877,0.2857,0.3333,1,0.3333,0,0,0,0,1,medium
2022,4,63,970,6,9,1,8,141,0.0649,0.1064,0,1,0,0,0,0,0,1,low
2022,4,39,1504,8,10,1,5,231,0.0259,0.0779,0,0,0,1,1,0,1,0,low
2022,4,71,1090,11,15,1,9,152,0.0651,0.1711,0,0,0,1,1,1,0,0,low
2022,4,91,1884,6,9,1,9,251,0.0483,0.0598,0,1,0,1,0,0,1,0,low
2022,4,41,1337,18,20,1,5,188,0.0307,0.2021,0,1,0,1,1,0,1,0,low
2022,4,63,734,16,17,1,9,107,0.0858,0.3084,0,1,0,1,NA,0,1,0,low
2022,4,115,1293,8,8,1,14,173,0.0889,0.0925,0,1,0,1,1,1,0,0,low
2023,3,89,929,12,13,1,10,138,0.0958,0.1812,0.3333,0,0.3333,1,1,0,1,0,medium
2023,3,118,1188,16,21,1,15,166,0.0993,0.2229,0.3333,1,0.3333,1,1,1,0,0,medium
2022,4,91,1429,16,21,1,11,199,0.0637,0.1859,0,1,0,1,1,1,0,0,low
2022,4,96,939,16,21,1,13,134,0.1022,0.2761,0,1,0,0,0,0,0,1,low
2022,4,86,1453,11,14,1,10,204,0.0592,0.1225,0,1,0,0,0,0,0,1,low
2022,4,80,657,9,12,1,8,84,0.1218,0.25,0,1,0,1,1,0,1,0,low
2023,3,117,1310,7,7,1,14,196,0.0893,0.0714,0.3333,1,0.3333,1,1,1,0,0,medium
2023,3,58,1357,12,14,1,7,200,0.0427,0.13,0.3333,0,0.3333,1,1,0,1,0,medium
2023,3,96,1896,14,23,1,13,249,0.0506,0.1486,0.3333,1,0.3333,1,1,1,0,0,medium
2022,4,99,1384,12,13,1,10,180,0.0715,0.1389,0,1,0,1,1,0,1,0,low
2022,4,113,1348,13,19,1,15,189,0.0838,0.1693,0,0,0,1,1,0,1,0,low
2022,4,70,1452,16,21,1,9,209,0.0482,0.177,0,1,0,1,1,1,0,0,low
2022,4,122,1359,12,15,1,13,195,0.0898,0.1385,0,1,0,0,0,0,0,1,low
2022,4,137,1477,15,20,1,14,200,0.0928,0.175,0,1,0,1,1,0,1,0,low
2022,4,78,1595,12,19,1,8,221,0.0489,0.1403,0,1,0,1,1,0,1,0,low
2022,4,50,1433,10,14,1,7,198,0.0349,0.1212,0,0,0,1,1,0,1,0,low
2022,4,102,83,19,25,1,13,12,1.2289,3.6667,0,1,0,0,0,0,0,1,low
2024,2,107,1402,8,8,1,11,176,0.0763,0.0909,0.6667,0,0.6667,0,0,0,0,1,high
2023,3,47,1612,12,16,1,8,224,0.0292,0.125,0.3333,1,0.3333,1,1,1,0,0,medium
2022,4,61,713,15,18,1,8,98,0.0856,0.3367,0,1,0,1,0,1,0,0,low
2022,4,122,1559,15,15,1,16,239,0.0783,0.1255,0,1,0,1,1,1,0,0,low
2022,4,52,1103,16,21,1,6,151,0.0471,0.245,0,1,0,1,1,0,1,0,low
2022,4,55,891,11,15,1,7,142,0.0617,0.1831,0,1,0,1,1,1,0,0,low
2022,4,82,839,10,14,1,10,114,0.0977,0.2105,0,1,0,1,0,0,1,0,low
2022,4,117,1100,11,13,1,13,134,0.1064,0.1791,0,1,0,0,0,0,0,1,low
2022,4,85,1735,9,11,1,8,231,0.049,0.0866,0,1,0,0,0,0,0,1,low
2022,4,53,1814,11,18,1,6,255,0.0292,0.1137,0,0,0,1,1,0,1,0,low
2024,2,134,2279,6,6,1,16,332,0.0588,0.0361,0.6667,1,0.6667,1,0,1,0,0,high
2023,3,106,1792,5,13,1,15,246,0.0592,0.0732,0.3333,0,0.3333,1,1,0,1,0,medium
2023,3,81,1509,12,12,1,9,189,0.0537,0.127,0.3333,0,0.3333,1,1,1,0,0,medium
2023,3,75,2401,10,11,1,12,365,0.0312,0.0575,0.3333,1,0.3333,0,0,0,0,1,medium
2023,3,119,1686,12,15,1,14,226,0.0706,0.1195,0.3333,1,0.3333,0,0,0,0,1,medium
2022,4,109,1320,4,4,1,14,188,0.0826,0.0426,0,0,0,1,1,1,0,0,low
2022,4,84,1149,17,24,1,12,150,0.0731,0.2733,0,1,0,0,0,0,0,1,low
2022,4,136,1334,12,14,1,15,181,0.1019,0.1436,0,1,0,1,1,0,1,0,low
2022,4,98,837,9,13,1,13,126,0.1171,0.1746,0,1,0,1,1,1,0,0,low
2022,4,112,1412,14,16,1,16,188,0.0793,0.1596,0,1,0,1,1,0,1,0,low
2023,3,61,797,6,9,1,9,122,0.0765,0.123,0.3333,1,0.3333,1,1,0,1,0,medium
2023,3,102,1393,19,25,1,13,199,0.0732,0.2211,0.3333,1,0.3333,1,1,0,1,0,medium
2023,3,125,2525,12,16,1,15,358,0.0495,0.0782,0.3333,1,0.3333,1,0,0,1,0,medium
2022,4,108,1341,17,23,1,13,191,0.0805,0.2094,0,1,0,0,0,0,0,1,low
2022,4,84,1426,6,6,1,9,191,0.0589,0.0628,0,1,0,1,1,0,1,0,low
2022,4,62,1431,3,3,1,7,198,0.0433,0.0303,0,1,0,1,1,1,0,0,low
2022,4,87,1542,17,23,1,12,209,0.0564,0.1914,0,1,0,1,1,1,0,0,low
2024,2,61,708,16,22,1,8,89,0.0862,0.427,0.6667,1,0.6667,1,0,0,1,0,high
2023,3,128,2160,14,18,1,18,313,0.0593,0.1022,0.3333,1,0.3333,1,1,1,0,0,medium
2022,4,79,1048,9,9,1,10,152,0.0754,0.1184,0,1,0,1,1,0,1,0,low
2022,4,107,844,17,24,1,12,115,0.1268,0.3565,0,1,0,0,0,0,0,1,low
2023,3,83,912,11,17,1,12,129,0.091,0.2171,0.3333,1,0.3333,1,0,1,0,0,medium
2023,3,115,1579,11,18,1,16,257,0.0728,0.1128,0.3333,1,0.3333,1,0,1,0,0,medium
2023,3,85,2239,8,9,1,15,334,0.038,0.0509,0.3333,1,0.3333,0,0,0,0,1,medium
2022,4,96,1322,15,17,1,13,199,0.0726,0.1608,0,1,0,1,1,0,1,0,low
2022,4,84,675,15,15,1,12,94,0.1244,0.3191,0,1,0,1,1,1,0,0,low
2022,4,90,1876,13,16,1,9,249,0.048,0.1165,0,1,0,1,1,0,1,0,low
2022,4,115,1527,10,10,1,15,232,0.0753,0.0862,0,1,0,1,1,1,0,0,low
2022,4,89,1150,15,18,1,12,151,0.0774,0.2185,0,0,0,1,1,1,0,0,low
2022,4,114,2058,11,13,1,16,297,0.0554,0.0808,0,1,0,1,1,0,1,0,low
2022,4,150,2502,14,14,1,17,362,0.06,0.0773,0,1,0,1,1,1,0,0,low
2024,2,84,1382,10,15,1,12,189,0.0608,0.1323,0.6667,0,0.6667,1,0,0,1,0,high
2023,3,134,1150,13,20,1,16,150,0.1165,0.22,0.3333,0,0.3333,0,0,0,0,1,medium
2023,3,29,1106,18,20,1,4,135,0.0262,0.2815,0.3333,0,0.3333,1,1,0,1,0,medium
2023,3,59,1583,17,19,1,7,213,0.0373,0.169,0.3333,1,0.3333,1,1,0,1,0,medium
2022,4,124,2559,13,20,1,16,377,0.0485,0.0875,0,1,0,1,1,1,0,0,low
2022,4,35,957,16,17,1,5,124,0.0366,0.2661,0,1,0,1,1,1,0,0,low
2022,4,103,1650,12,14,1,14,225,0.0624,0.1156,0,1,0,0,0,0,0,1,low
2022,4,127,2252,12,19,1,18,315,0.0564,0.0984,0,1,0,1,1,1,0,0,low
2022,4,95,1034,13,16,1,12,154,0.0919,0.1883,0,0,0,1,1,0,1,0,low
2024,2,126,1731,10,12,1,13,234,0.0728,0.094,0.6667,1,0.6667,1,1,1,0,0,high
2023,3,31,1802,14,19,1,4,258,0.0172,0.1279,0.3333,1,0.3333,0,0,0,0,1,medium
2023,3,79,1703,10,11,1,9,224,0.0464,0.0938,0.3333,1,0.3333,0,0,0,0,1,medium
2023,3,63,1439,22,30,1,8,206,0.0438,0.2524,0.3333,1,0.3333,1,1,0,1,0,medium
2023,3,66,1680,17,20,1,7,244,0.0393,0.1516,0.3333,0,0.3333,0,0,0,0,1,medium
2022,4,60,1222,16,22,1,8,174,0.0491,0.2184,0,1,0,1,0,0,1,0,low
2022,4,94,794,14,17,1,12,108,0.1184,0.287,0,1,0,1,1,0,1,0,low
2022,4,107,1453,8,11,1,13,198,0.0736,0.096,0,1,0,0,0,0,0,1,low
2022,4,42,1152,11,13,1,5,166,0.0365,0.1446,0,1,0,1,1,0,1,0,low
2022,4,138,1071,14,16,1,18,148,0.1289,0.2027,0,0,0,1,0,0,1,0,low
2022,4,72,1149,13,15,1,9,174,0.0627,0.1609,0,1,0,1,0,0,1,0,low
2022,4,81,1457,8,9,1,11,213,0.0556,0.0798,0,1,0,1,0,1,0,0,low
2022,4,65,1705,10,13,1,9,236,0.0381,0.0975,0,1,0,1,1,1,0,0,low
2024,2,61,1006,8,9,1,8,126,0.0606,0.1349,0.6667,0,0.6667,0,0,0,0,1,high
2023,3,77,876,14,19,1,11,118,0.0879,0.2797,0.3333,0,0.3333,0,0,0,0,1,medium
2023,3,119,1197,9,9,1,14,162,0.0994,0.1111,0.3333,1,0.3333,1,1,1,0,0,medium
2022,4,158,1491,18,27,1,22,217,0.106,0.2074,0,1,0,1,0,1,0,0,low
2022,4,76,1380,15,17,1,11,194,0.0551,0.1649,0,1,0,0,0,0,0,1,low
2022,4,82,1894,15,18,1,11,287,0.0433,0.115,0,1,0,1,1,1,0,0,low
2022,4,127,1396,11,15,1,13,202,0.091,0.1287,0,1,0,1,1,1,0,0,low
2022,4,45,2080,9,16,1,6,299,0.0216,0.0836,0,0,0,0,0,0,0,1,low
2024,2,81,1591,11,17,1,11,216,0.0509,0.1296,0.6667,1,0.6667,1,1,0,1,0,high
2024,2,44,321,7,9,1,5,49,0.1371,0.3265,0.6667,1,0.6667,0,0,0,0,1,high
2024,2,105,873,8,8,1,15,123,0.1203,0.1301,0.6667,1,0.6667,1,0,1,0,0,high
2024,2,61,1007,15,21,1,9,135,0.0606,0.2667,0.6667,1,0.6667,1,1,1,0,0,high
2023,3,73,1708,12,15,1,10,229,0.0427,0.1179,0.3333,1,0.3333,1,1,1,0,0,medium
2023,3,93,1096,16,16,1,12,152,0.0849,0.2105,0.3333,1,0.3333,1,1,0,1,0,medium
2022,4,63,1317,18,25,1,7,182,0.0478,0.2363,0,1,0,1,1,0,1,0,low
2022,4,89,1148,10,13,1,9,155,0.0775,0.1484,0,1,0,1,1,1,0,0,low
2022,4,92,977,8,10,1,9,127,0.0942,0.1417,0,1,0,1,1,1,0,0,low
2022,4,68,1244,12,14,1,9,178,0.0547,0.1461,0,1,0,1,1,1,0,0,low
2022,4,97,721,14,15,1,11,98,0.1345,0.2959,0,0,0,1,1,1,0,0,low
2022,4,85,2671,12,14,1,15,387,0.0318,0.0672,0,1,0,1,1,1,0,0,low
2022,4,68,1690,13,17,1,10,248,0.0402,0.121,0,0,0,0,0,0,0,1,low
2022,4,109,1450,13,14,1,13,204,0.0752,0.1324,0,1,0,1,1,1,0,0,low
2025,1,126,2522,10,11,1,14,324,0.05,0.0648,1,1,1,1,0,0,1,0,high
2024,2,92,1257,12,12,1,12,172,0.0732,0.1395,0.6667,1,0.6667,1,1,1,0,0,medium
2024,2,119,2461,6,7,1,14,333,0.0484,0.039,0.6667,1,0.6667,1,1,0,1,0,medium
2023,3,47,1106,12,16,1,6,155,0.0425,0.1806,0.3333,0,0.3333,0,0,0,0,1,medium
2023,3,85,1075,12,14,1,12,170,0.0791,0.1529,0.3333,1,0.3333,1,0,1,0,0,medium
2023,3,63,628,6,6,1,9,103,0.1003,0.1165,0.3333,1,0.3333,0,0,0,0,1,medium
2023,3,148,1222,20,34,1,16,170,0.1211,0.3176,0.3333,1,0.3333,1,0,0,1,0,medium
2023,3,83,1137,16,20,1,11,145,0.073,0.2483,0.3333,0,0.3333,1,1,0,1,0,medium
2023,3,40,698,14,19,1,5,104,0.0573,0.3173,0.3333,1,0.3333,0,0,0,0,1,medium
2023,3,97,834,13,16,1,11,113,0.1163,0.2566,0.3333,1,0.3333,1,1,1,0,0,medium
2023,3,93,2160,11,14,1,11,296,0.0431,0.0845,0.3333,0,0.3333,1,1,0,1,0,medium
2023,3,115,2052,12,22,1,14,296,0.056,0.1149,0.3333,0,0.3333,0,0,0,0,1,medium
2023,3,116,2654,10,13,1,16,340,0.0437,0.0676,0.3333,0,0.3333,1,1,1,0,0,medium
2022,4,230,1702,15,20,1,27,258,0.1351,0.1357,0,1,0,1,1,1,0,0,low
2022,4,82,2029,18,22,1,9,303,0.0404,0.132,0,0,0,1,1,1,0,0,low
2022,4,58,1555,15,22,1,8,224,0.0373,0.1652,0,0,0,1,1,1,0,0,low
2024,2,81,1580,12,14,1,9,207,0.0513,0.1256,0.6667,1,0.6667,1,1,1,0,0,medium
2024,2,57,1102,7,9,1,8,156,0.0517,0.1026,0.6667,0,0.6667,1,1,1,0,0,medium
2023,3,91,1546,22,28,1,12,221,0.0589,0.2262,0.3333,1,0.3333,1,1,1,0,0,medium
2023,3,67,1271,13,14,1,9,180,0.0527,0.15,0.3333,1,0.3333,1,0,0,1,0,medium
2023,3,155,1597,18,19,1,14,203,0.0971,0.1823,0.3333,1,0.3333,1,1,1,0,0,medium
2023,3,81,1012,10,14,1,9,138,0.08,0.1739,0.3333,1,0.3333,0,0,0,0,1,medium
2022,4,127,1258,12,17,1,18,177,0.101,0.1638,0,1,0,1,1,1,0,0,low
2022,4,133,1277,9,25,1,17,185,0.1042,0.1838,0,1,0,0,0,0,0,1,low
2022,4,104,2242,9,11,1,10,306,0.0464,0.0654,0,1,0,0,0,0,0,1,low
2022,4,66,917,6,8,1,8,131,0.072,0.1069,0,1,0,0,0,0,0,1,low
2024,2,71,1334,6,6,1,8,164,0.0532,0.0732,0.6667,0,0.6667,0,0,0,0,1,medium
2024,2,160,2317,8,11,1,26,319,0.0691,0.0596,0.6667,1,0.6667,1,1,1,0,0,medium
2024,2,89,1235,4,4,1,11,164,0.0721,0.0488,0.6667,1,0.6667,1,1,1,0,0,medium
2023,3,65,908,17,23,1,8,124,0.0716,0.3226,0.3333,1,0.3333,1,1,0,1,0,medium
2023,3,81,1145,20,22,1,13,152,0.0707,0.2763,0.3333,1,0.3333,0,0,0,0,1,medium
2023,3,65,1225,5,5,1,7,155,0.0531,0.0645,0.3333,1,0.3333,1,0,1,0,0,medium
2023,3,93,1735,15,16,1,12,226,0.0536,0.1372,0.3333,1,0.3333,1,1,1,0,0,medium
2022,4,117,2126,15,16,1,13,420,0.055,0.0738,0,1,0,1,1,1,0,0,low
2022,4,74,1615,14,18,1,11,250,0.0458,0.128,0,0,0,1,1,1,0,0,low
2024,2,54,1440,12,14,1,6,203,0.0375,0.1281,0.6667,1,0.6667,1,1,0,1,0,medium
2024,2,127,1451,10,12,1,15,187,0.0875,0.1176,0.6667,1,0.6667,1,1,1,0,0,medium
2024,2,87,1036,21,25,1,9,130,0.084,0.3538,0.6667,1,0.6667,0,0,0,0,1,medium
2024,2,105,1576,8,8,1,14,209,0.0666,0.0766,0.6667,0,0.6667,1,1,1,0,0,medium
2023,3,116,2000,12,15,1,17,288,0.058,0.0938,0.3333,1,0.3333,1,1,1,0,0,medium
2023,3,84,1192,15,17,1,13,167,0.0705,0.1916,0.3333,1,0.3333,1,1,1,0,0,medium
2022,4,107,1770,15,16,1,15,255,0.0605,0.1216,0,1,0,1,0,0,1,0,low
2024,2,69,766,13,14,1,8,105,0.0901,0.2571,0.6667,1,0.6667,1,1,0,1,0,medium
2024,2,105,1326,9,10,1,11,181,0.0792,0.105,0.6667,1,0.6667,1,0,1,0,0,medium
2023,3,49,742,9,11,1,6,100,0.066,0.2,0.3333,1,0.3333,1,1,0,1,0,medium
2023,3,100,1204,16,17,1,13,155,0.0831,0.2129,0.3333,1,0.3333,1,1,1,0,0,medium
2023,3,71,1473,14,17,1,10,205,0.0482,0.1512,0.3333,1,0.3333,1,1,1,0,0,medium
2023,3,90,2500,11,12,1,11,349,0.036,0.0659,0.3333,1,0.3333,1,0,0,1,0,medium
2022,4,56,1513,14,19,1,8,222,0.037,0.1486,0,1,0,1,1,1,0,0,low
2022,4,102,1712,12,16,1,15,248,0.0596,0.1129,0,0,0,0,0,0,0,1,low
2022,4,113,1279,12,14,1,15,164,0.0884,0.1585,0,1,0,1,1,0,1,0,low
2022,4,54,1122,11,13,1,5,158,0.0481,0.1519,0,1,0,1,1,0,1,0,low
2022,4,99,1451,11,16,1,14,214,0.0682,0.1262,0,1,0,1,1,1,0,0,low
2024,2,60,1518,4,4,1,8,195,0.0395,0.041,0.6667,0,0.6667,1,1,0,1,0,medium
2022,4,53,1533,8,14,1,6,217,0.0346,0.1014,0,1,0,1,1,0,1,0,low
2022,4,73,996,7,13,1,9,149,0.0733,0.1342,0,1,0,1,1,1,0,0,low
2022,4,106,1428,12,13,1,15,216,0.0742,0.1157,0,1,0,1,0,1,0,0,low
2022,4,97,1472,16,21,1,12,208,0.0659,0.1779,0,1,0,1,1,1,0,0,low
2022,4,150,1544,14,17,1,16,204,0.0972,0.152,0,1,0,1,1,0,1,0,low
2022,4,104,1205,12,13,1,12,173,0.0863,0.1445,0,1,0,0,0,0,0,1,low
2022,4,69,1329,18,23,1,8,189,0.0519,0.2169,0,0,0,1,1,0,1,0,low
2022,4,73,1427,11,14,1,9,200,0.0512,0.125,0,1,0,0,0,0,0,1,low
2024,2,130,1148,12,13,1,14,161,0.1132,0.1553,0.6667,1,0.6667,1,0,1,0,0,medium
2023,3,44,1202,9,11,1,8,179,0.0366,0.1117,0.3333,1,0.3333,1,1,0,1,0,medium
2023,3,95,1770,10,11,1,12,245,0.0537,0.0857,0.3333,0,0.3333,0,0,0,0,1,medium
2023,3,61,1293,14,21,1,8,174,0.0472,0.2011,0.3333,0,0.3333,1,1,0,1,0,medium
2023,3,92,2746,7,10,1,12,388,0.0335,0.0438,0.3333,1,0.3333,1,1,0,1,0,medium
2022,4,106,1403,13,16,1,12,196,0.0756,0.148,0,1,0,1,1,1,0,0,low
2022,4,59,805,16,19,1,8,117,0.0733,0.2991,0,1,0,1,1,1,0,0,low
2022,4,91,1718,9,11,1,12,260,0.053,0.0769,0,1,0,1,1,1,0,0,low
2022,4,89,1580,14,19,1,12,237,0.0563,0.1392,0,0,0,0,0,0,0,1,low
2022,4,54,1094,10,11,1,6,156,0.0494,0.1346,0,0,0,0,0,0,0,1,low
2024,2,102,1451,5,5,1,13,230,0.0703,0.0435,0.6667,1,0.6667,1,1,1,0,0,medium
2024,2,116,1457,12,15,1,15,199,0.0796,0.1357,0.6667,1,0.6667,1,1,0,1,0,medium
2023,3,66,1334,10,12,1,10,174,0.0495,0.1264,0.3333,1,0.3333,0,0,0,0,1,medium
2023,3,80,1199,12,15,1,12,172,0.0667,0.157,0.3333,1,0.3333,1,1,1,0,0,medium
2023,3,103,1018,11,13,1,12,140,0.1012,0.1714,0.3333,1,0.3333,1,1,1,0,0,medium
2023,3,55,1905,9,11,1,7,271,0.0289,0.0738,0.3333,1,0.3333,1,1,1,0,0,medium
2023,3,127,2209,9,10,1,15,307,0.0575,0.0619,0.3333,1,0.3333,1,0,0,1,0,medium
2023,3,130,732,13,13,1,17,102,0.1776,0.2549,0.3333,1,0.3333,1,1,0,1,0,medium
2022,4,69,959,16,17,1,11,129,0.0719,0.2558,0,1,0,1,1,1,0,0,low
2022,4,41,1309,5,6,1,6,194,0.0313,0.0567,0,1,0,1,1,0,1,0,low
2022,4,46,1661,23,26,1,7,248,0.0277,0.1976,0,1,0,1,0,1,0,0,low
2022,4,83,1319,14,17,1,9,186,0.0629,0.1667,0,1,0,1,1,1,0,0,low
2022,4,107,99,13,14,1,11,11,1.0808,2.4545,0,1,0,0,0,0,0,1,low
2022,4,71,855,14,15,1,7,122,0.083,0.2377,0,1,0,0,0,0,0,1,low
2022,4,121,1647,14,17,1,16,214,0.0735,0.1449,0,1,0,1,1,1,0,0,low
2022,4,89,2109,12,13,1,12,288,0.0422,0.0868,0,1,0,1,0,0,1,0,low
2024,2,78,1775,11,15,1,10,234,0.0439,0.1111,0.6667,1,0.6667,1,1,1,0,0,medium
2023,3,66,1641,19,23,1,8,218,0.0402,0.1927,0.3333,0,0.3333,1,1,1,0,0,medium
2023,3,111,1473,19,25,1,12,199,0.0754,0.2211,0.3333,1,0.3333,1,0,0,1,0,medium
2023,3,121,670,11,12,1,16,95,0.1806,0.2421,0.3333,1,0.3333,1,1,1,0,0,medium
2023,3,32,10719,2,2,1,3,1659,0.003,0.0024,0.3333,1,0.3333,1,0,0,1,0,medium
2023,3,31,2202,8,9,1,4,317,0.0141,0.0536,0.3333,0,0.3333,0,0,0,0,1,medium
2023,3,128,1814,13,16,1,13,239,0.0706,0.1213,0.3333,1,0.3333,0,0,0,0,1,medium
2022,4,61,1698,11,13,1,10,254,0.0359,0.0945,0,0,0,1,1,1,0,0,low
2022,4,96,1250,11,13,1,11,178,0.0768,0.1348,0,1,0,1,1,0,1,0,low
2022,4,85,1203,15,17,1,12,173,0.0707,0.185,0,1,0,1,1,0,1,0,low
2022,4,105,1455,17,25,1,16,200,0.0722,0.21,0,1,0,1,1,0,1,0,low
2022,4,117,1433,11,16,1,17,198,0.0816,0.1364,0,1,0,1,1,1,0,0,low
2024,2,119,236,7,9,1,17,31,0.5042,0.5161,0.6667,0,0.6667,0,0,0,0,1,medium
2023,3,70,1221,10,13,1,9,175,0.0573,0.1314,0.3333,1,0.3333,1,0,0,1,0,medium
2023,3,52,1052,15,18,1,8,148,0.0494,0.223,0.3333,1,0.3333,1,1,1,0,0,medium
2023,3,96,1324,11,11,1,14,169,0.0725,0.1302,0.3333,1,0.3333,0,0,0,0,1,medium
2022,4,45,1397,13,16,1,6,192,0.0322,0.151,0,0,0,0,0,0,0,1,low
2022,4,77,968,15,22,1,11,141,0.0795,0.2624,0,1,0,0,0,0,0,1,low
2022,4,90,1509,14,16,1,11,222,0.0596,0.1351,0,0,0,0,0,0,0,1,low
2022,4,52,1226,9,14,1,6,173,0.0424,0.1329,0,1,0,1,1,0,1,0,low
2022,4,90,1406,15,17,1,12,199,0.064,0.1608,0,1,0,1,1,1,0,0,low
2022,4,55,463,13,14,1,10,76,0.1188,0.3553,0,0,0,0,0,0,0,1,low
2022,4,141,358,14,18,1,14,45,0.3939,0.7111,0,0,0,1,1,0,1,0,low
2025,1,81,1439,5,8,1,10,171,0.0563,0.076,1,0,1,0,0,0,0,1,high
2025,1,57,1816,18,24,1,5,240,0.0314,0.175,1,1,1,1,1,0,1,0,high
2024,2,105,1350,9,9,1,12,191,0.0778,0.0942,0.6667,1,0.6667,1,0,1,0,0,medium
2023,3,105,1781,5,5,1,13,262,0.059,0.0382,0.3333,1,0.3333,1,1,0,1,0,medium
2023,3,65,1397,20,30,1,8,193,0.0465,0.2591,0.3333,1,0.3333,0,0,0,0,1,medium
2023,3,82,1250,3,3,1,11,158,0.0656,0.038,0.3333,0,0.3333,0,0,0,0,1,medium
2022,4,71,1028,12,16,1,9,154,0.0691,0.1818,0,1,0,1,1,1,0,0,low
2022,4,131,4283,17,24,1,16,653,0.0306,0.0628,0,1,0,0,0,0,0,1,low
2022,4,47,1349,10,16,1,5,197,0.0348,0.132,0,1,0,1,1,0,1,0,low
2022,4,44,1298,5,6,1,5,191,0.0339,0.0576,0,0,0,0,0,0,0,1,low
2022,4,70,1350,13,17,1,9,190,0.0519,0.1579,0,1,0,1,1,0,1,0,low
2022,4,63,1382,11,12,1,7,173,0.0456,0.1329,0,0,0,1,1,1,0,0,low
2022,4,60,1168,16,18,1,7,170,0.0514,0.2,0,1,0,0,0,0,0,1,low
2023,3,131,1143,11,19,1,15,154,0.1146,0.1948,0.3333,1,0.3333,0,0,0,0,1,medium
2023,3,86,2466,7,12,1,14,373,0.0349,0.0509,0.3333,1,0.3333,1,1,0,1,0,medium
2023,3,79,1514,9,10,1,11,197,0.0522,0.0964,0.3333,1,0.3333,1,1,1,0,0,medium
2023,3,53,968,9,11,1,11,153,0.0548,0.1307,0.3333,0,0.3333,1,1,0,1,0,medium
2023,3,58,1130,12,14,1,6,143,0.0513,0.1818,0.3333,1,0.3333,1,1,1,0,0,medium
2022,4,90,1758,15,23,1,10,244,0.0512,0.1557,0,0,0,1,1,0,1,0,low
2022,4,165,999,22,26,1,23,149,0.1652,0.3221,0,1,0,0,0,0,0,1,low
2022,4,106,1603,13,14,1,14,221,0.0661,0.1222,0,1,0,0,0,0,0,1,low
2022,4,101,172,7,10,1,12,24,0.5872,0.7083,0,0,0,1,0,0,1,0,low
2022,4,52,927,8,8,1,9,150,0.0561,0.1067,0,1,0,1,0,0,1,0,low
2024,2,55,1548,9,9,1,7,216,0.0355,0.0833,0.6667,0,0.6667,1,1,1,0,0,medium
2024,2,126,1578,5,6,1,13,205,0.0798,0.0537,0.6667,1,0.6667,1,1,1,0,0,medium
2023,3,26,669,7,8,1,3,98,0.0389,0.15310000000000001,0.3333,0,0.3333,0,0,0,0,1,medium
2023,3,92,1263,8,13,1,13,161,0.0728,0.1304,0.3333,1,0.3333,1,1,1,0,0,medium
2022,4,74,1900,9,27,1,7,254,0.0389,0.1417,0,1,0,0,0,0,0,1,low
2022,4,84,1358,12,20,1,10,189,0.0619,0.1693,0,1,0,1,1,0,1,0,low
2022,4,104,1517,16,23,1,10,219,0.0686,0.1781,0,1,0,1,1,0,1,0,low
2022,4,66,2256,12,18,1,9,302,0.0293,0.0993,0,1,0,1,1,0,1,0,low
2022,4,77,1839,8,8,1,9,268,0.0419,0.0597,0,1,0,0,0,0,0,1,low
2022,4,82,846,15,18,1,14,125,0.0969,0.264,0,1,0,0,0,0,0,1,low
2022,4,58,1589,11,12,1,6,213,0.0365,0.108,0,1,0,1,1,1,0,0,low
2022,4,93,251,12,14,1,11,33,0.3705,0.7879,0,1,0,0,0,0,0,1,low
2022,4,74,1748,14,16,1,9,244,0.0423,0.123,0,1,0,1,1,1,0,0,low
2022,4,67,1891,12,18,1,9,288,0.0354,0.1042,0,1,0,1,0,1,0,0,low
2022,4,92,1599,15,19,1,12,219,0.0575,0.1553,0,1,0,1,1,1,0,0,low
2022,4,92,2147,11,15,1,12,294,0.0429,0.0884,0,1,0,0,0,0,0,1,low
2023,3,83,1186,14,16,1,10,162,0.07,0.1852,0.3333,1,0.3333,1,1,0,1,0,low
2023,3,109,1353,10,11,1,12,180,0.0806,0.1167,0.3333,1,0.3333,1,1,1,0,0,low
2023,3,78,1786,14,16,1,9,262,0.0437,0.1145,0.3333,1,0.3333,1,1,0,1,0,low
2022,4,51,1286,14,23,1,6,178,0.0397,0.2079,0,1,0,1,1,0,1,0,low
2022,4,105,3587,13,14,1,14,485,0.0293,0.0557,0,1,0,0,0,0,0,1,low
2022,4,83,1373,12,20,1,11,181,0.0605,0.1768,0,1,0,1,1,1,0,0,low
2024,2,74,1799,14,20,1,10,248,0.0411,0.1371,0.6667,0,0.6667,1,0,1,0,0,medium
2024,2,93,1533,10,14,1,11,200,0.0607,0.12,0.6667,1,0.6667,1,0,1,0,0,medium
2023,3,112,1461,10,12,1,13,206,0.0767,0.1068,0.3333,1,0.3333,1,1,1,0,0,low
2023,3,75,1396,14,18,1,11,211,0.0537,0.1517,0.3333,1,0.3333,1,1,1,0,0,low
2023,3,93,1347,13,19,1,11,179,0.069,0.1788,0.3333,1,0.3333,1,1,1,0,0,low
2023,3,123,114,12,14,1,18,18,1.0789,1.4444,0.3333,1,0.3333,0,0,0,0,1,low
2022,4,45,1068,13,18,1,9,172,0.0421,0.1802,0,1,0,1,0,0,1,0,low
2022,4,125,3824,15,17,1,16,542,0.0327,0.059,0,1,0,1,1,1,0,0,low
2022,4,106,1126,11,12,1,13,120,0.0941,0.1917,0,0,0,1,1,1,0,0,low
2022,4,81,2041,16,23,1,12,281,0.0397,0.1388,0,0,0,0,0,0,0,1,low
2022,4,90,1255,11,12,1,14,186,0.0717,0.1237,0,1,0,0,0,0,0,1,low
2022,4,63,1656,12,17,1,7,211,0.038,0.1374,0,1,0,1,1,0,1,0,low
2022,4,55,1615,8,8,1,5,197,0.0341,0.0812,0,0,0,0,0,0,0,1,low
2022,4,82,1834,13,15,1,12,275,0.0447,0.1018,0,1,0,1,1,1,0,0,low
2022,4,42,862,13,14,1,4,126,0.0487,0.2143,0,1,0,1,1,0,1,0,low
2022,4,104,2130,16,16,1,14,301,0.0488,0.1063,0,1,0,1,1,1,0,0,low
2023,3,84,1323,13,15,1,10,178,0.0635,0.1573,0.3333,1,0.3333,0,0,0,0,1,low
2023,3,83,713,19,23,1,11,105,0.1164,0.4,0.3333,1,0.3333,1,0,1,0,0,low
2023,3,116,1621,19,25,1,17,241,0.0716,0.1826,0.3333,1,0.3333,1,1,1,0,0,low
2023,3,78,1012,13,14,1,11,148,0.0771,0.1824,0.3333,0,0.3333,0,0,0,0,1,low
2022,4,102,923,13,17,1,12,122,0.1105,0.2459,0,0,0,1,1,0,1,0,low
2022,4,71,1114,13,18,1,7,144,0.0637,0.2153,0,1,0,0,0,0,0,1,low
2022,4,70,947,20,25,1,8,134,0.0739,0.3358,0,1,0,0,0,0,0,1,low
2022,4,115,1429,18,21,1,12,195,0.0805,0.2,0,1,0,1,1,0,1,0,low
2022,4,83,1647,13,17,1,12,230,0.0504,0.1304,0,1,0,1,1,1,0,0,low
2022,4,81,1281,7,7,1,11,189,0.0632,0.0741,0,1,0,1,1,1,0,0,low
2022,4,61,804,12,15,1,9,109,0.0759,0.2477,0,0,0,1,1,1,0,0,low
2024,2,94,1383,13,16,1,11,209,0.068,0.1388,0.6667,1,0.6667,1,1,1,0,0,medium
2024,2,150,1457,13,16,1,22,186,0.103,0.1559,0.6667,1,0.6667,1,1,1,0,0,medium
2024,2,117,2801,12,13,1,13,386,0.0418,0.0648,0.6667,1,0.6667,1,1,1,0,0,medium
2024,2,125,1716,12,18,1,17,226,0.0728,0.1327,0.6667,1,0.6667,1,0,0,1,0,medium
2023,3,78,1606,10,12,1,10,225,0.0486,0.0978,0.3333,1,0.3333,0,0,0,0,1,low
2023,3,79,1227,8,10,1,11,171,0.0644,0.1053,0.3333,1,0.3333,1,0,1,0,0,low
2023,3,107,1399,11,14,1,15,184,0.0765,0.1359,0.3333,1,0.3333,1,1,1,0,0,low
2022,4,120,1609,17,20,1,17,237,0.0746,0.1561,0,1,0,0,0,0,0,1,low
2022,4,111,1308,17,17,1,15,194,0.0849,0.1753,0,1,0,1,1,1,0,0,low
2022,4,66,1883,12,14,1,9,242,0.0351,0.1074,0,1,0,0,0,0,0,1,low
2022,4,87,1445,12,16,1,10,197,0.0602,0.1421,0,1,0,0,0,0,0,1,low
2022,4,70,1410,9,11,1,8,227,0.0496,0.0881,0,0,0,1,1,0,1,0,low
2024,2,102,1300,9,13,1,13,182,0.0785,0.1209,0.6667,1,0.6667,1,1,1,0,0,medium
2024,2,61,1488,6,9,1,7,200,0.041,0.075,0.6667,1,0.6667,1,1,0,1,0,medium
2024,2,57,1494,9,11,1,7,181,0.0382,0.1105,0.6667,1,0.6667,0,0,0,0,1,medium
2023,3,50,1312,11,18,1,8,197,0.0381,0.1472,0.3333,0,0.3333,1,1,0,1,0,low
2023,3,45,1512,10,10,1,5,229,0.0298,0.0873,0.3333,1,0.3333,1,1,1,0,0,low
2023,3,60,1401,15,22,1,8,195,0.0428,0.1897,0.3333,1,0.3333,0,0,0,0,1,low
2023,3,78,885,12,14,1,9,128,0.0881,0.2031,0.3333,1,0.3333,1,1,1,0,0,low
2023,3,105,1090,13,18,1,11,141,0.0963,0.2199,0.3333,1,0.3333,1,1,0,1,0,low
2023,3,148,1302,10,18,1,18,176,0.1137,0.1591,0.3333,0,0.3333,1,1,1,0,0,low
2022,4,46,1953,8,10,1,5,289,0.0236,0.0623,0,1,0,1,1,0,1,0,low
2022,4,83,1651,9,13,1,10,235,0.0503,0.0936,0,1,0,1,1,0,1,0,low
2022,4,111,1616,8,8,1,14,228,0.0687,0.0702,0,1,0,1,0,0,1,0,low
2022,4,55,1499,11,14,1,6,212,0.0367,0.1179,0,1,0,0,0,0,0,1,low
2022,4,71,1445,9,9,1,9,221,0.0491,0.0814,0,1,0,0,0,0,0,1,low
2025,1,22,2325,13,17,1,3,340,0.0095,0.0882,1,0,1,0,0,0,0,1,high
2023,3,109,1647,7,10,1,16,244,0.0662,0.0697,0.3333,1,0.3333,1,1,1,0,0,low
2023,3,80,1418,10,16,1,9,217,0.0564,0.1198,0.3333,1,0.3333,1,1,1,0,0,low
2022,4,89,1480,15,23,1,10,200,0.0601,0.19,0,1,0,0,0,0,0,1,low
2022,4,96,1240,16,21,1,13,174,0.0774,0.2126,0,1,0,1,1,1,0,0,low
2022,4,90,1506,16,23,1,12,200,0.0598,0.195,0,1,0,1,1,0,1,0,low
2022,4,52,1193,13,20,1,6,191,0.0436,0.1728,0,1,0,1,0,1,0,0,low
2022,4,70,1523,10,10,1,11,217,0.046,0.0922,0,1,0,1,1,1,0,0,low
2022,4,56,1336,9,13,1,5,192,0.0419,0.1146,0,0,0,1,1,0,1,0,low
2024,2,148,1635,15,19,1,18,220,0.0905,0.1545,0.6667,1,0.6667,1,1,1,0,0,medium
2024,2,68,949,13,13,1,7,134,0.0717,0.194,0.6667,1,0.6667,1,1,1,0,0,medium
2023,3,105,381,11,13,1,18,60,0.2756,0.4,0.3333,0,0.3333,1,1,1,0,0,low
2023,3,96,1464,18,18,1,11,198,0.0656,0.1818,0.3333,1,0.3333,1,1,1,0,0,low
2023,3,85,822,9,9,1,11,111,0.1034,0.1622,0.3333,1,0.3333,0,0,0,0,1,low
2023,3,57,657,15,22,1,9,105,0.0868,0.3524,0.3333,1,0.3333,1,0,1,0,0,low
2023,3,124,1450,11,15,1,13,196,0.0855,0.1327,0.3333,0,0.3333,0,0,0,0,1,low
2022,4,33,570,9,11,1,6,80,0.0579,0.25,0,0,0,0,0,0,0,1,low
2022,4,86,1657,14,19,1,11,256,0.0519,0.1289,0,1,0,1,1,1,0,0,low
2022,4,65,1680,11,17,1,7,212,0.0387,0.1321,0,0,0,0,0,0,0,1,low
2022,4,66,1269,11,15,1,9,173,0.052,0.1503,0,1,0,1,NA,0,1,0,low
2024,2,76,1867,14,17,1,10,239,0.0407,0.1297,0.6667,1,0.6667,1,1,1,0,0,medium
2024,2,41,1118,12,19,1,6,167,0.0367,0.1856,0.6667,0,0.6667,1,1,0,1,0,medium
2024,2,126,1564,19,19,1,19,197,0.0806,0.1929,0.6667,1,0.6667,1,0,0,1,0,medium
2024,2,114,1626,12,12,1,15,206,0.0701,0.1165,0.6667,1,0.6667,1,1,1,0,0,medium
2024,2,77,1566,16,19,1,11,220,0.0492,0.1591,0.6667,1,0.6667,0,0,0,0,1,medium
2023,3,98,2040,11,16,1,14,299,0.048,0.0903,0.3333,0,0.3333,1,0,0,1,0,low
2023,3,117,2053,4,5,1,15,277,0.057,0.0325,0.3333,1,0.3333,1,1,0,1,0,low
2023,3,23,1547,8,13,1,5,231,0.0149,0.0909,0.3333,0,0.3333,1,0,1,0,0,low
2023,3,156,1673,12,16,1,15,230,0.0932,0.1217,0.3333,0,0.3333,0,0,0,0,1,low
2023,3,97,1534,11,17,1,14,213,0.0632,0.1315,0.3333,1,0.3333,0,0,0,0,1,low
2022,4,54,1072,9,11,1,8,158,0.0504,0.1266,0,0,0,1,0,1,0,0,low
2022,4,136,3087,9,9,1,18,446,0.0441,0.0404,0,1,0,1,1,1,0,0,low
2022,4,136,1117,16,23,1,13,159,0.1218,0.2453,0,0,0,0,0,0,0,1,low
2022,4,83,1458,11,13,1,9,189,0.0569,0.127,0,1,0,0,0,0,0,1,low
2022,4,100,1696,11,11,1,8,221,0.059,0.0995,0,1,0,1,1,0,1,0,low
2024,2,67,1365,12,14,1,8,199,0.0491,0.1307,0.6667,1,0.6667,1,1,0,1,0,medium
2024,2,69,1677,7,9,1,10,243,0.0411,0.0658,0.6667,0,0.6667,1,1,0,1,0,medium
2024,2,83,1475,11,11,1,10,199,0.0563,0.1106,0.6667,0,0.6667,1,0,1,0,0,medium
2023,3,90,1589,8,10,1,10,194,0.0566,0.0928,0.3333,1,0.3333,1,0,0,1,0,low
2023,3,130,1574,16,18,1,18,208,0.0826,0.1635,0.3333,0,0.3333,1,1,1,0,0,low
2023,3,109,3031,13,14,1,15,431,0.036,0.0626,0.3333,1,0.3333,1,1,1,0,0,low
2022,4,87,1158,13,17,1,11,168,0.0751,0.1786,0,1,0,1,1,1,0,0,low
2022,4,93,1357,12,25,1,10,177,0.0685,0.209,0,1,0,1,1,0,1,0,low
2022,4,76,1314,14,20,1,10,182,0.0578,0.1868,0,1,0,1,1,1,0,0,low
2022,4,57,347,13,14,1,7,55,0.1643,0.4909,0,1,0,1,1,0,1,0,low
2022,4,83,1239,8,10,1,11,165,0.067,0.1091,0,1,0,0,0,0,0,1,low
2022,4,75,1666,9,12,1,10,229,0.045,0.0917,0,1,0,1,1,0,1,0,low
2022,4,55,888,10,13,1,6,122,0.0619,0.1885,0,1,0,1,1,0,1,0,low
2024,2,56,433,14,15,1,9,58,0.1293,0.5,0.6667,1,0.6667,1,1,0,1,0,medium
2023,3,52,1425,7,7,1,8,214,0.0365,0.0654,0.3333,0,0.3333,1,1,1,0,0,low
2023,3,63,910,9,13,1,9,135,0.0692,0.163,0.3333,1,0.3333,1,1,1,0,0,low
2023,3,108,1163,17,22,1,12,149,0.0929,0.2617,0.3333,1,0.3333,1,1,1,0,0,low
2023,3,81,901,13,18,1,13,118,0.0899,0.2627,0.3333,0,0.3333,0,0,0,0,1,low
2023,3,122,2232,19,21,1,17,340,0.0547,0.1176,0.3333,1,0.3333,1,1,1,0,0,low
2022,4,70,1279,9,12,1,9,196,0.0547,0.1071,0,1,0,1,0,1,0,0,low
2022,4,59,880,15,19,1,9,126,0.067,0.2698,0,1,0,1,1,1,0,0,low
2022,4,113,1232,15,20,1,17,179,0.0917,0.1955,0,1,0,1,1,1,0,0,low
2022,4,60,925,12,15,1,9,132,0.0649,0.2045,0,1,0,1,1,0,1,0,low
2022,4,89,1322,18,22,1,13,212,0.0673,0.1887,0,1,0,1,1,1,0,0,low
2022,4,51,1336,16,17,1,7,199,0.0382,0.1658,0,1,0,1,1,0,1,0,low
2022,4,45,1279,11,15,1,7,199,0.0352,0.1307,0,0,0,1,1,1,0,0,low
2022,4,28,1254,13,19,1,5,179,0.0223,0.1788,0,1,0,1,1,0,1,0,low
2024,2,47,174,11,13,1,8,22,0.2701,1.0909,0.6667,0,0.6667,1,1,0,1,0,medium
2024,2,100,1498,19,26,1,14,199,0.0668,0.2261,0.6667,0,0.6667,1,1,1,0,0,medium
2023,3,100,1247,17,20,1,13,179,0.0802,0.2067,0.3333,1,0.3333,1,NA,1,0,0,low
2023,3,42,912,11,11,1,6,125,0.0461,0.176,0.3333,1,0.3333,0,0,0,0,1,low
2023,3,127,1309,14,16,1,20,190,0.097,0.1579,0.3333,1,0.3333,1,1,1,0,0,low
2023,3,84,1237,13,15,1,12,168,0.0679,0.1667,0.3333,1,0.3333,1,0,0,1,0,low
2023,3,119,1613,15,16,1,17,229,0.0738,0.1354,0.3333,1,0.3333,1,1,1,0,0,low
2023,3,68,1470,9,13,1,8,200,0.0463,0.11,0.3333,1,0.3333,0,0,0,0,1,low
2023,3,112,1923,14,14,1,16,261,0.0582,0.1073,0.3333,1,0.3333,1,1,0,1,0,low
2022,4,112,1264,12,14,1,15,208,0.0886,0.125,0,1,0,0,0,0,0,1,low
2022,4,75,1761,6,10,1,9,240,0.0426,0.0667,0,1,0,0,0,0,0,1,low
2022,4,66,1707,13,18,1,10,232,0.0387,0.1336,0,0,0,1,1,0,1,0,low
2022,4,99,1951,13,16,1,14,273,0.0507,0.1062,0,1,0,1,1,0,1,0,low
2022,4,78,1161,9,12,1,9,152,0.0672,0.1382,0,1,0,1,1,1,0,0,low
2022,4,67,922,14,17,1,8,135,0.0727,0.2296,0,1,0,1,1,0,1,0,low
2022,4,90,1565,15,16,1,9,200,0.0575,0.155,0,1,0,1,1,1,0,0,low
2024,2,64,1830,15,17,1,8,238,0.035,0.1345,0.6667,1,0.6667,1,1,0,1,0,medium
2023,3,99,1118,9,11,1,13,168,0.0886,0.119,0.3333,1,0.3333,1,1,1,0,0,low
2023,3,75,907,16,20,1,11,132,0.0827,0.2727,0.3333,1,0.3333,1,1,0,1,0,low
2022,4,68,803,10,13,1,9,111,0.0847,0.2072,0,1,0,0,0,0,0,1,low
2022,4,79,1379,5,5,1,10,199,0.0573,0.0503,0,0,0,1,0,0,1,0,low
2022,4,82,1551,13,13,1,13,236,0.0529,0.1102,0,1,0,1,1,1,0,0,low
2022,4,89,1810,12,16,1,12,269,0.0492,0.1041,0,0,0,1,0,1,0,0,low
2022,4,131,960,11,15,1,16,140,0.1365,0.1857,0,0,0,0,0,0,0,1,low
2022,4,52,1085,13,16,1,9,156,0.0479,0.1859,0,1,0,1,1,1,0,0,low
2022,4,109,1329,15,18,1,14,188,0.082,0.1755,0,1,0,1,1,1,0,0,low
2022,4,57,762,13,16,1,8,111,0.0748,0.2613,0,0,0,1,NA,1,0,0,low
2022,4,68,1514,8,9,1,8,213,0.0449,0.0798,0,0,0,0,0,0,0,1,low
2022,4,109,1441,16,20,1,12,201,0.0756,0.1791,0,1,0,1,1,1,0,0,low
2022,4,63,858,13,14,1,7,124,0.0734,0.2177,0,1,0,0,0,0,0,1,low
2025,1,98,1434,13,16,1,11,180,0.0683,0.1611,1,1,1,1,1,1,0,0,high
2024,2,65,1461,10,10,1,10,220,0.0445,0.0909,0.6667,1,0.6667,1,1,1,0,0,medium
2023,3,80,1445,11,12,1,9,194,0.0554,0.1186,0.3333,1,0.3333,1,1,1,0,0,low
2023,3,76,1494,6,6,1,9,211,0.0509,0.0569,0.3333,1,0.3333,1,1,0,1,0,low
2023,3,101,1510,11,16,1,11,214,0.0669,0.1262,0.3333,1,0.3333,1,1,1,0,0,low
2023,3,160,1464,17,19,1,19,198,0.1093,0.1818,0.3333,1,0.3333,1,1,1,0,0,low
2022,4,78,1881,14,15,1,11,267,0.0415,0.1086,0,1,0,1,1,0,1,0,low
2022,4,60,2182,11,12,1,9,303,0.0275,0.0759,0,1,0,1,1,1,0,0,low
2022,4,85,2347,13,18,1,9,321,0.0362,0.0966,0,1,0,1,0,0,1,0,low
2022,4,98,2837,14,20,1,12,404,0.0345,0.0842,0,1,0,1,1,0,1,0,low
2022,4,67,1803,6,6,1,8,280,0.0372,0.0429,0,1,0,1,1,1,0,0,low
2022,4,68,857,13,14,1,9,118,0.0793,0.2288,0,1,0,1,1,1,0,0,low
2024,2,103,928,11,13,1,13,140,0.111,0.1714,0.6667,1,0.6667,1,1,1,0,0,medium
2024,2,76,1106,11,14,1,10,144,0.0687,0.1736,0.6667,1,0.6667,0,0,0,0,1,medium
2024,2,51,1877,14,16,1,6,262,0.0272,0.1145,0.6667,1,0.6667,0,0,0,0,1,medium
2023,3,70,1255,17,18,1,8,183,0.0558,0.1913,0.3333,1,0.3333,1,1,1,0,0,low
2023,3,97,1332,15,21,1,11,178,0.0728,0.2022,0.3333,1,0.3333,1,1,0,1,0,low
2023,3,78,1114,5,5,1,9,160,0.07,0.0625,0.3333,1,0.3333,1,1,1,0,0,low
2023,3,48,1237,20,20,1,8,183,0.0388,0.2186,0.3333,0,0.3333,1,0,1,0,0,low
2022,4,71,1122,15,17,1,10,160,0.0633,0.2,0,0,0,1,1,1,0,0,low
2022,4,62,1035,8,9,1,8,150,0.0599,0.1133,0,0,0,0,0,0,0,1,low
2022,4,82,1342,14,17,1,11,200,0.0611,0.155,0,1,0,1,1,0,1,0,low
2022,4,56,519,13,21,1,9,73,0.1079,0.4658,0,1,0,0,0,0,0,1,low
2022,4,73,902,10,14,1,8,120,0.0809,0.2,0,1,0,1,1,1,0,0,low
2022,4,81,1573,10,10,1,12,231,0.0515,0.0866,0,1,0,1,1,0,1,0,low
2022,4,41,1203,14,15,1,6,177,0.0341,0.1638,0,1,0,0,0,0,0,1,low
2022,4,59,1184,15,18,1,8,168,0.0498,0.1964,0,1,0,1,1,1,0,0,low
2024,2,137,1846,14,18,1,16,243,0.0742,0.1317,0.6667,1,0.6667,1,1,1,0,0,medium
2024,2,98,1111,11,14,1,14,153,0.0882,0.1634,0.6667,1,0.6667,1,1,0,1,0,medium
2023,3,67,1023,9,13,1,10,147,0.0655,0.1497,0.3333,1,0.3333,1,1,0,1,0,low
2023,3,92,1526,19,26,1,9,206,0.0603,0.2184,0.3333,1,0.3333,0,0,0,0,1,low
2023,3,82,7028,3,4,1,10,999,0.0117,0.007,0.3333,1,0.3333,1,1,0,1,0,low
2023,3,96,1301,10,13,1,11,191,0.0738,0.1204,0.3333,0,0.3333,1,1,1,0,0,low
2022,4,46,1283,15,16,1,6,192,0.0359,0.1615,0,1,0,1,1,0,1,0,low
2022,4,83,1048,15,19,1,11,159,0.0792,0.2138,0,1,0,1,1,1,0,0,low
2022,4,72,2185,12,21,1,9,325,0.033,0.1015,0,0,0,1,1,0,1,0,low
2022,4,69,1730,19,19,1,8,256,0.0399,0.1484,0,1,0,1,1,1,0,0,low
2022,4,152,1535,20,24,1,20,225,0.099,0.1956,0,1,0,0,0,0,0,1,low
2025,1,81,1041,9,11,1,10,130,0.0778,0.1538,1,1,1,0,0,0,0,1,high
2023,3,33,1817,9,11,1,4,253,0.0182,0.0791,0.3333,1,0.3333,0,0,0,0,1,low
2023,3,85,2156,13,18,1,11,321,0.0394,0.0966,0.3333,1,0.3333,1,0,1,0,0,low
2023,3,138,990,14,16,1,16,150,0.1394,0.2,0.3333,0,0.3333,1,1,0,1,0,low
2023,3,102,1496,12,17,1,13,186,0.0682,0.1559,0.3333,0,0.3333,1,1,1,0,0,low
2023,3,144,284,18,22,1,17,37,0.507,1.0811,0.3333,1,0.3333,0,0,0,0,1,low
2023,3,76,1447,8,10,1,10,200,0.0525,0.09,0.3333,1,0.3333,0,0,0,0,1,low
2022,4,54,1686,8,11,1,9,239,0.032,0.0795,0,1,0,1,1,0,1,0,low
2022,4,77,920,8,11,1,9,132,0.0837,0.1439,0,0,0,0,0,0,0,1,low
2022,4,63,1286,10,12,1,9,184,0.049,0.1196,0,1,0,1,1,1,0,0,low
2022,4,100,1024,8,11,1,14,148,0.0977,0.1284,0,0,0,1,1,0,1,0,low
2022,4,92,1142,11,11,1,12,186,0.0806,0.1183,0,1,0,1,1,1,0,0,low
2022,4,89,1132,16,16,1,11,167,0.0786,0.1916,0,1,0,1,1,1,0,0,low
2023,3,52,1071,16,21,1,8,157,0.0486,0.2357,0.3333,1,0.3333,1,0,0,1,0,low
2023,3,80,1166,17,23,1,9,175,0.0686,0.2286,0.3333,1,0.3333,0,0,0,0,1,low
2023,3,95,1195,14,18,1,11,171,0.0795,0.1871,0.3333,1,0.3333,0,0,0,0,1,low
2023,3,93,1642,9,12,1,11,220,0.0566,0.0955,0.3333,0,0.3333,0,0,0,0,1,low
2022,4,78,1322,14,19,1,10,189,0.059,0.1746,0,1,0,1,1,0,1,0,low
2022,4,108,1706,6,6,1,15,253,0.0633,0.0474,0,1,0,1,1,1,0,0,low
2022,4,135,2063,12,18,1,19,316,0.0654,0.0949,0,1,0,1,1,1,0,0,low
2022,4,66,1155,17,22,1,8,175,0.0571,0.2229,0,1,0,1,0,1,0,0,low
2022,4,68,1235,6,8,1,9,181,0.0551,0.0773,0,0,0,1,1,1,0,0,low
2022,4,114,1447,10,10,1,15,199,0.0788,0.1005,0,1,0,1,1,0,1,0,low
2022,4,63,1270,11,13,1,6,168,0.0496,0.1429,0,1,0,1,1,0,1,0,low
2022,4,69,967,14,17,1,9,150,0.0714,0.2067,0,1,0,1,1,1,0,0,low
2022,4,49,1280,14,17,1,5,175,0.0383,0.1771,0,0,0,1,1,1,0,0,low
2024,2,196,209,18,22,1,24,28,0.9378,1.4286,0.6667,1,0.6667,0,0,0,0,1,medium
2023,3,45,1042,13,22,1,6,160,0.0432,0.2188,0.3333,0,0.3333,1,1,0,1,0,low
2023,3,103,929,14,18,1,9,121,0.1109,0.2645,0.3333,1,0.3333,1,1,1,0,0,low
2023,3,99,1857,13,16,1,13,270,0.0533,0.1074,0.3333,1,0.3333,1,1,1,0,0,low
2023,3,82,1078,15,17,1,12,155,0.0761,0.2065,0.3333,1,0.3333,1,0,0,1,0,low
2022,4,87,1570,10,13,1,14,226,0.0554,0.1018,0,1,0,1,1,1,0,0,low
2022,4,69,1460,13,16,1,12,206,0.0473,0.1408,0,0,0,1,1,1,0,0,low
2022,4,101,2433,13,14,1,13,349,0.0415,0.0774,0,1,0,1,0,0,1,0,low
2022,4,113,1231,15,15,1,11,146,0.0918,0.2055,0,1,0,1,1,1,0,0,low
2022,4,49,2311,10,11,1,9,332,0.0212,0.0633,0,1,0,1,0,0,1,0,low
2022,4,106,1433,18,19,1,13,194,0.074,0.1907,0,1,0,1,1,0,1,0,low
2022,4,98,1383,11,14,1,12,207,0.0709,0.1208,0,1,0,1,1,1,0,0,low
2022,4,104,1365,8,10,1,13,198,0.0762,0.0909,0,1,0,1,1,1,0,0,low
2022,4,57,1501,10,13,1,5,196,0.038,0.1173,0,1,0,0,0,0,0,1,low
2024,2,151,1855,9,11,1,19,253,0.0814,0.0791,0.6667,1,0.6667,1,1,0,1,0,medium
2022,4,84,1020,14,20,1,7,137,0.0824,0.2482,0,0,0,0,0,0,0,1,low
2022,4,41,1164,14,18,1,6,144,0.0352,0.2222,0,1,0,1,1,1,0,0,low
2022,4,81,1028,14,19,1,12,150,0.0788,0.22,0,1,0,0,0,0,0,1,low
2022,4,126,1554,18,24,1,16,218,0.0811,0.1927,0,1,0,1,1,1,0,0,low
2022,4,112,1799,14,17,1,14,244,0.0623,0.127,0,1,0,1,0,0,1,0,low
2022,4,89,1318,12,18,1,11,195,0.0675,0.1538,0,1,0,1,1,1,0,0,low
2022,4,53,944,12,12,1,7,137,0.0561,0.1752,0,1,0,1,1,1,0,0,low
2022,4,155,1437,11,19,1,16,179,0.1079,0.1676,0,1,0,1,1,1,0,0,low
2022,4,104,91,13,18,1,12,16,1.1429,1.9375,0,1,0,0,0,0,0,1,low
2023,3,68,1553,14,22,1,9,229,0.0438,0.1572,0.3333,1,0.3333,1,0,0,1,0,low
2023,3,77,1659,11,17,1,8,242,0.0464,0.1157,0.3333,1,0.3333,0,0,0,0,1,low
2023,3,85,1081,10,15,1,8,157,0.0786,0.1592,0.3333,0,0.3333,0,0,0,0,1,low
2023,3,76,1702,15,20,1,8,237,0.0447,0.1477,0.3333,0,0.3333,1,0,0,1,0,low
2023,3,88,1457,7,7,1,10,201,0.0604,0.0697,0.3333,0,0.3333,1,1,1,0,0,low
2022,4,79,1310,15,16,1,8,183,0.0603,0.1694,0,0,0,0,0,0,0,1,low
2022,4,56,1486,14,16,1,8,217,0.0377,0.1382,0,1,0,1,1,1,0,0,low
2022,4,137,1483,11,14,1,19,210,0.0924,0.119,0,1,0,1,1,0,1,0,low
2022,4,72,1358,20,22,1,10,191,0.053,0.2199,0,1,0,1,1,1,0,0,low
2022,4,56,950,24,28,1,10,150,0.0589,0.3467,0,0,0,1,1,1,0,0,low
2022,4,77,1928,14,15,1,10,323,0.0399,0.0898,0,1,0,1,1,0,1,0,low
2022,4,96,1755,18,23,1,14,245,0.0547,0.1673,0,1,0,1,1,0,1,0,low
2022,4,68,1291,21,26,1,8,186,0.0527,0.2527,0,1,0,1,1,0,1,0,low
2022,4,89,2007,9,12,1,11,275,0.0443,0.0764,0,1,0,1,0,0,1,0,low
2024,2,55,869,16,21,1,6,125,0.0633,0.296,0.6667,0,0.6667,0,0,0,0,1,medium
2024,2,69,1016,8,10,1,9,150,0.0679,0.12,0.6667,1,0.6667,1,1,0,1,0,medium
2023,3,66,1474,17,20,1,10,210,0.0448,0.1762,0.3333,1,0.3333,1,1,1,0,0,low
2023,3,108,1269,12,12,1,12,169,0.0851,0.142,0.3333,0,0.3333,0,0,0,0,1,low
2023,3,92,1527,18,21,1,13,216,0.0602,0.1806,0.3333,1,0.3333,1,1,1,0,0,low
2023,3,72,1626,19,25,1,10,243,0.0443,0.1811,0.3333,1,0.3333,0,0,0,0,1,low
2023,3,95,1048,8,8,1,11,147,0.0906,0.1088,0.3333,1,0.3333,1,0,0,1,0,low
2023,3,66,1490,10,13,1,8,213,0.0443,0.108,0.3333,1,0.3333,0,0,0,0,1,low
2023,3,96,1024,15,19,1,12,140,0.0938,0.2429,0.3333,1,0.3333,1,1,1,0,0,low
2023,3,84,935,21,25,1,9,117,0.0898,0.3932,0.3333,1,0.3333,1,1,1,0,0,low
2023,3,116,2884,17,17,1,13,373,0.0402,0.0912,0.3333,1,0.3333,1,0,0,1,0,low
2022,4,89,1504,12,14,1,14,222,0.0592,0.1171,0,1,0,0,0,0,0,1,low
2022,4,58,1299,9,12,1,8,196,0.0446,0.1071,0,0,0,0,0,0,0,1,low
2022,4,80,1392,13,17,1,10,194,0.0575,0.1546,0,1,0,1,1,1,0,0,low
2022,4,69,1173,14,14,1,8,153,0.0588,0.183,0,1,0,1,1,1,0,0,low
2022,4,83,1575,19,22,1,11,222,0.0527,0.1847,0,1,0,1,1,1,0,0,low
2022,4,83,1386,14,17,1,12,185,0.0599,0.1676,0,1,0,1,1,1,0,0,low
2024,2,125,1473,11,13,1,18,201,0.0849,0.1194,0.6667,0,0.6667,1,1,1,0,0,medium
2023,3,48,838,17,24,1,8,128,0.0573,0.3203,0.3333,1,0.3333,1,1,1,0,0,low
2023,3,98,1039,11,15,1,13,143,0.0943,0.1818,0.3333,1,0.3333,0,0,0,0,1,low
2023,3,104,1148,10,13,1,15,154,0.0906,0.1494,0.3333,0,0.3333,1,0,0,1,0,low
2023,3,81,1354,6,8,1,10,183,0.0598,0.0765,0.3333,0,0.3333,0,0,0,0,1,low
2023,3,99,1102,14,17,1,11,165,0.0898,0.1879,0.3333,0,0.3333,1,1,0,1,0,low
2023,3,64,1186,14,20,1,6,165,0.054,0.2061,0.3333,0,0.3333,1,1,0,1,0,low
2023,3,84,1238,12,15,1,10,175,0.0679,0.1543,0.3333,1,0.3333,1,1,1,0,0,low
2023,3,111,1128,11,12,1,17,161,0.0984,0.1429,0.3333,1,0.3333,1,1,1,0,0,low
2023,3,95,1899,12,17,1,11,247,0.05,0.1174,0.3333,0,0.3333,0,0,0,0,1,low
2022,4,57,1346,15,18,1,5,182,0.0423,0.1813,0,0,0,0,0,0,0,1,low
2022,4,110,764,16,16,1,13,108,0.144,0.2963,0,1,0,0,0,0,0,1,low
2022,4,98,1063,11,12,1,13,154,0.0922,0.1494,0,1,0,1,1,0,1,0,low
2022,4,54,1193,11,17,1,8,182,0.0453,0.1538,0,0,0,1,1,0,1,0,low
2022,4,121,1108,6,7,1,14,156,0.1092,0.0833,0,1,0,1,0,0,1,0,low
2022,4,104,1365,12,17,1,13,198,0.0762,0.1465,0,1,0,1,1,1,0,0,low
2022,4,60,1802,8,12,1,7,249,0.0333,0.0803,0,1,0,1,1,1,0,0,low
2022,4,102,1645,15,19,1,15,247,0.062,0.1377,0,1,0,1,1,1,0,0,low
2022,4,118,1121,13,17,1,16,158,0.1053,0.1899,0,1,0,0,0,0,0,1,low
2022,4,111,1203,14,21,1,15,158,0.0923,0.2215,0,1,0,1,0,0,1,0,low
2022,4,88,1463,20,26,1,13,204,0.0602,0.2255,0,0,0,1,1,0,1,0,low
2022,4,70,866,14,15,1,7,133,0.0808,0.218,0,0,0,1,1,0,1,0,low
2022,4,65,1465,15,19,1,9,202,0.0444,0.1683,0,1,0,1,0,1,0,0,low
2023,3,114,608,11,13,1,14,98,0.1875,0.2449,0.3333,1,0.3333,1,1,1,0,0,low
2023,3,29,911,5,5,1,4,126,0.0318,0.0794,0.3333,1,0.3333,1,1,1,0,0,low
2023,3,89,1576,16,21,1,11,198,0.0565,0.1869,0.3333,1,0.3333,0,0,0,0,1,low
2023,3,132,1507,13,20,1,22,210,0.0876,0.1571,0.3333,1,0.3333,1,1,1,0,0,low
2023,3,115,1248,10,13,1,14,166,0.0921,0.1386,0.3333,1,0.3333,1,1,1,0,0,low
2022,4,101,2875,12,12,1,12,297,0.0351,0.0808,0,1,0,1,1,1,0,0,low
2022,4,103,1363,11,17,1,13,189,0.0756,0.1481,0,0,0,1,1,0,1,0,low
2022,4,74,1645,16,21,1,10,237,0.045,0.1561,0,1,0,1,1,1,0,0,low
2022,4,125,1312,14,25,1,15,176,0.0953,0.2216,0,0,0,1,1,0,1,0,low
2022,4,68,1357,9,10,1,10,204,0.0501,0.0931,0,0,0,1,1,1,0,0,low
2022,4,94,1332,11,13,1,12,193,0.0706,0.1244,0,1,0,1,1,0,1,0,low
2022,4,73,1704,14,18,1,11,242,0.0428,0.1322,0,1,0,1,1,0,1,0,low
2022,4,65,987,11,19,0,10,149,0.0659,0.2013,0,0,0,0,0,0,0,1,high
2022,4,100,1076,20,26,0,10,146,0.0929,0.3151,0,0,0,0,0,0,0,1,low
